/* title_screen.h
 * generated by png2gba program */

#define title_screen_width 240
#define title_screen_height 160

const unsigned short title_screen_data [] = {
    0x3CA0, 0x3CA0, 0x3CA0, 0x3CA0, 0x3CA0, 0x3CA0, 0x3CA0, 0x3CA0, 0x3CC7, 
    0x3CA0, 0x3CA0, 0x3CA0, 0x3CA0, 0x3CA0, 0x3CA0, 0x3CA0, 0x3CC7, 0x3CA0, 
    0x3CA0, 0x3CA0, 0x3CC7, 0x3CA0, 0x3CA0, 0x3CA0, 0x3CC7, 0x3CA0, 0x3CA0, 
    0x3CA0, 0x3CC7, 0x3CA0, 0x3CA0, 0x3CA0, 0x3CC7, 0x3CA0, 0x3CA0, 0x3CA0, 
    0x3CC7, 0x3CA0, 0x3CA0, 0x3CA0, 0x3CC7, 0x3CA0, 0x3CA0, 0x3CA0, 0x3CC7, 
    0x3CA0, 0x3CA0, 0x3CA0, 0x3CC7, 0x3CA0, 0x3CC7, 0x3CA0, 0x3CC7, 0x3CA0, 
    0x3CA0, 0x3CA0, 0x3CC7, 0x3CA0, 0x3CC7, 0x3CA0, 0x3CC7, 0x3CA0, 0x3CC7, 
    0x3CA0, 0x3CC7, 0x3CA0, 0x3CC7, 0x3CA0, 0x3CC7, 0x3CA0, 0x3CC7, 0x3CA0, 
    0x3CC7, 0x3CA0, 0x3CC7, 0x3CA0, 0x3CC7, 0x3CA0, 0x3CC7, 0x3CA0, 0x3CC7, 
    0x3CA0, 0x3CC7, 0x3CA0, 0x3CC7, 0x3CA0, 0x3CC7, 0x3CA0, 0x3CC7, 0x3CA0, 
    0x3CC7, 0x3CA0, 0x3CC7, 0x3CA0, 0x3CC7, 0x3CA0, 0x3CC7, 0x3CA0, 0x3CC7, 
    0x3CA0, 0x3CC7, 0x3CA0, 0x3CC7, 0x3CA0, 0x3CC7, 0x3CA0, 0x3CC7, 0x3CA0, 
    0x3CC7, 0x3CA0, 0x3CC7, 0x3CA0, 0x3CC7, 0x3CA0, 0x3CC7, 0x3CA0, 0x3CC7, 
    0x3CA0, 0x3CC7, 0x3CA0, 0x3CC7, 0x3CA0, 0x3CC7, 0x3CA0, 0x3CC7, 0x3CA0, 
    0x3CC7, 0x3CA0, 0x3CC7, 0x3CA0, 0x3CC7, 0x3CA0, 0x3CC7, 0x3CA0, 0x3CC7, 
    0x3CA0, 0x3CC7, 0x3CA0, 0x3CC7, 0x3CA0, 0x3CC7, 0x3CA0, 0x3CC7, 0x3CA0, 
    0x3CC7, 0x3CA0, 0x3CC7, 0x3CA0, 0x3CC7, 0x3CA0, 0x3CC7, 0x3CA0, 0x3CC7, 
    0x3CA0, 0x3CC7, 0x3CA0, 0x3CC7, 0x3CA0, 0x3CC7, 0x3CA0, 0x3CC7, 0x3CA0, 
    0x3CC7, 0x3CA0, 0x3CC7, 0x3CA0, 0x3CC7, 0x3CA0, 0x3CC7, 0x3CA0, 0x3CC7, 
    0x3CA0, 0x3CC7, 0x3CA0, 0x3CC7, 0x3CA0, 0x3CC7, 0x3CC7, 0x3CC7, 0x3CA0, 
    0x3CC7, 0x3CA0, 0x3CC7, 0x3CA0, 0x3CC7, 0x3CC7, 0x3CC7, 0x3CA0, 0x3CC7, 
    0x3CC7, 0x3CC7, 0x3CA0, 0x3CC7, 0x3CC7, 0x3CC7, 0x3CA0, 0x3CC7, 0x3CC7, 
    0x3CC7, 0x3CA0, 0x3CC7, 0x3CC7, 0x3CC7, 0x3CA0, 0x3CC7, 0x3CC7, 0x3CC7, 
    0x3CA0, 0x3CC7, 0x3CC7, 0x3CC7, 0x3CA0, 0x3CC7, 0x3CC7, 0x3CC7, 0x3CA0, 
    0x3CC7, 0x3CC7, 0x3CC7, 0x3CC7, 0x3CC7, 0x3CC7, 0x3CC7, 0x3CA0, 0x3CC7, 
    0x3CC7, 0x3CC7, 0x3CC7, 0x3CC7, 0x3CC7, 0x3CC7, 0x3CC7, 0x3CC7, 0x3CC7, 
    0x3CC7, 0x3CC7, 0x3CC7, 0x3CC7, 0x3CC7, 0x3CC7, 0x3CA0, 0x3CA0, 0x3CA0, 
    0x3CA0, 0x3CA0, 0x3CA0, 0x3CA0, 0x3CA0, 0x3CA0, 0x3CA0, 0x3CA0, 0x3CA0, 
    0x3CA0, 0x3CA0, 0x3CA0, 0x3CA0, 0x3CA0, 0x3CA0, 0x3CA0, 0x3CA0, 0x3CA0, 
    0x3CA0, 0x3CA0, 0x3CA0, 0x3CA0, 0x3CA0, 0x3CA0, 0x3CA0, 0x3CA0, 0x3CA0, 
    0x3CA0, 0x3CA0, 0x3CA0, 0x3CA0, 0x3CA0, 0x3CA0, 0x3CA0, 0x3CA0, 0x3CA0, 
    0x3CA0, 0x3CA0, 0x3CA0, 0x3CA0, 0x3CA0, 0x3CA0, 0x3CA0, 0x3CA0, 0x3CA0, 
    0x3CA0, 0x3CA0, 0x3CA0, 0x3CA0, 0x3CA0, 0x3CA0, 0x3CA0, 0x3CA0, 0x3CA0, 
    0x3CA0, 0x3CA0, 0x3CA0, 0x3CA0, 0x3CA0, 0x3CA0, 0x3CA0, 0x3CA0, 0x3CA0, 
    0x3CA0, 0x3CA0, 0x3CA0, 0x3CA0, 0x3CA0, 0x3CA0, 0x3CA0, 0x3CA0, 0x3CA0, 
    0x3CA0, 0x3CA0, 0x3CA0, 0x3CA0, 0x3CA0, 0x3CA0, 0x3CA0, 0x3CA0, 0x3CA0, 
    0x3CA0, 0x3CA0, 0x3CA0, 0x3CA0, 0x3CA0, 0x3CA0, 0x3CA0, 0x3CA0, 0x3CA0, 
    0x3CA0, 0x3CA0, 0x3CA0, 0x3CA0, 0x3CC7, 0x3CA0, 0x3CA0, 0x3CA0, 0x3CC7, 
    0x3CA0, 0x3CA0, 0x3CA0, 0x3CC7, 0x3CA0, 0x3CA0, 0x3CA0, 0x3CC7, 0x3CA0, 
    0x3CA0, 0x3CA0, 0x3CC7, 0x3CA0, 0x3CA0, 0x3CA0, 0x3CC7, 0x3CA0, 0x3CA0, 
    0x3CA0, 0x3CC7, 0x3CA0, 0x3CA0, 0x3CA0, 0x3CC7, 0x3CA0, 0x3CA0, 0x3CA0, 
    0x3CC7, 0x3CA0, 0x3CA0, 0x3CA0, 0x3CC7, 0x3CA0, 0x3CA0, 0x3CA0, 0x3CC7, 
    0x3CA0, 0x3CC7, 0x3CA0, 0x3CC7, 0x3CA0, 0x3CC7, 0x3CA0, 0x3CC7, 0x3CA0, 
    0x3CC7, 0x3CA0, 0x3CC7, 0x3CA0, 0x3CC7, 0x3CA0, 0x3CC7, 0x3CA0, 0x3CC7, 
    0x3CA0, 0x3CC7, 0x3CA0, 0x3CC7, 0x3CA0, 0x3CC7, 0x3CA0, 0x3CC7, 0x3CA0, 
    0x3CC7, 0x3CA0, 0x3CC7, 0x3CA0, 0x3CC7, 0x3CA0, 0x3CC7, 0x3CA0, 0x3CC7, 
    0x3CA0, 0x3CC7, 0x3CA0, 0x3CC7, 0x3CA0, 0x3CC7, 0x3CA0, 0x3CC7, 0x3CA0, 
    0x3CC7, 0x3CA0, 0x3CC7, 0x3CA0, 0x3CC7, 0x3CA0, 0x3CC7, 0x3CA0, 0x3CC7, 
    0x3CA0, 0x3CC7, 0x3CA0, 0x3CC7, 0x3CA0, 0x3CC7, 0x3CA0, 0x3CC7, 0x3CA0, 
    0x3CC7, 0x3CA0, 0x3CC7, 0x3CA0, 0x3CC7, 0x3CA0, 0x3CC7, 0x3CA0, 0x3CC7, 
    0x3CA0, 0x3CC7, 0x3CA0, 0x3CC7, 0x3CA0, 0x3CC7, 0x3CA0, 0x3CC7, 0x3CA0, 
    0x3CC7, 0x3CA0, 0x3CC7, 0x3CA0, 0x3CC7, 0x3CA0, 0x3CC7, 0x3CA0, 0x3CC7, 
    0x3CA0, 0x3CC7, 0x3CA0, 0x3CC7, 0x3CA0, 0x3CC7, 0x3CA0, 0x3CC7, 0x3CA0, 
    0x3CC7, 0x3CA0, 0x3CC7, 0x3CA0, 0x3CA0, 0x3CA0, 0x5EAB, 0x3CA0, 0x3CA0, 
    0x3CA0, 0x3CA0, 0x3CA0, 0x3CA0, 0x3CA0, 0x3CA0, 0x3CA0, 0x3CA0, 0x3CA0, 
    0x3CA0, 0x3CA0, 0x3CA0, 0x3CA0, 0x3CA0, 0x3CA0, 0x3CA0, 0x3CA0, 0x3CA0, 
    0x3CA0, 0x3CA0, 0x3CC7, 0x3CA0, 0x3CA0, 0x3CA0, 0x3CA0, 0x3CA0, 0x3CA0, 
    0x3CA0, 0x3CC7, 0x3CA0, 0x3CA0, 0x3CA0, 0x3CC7, 0x3CA0, 0x3CA0, 0x3CA0, 
    0x3CC7, 0x3CA0, 0x3CA0, 0x3CA0, 0x3CC7, 0x3CA0, 0x3CA0, 0x3CA0, 0x3CC7, 
    0x3CA0, 0x3CA0, 0x3CA0, 0x3CC7, 0x3CA0, 0x3CA0, 0x3CA0, 0x3CC7, 0x3CA0, 
    0x3CA0, 0x3CA0, 0x3CC7, 0x3CA0, 0x3CA0, 0x3CA0, 0x3CC7, 0x5EAB, 0x3CA0, 
    0x3CA0, 0x3CC7, 0x3CA0, 0x3CC7, 0x3CA0, 0x3CC7, 0x3CA0, 0x3CA0, 0x3CA0, 
    0x3CC7, 0x3CA0, 0x3CC7, 0x3CA0, 0x3CC7, 0x3CA0, 0x3CC7, 0x3CA0, 0x3CC7, 
    0x3CA0, 0x3CC7, 0x3CA0, 0x3CC7, 0x3CA0, 0x3CC7, 0x3CA0, 0x3CC7, 0x3CA0, 
    0x3CC7, 0x3CA0, 0x3CC7, 0x3CA0, 0x3CC7, 0x3CA0, 0x3CC7, 0x3CA0, 0x3CC7, 
    0x3CA0, 0x3CC7, 0x3CA0, 0x3CC7, 0x3CA0, 0x3CC7, 0x3CA0, 0x3CC7, 0x3CA0, 
    0x3CC7, 0x3CA0, 0x3CC7, 0x3CA0, 0x3CC7, 0x3CA0, 0x3CC7, 0x3CA0, 0x3CC7, 
    0x3CA0, 0x3CC7, 0x3CA0, 0x3CC7, 0x3CA0, 0x3CC7, 0x3CA0, 0x3CC7, 0x5EAB, 
    0x3CC7, 0x3CA0, 0x3CC7, 0x3CA0, 0x3CC7, 0x3CA0, 0x3CC7, 0x3CA0, 0x3CC7, 
    0x3CA0, 0x3CC7, 0x3CA0, 0x3CC7, 0x3CA0, 0x3CC7, 0x3CA0, 0x3CC7, 0x3CA0, 
    0x3CC7, 0x3CA0, 0x3CC7, 0x3CA0, 0x3CC7, 0x3CA0, 0x3CC7, 0x3CA0, 0x3CC7, 
    0x3CA0, 0x3CC7, 0x3CA0, 0x3CC7, 0x3CA0, 0x3CC7, 0x3CA0, 0x3CC7, 0x3CA0, 
    0x3CC7, 0x3CA0, 0x3CC7, 0x3CA0, 0x3CC7, 0x3CA0, 0x3CC7, 0x3CA0, 0x3CC7, 
    0x3CA0, 0x3CC7, 0x3CA0, 0x3CC7, 0x3CA0, 0x3CC7, 0x3CA0, 0x3CC7, 0x3CA0, 
    0x3CC7, 0x3CA0, 0x3CC7, 0x3CA0, 0x3CC7, 0x3CA0, 0x3CC7, 0x3CA0, 0x3CC7, 
    0x5ECC, 0x3CC7, 0x3CA0, 0x3CC7, 0x3CA0, 0x3CC7, 0x3CA0, 0x3CC7, 0x3CC7, 
    0x3CC7, 0x3CA0, 0x3CC7, 0x3CC7, 0x3CC7, 0x3CA0, 0x3CC7, 0x3CC7, 0x3CC7, 
    0x3CA0, 0x3CC7, 0x3CC7, 0x3CC7, 0x3CA0, 0x3CC7, 0x3CC7, 0x3CC7, 0x3CA0, 
    0x3CC7, 0x3CC7, 0x3CC7, 0x3CA0, 0x3CC7, 0x3CC7, 0x3CC7, 0x3CA0, 0x3CC7, 
    0x3CC7, 0x3CC7, 0x3CA0, 0x3CC7, 0x3CC7, 0x3CC7, 0x3CA0, 0x3CC7, 0x3CC7, 
    0x3CA0, 0x3CA0, 0x3CA0, 0x3CA0, 0x3CA0, 0x3CA0, 0x3CA0, 0x3CA0, 0x3CA0, 
    0x3CA0, 0x3CA0, 0x3CA0, 0x3CA0, 0x3CA0, 0x3CA0, 0x3CA0, 0x3CA0, 0x3CA0, 
    0x3CA0, 0x3CA0, 0x3CA0, 0x3CA0, 0x3CA0, 0x3CA0, 0x3CA0, 0x3CA0, 0x3CA0, 
    0x3CA0, 0x3CA0, 0x3CA0, 0x3CA0, 0x3CA0, 0x3CA0, 0x3CA0, 0x3CA0, 0x3CA0, 
    0x3CA0, 0x3CA0, 0x3CA0, 0x3CA0, 0x3CA0, 0x3CA0, 0x3CA0, 0x3CA0, 0x3CA0, 
    0x3CA0, 0x3CA0, 0x3CA0, 0x3CA0, 0x3CA0, 0x3CA0, 0x3CA0, 0x3CA0, 0x3CA0, 
    0x3CA0, 0x3CA0, 0x3CA0, 0x3CA0, 0x4257, 0x3CA0, 0x3CA0, 0x3CA0, 0x3CA0, 
    0x3CA0, 0x3CA0, 0x3CA0, 0x3CA0, 0x3CA0, 0x3CA0, 0x3CA0, 0x3CA0, 0x3CA0, 
    0x3CA0, 0x3CA0, 0x3CA0, 0x3CA0, 0x3CA0, 0x3CA0, 0x3CA0, 0x3CA0, 0x3CA0, 
    0x3CA0, 0x3CA0, 0x3CA0, 0x3CA0, 0x3CA0, 0x3CA0, 0x3CA0, 0x3CA0, 0x3CA0, 
    0x3CA0, 0x3CA0, 0x3CA0, 0x3CA0, 0x3CA0, 0x3CA0, 0x3CA0, 0x3CA0, 0x3CA0, 
    0x3CA0, 0x3CA0, 0x3CA0, 0x3CA0, 0x3CA0, 0x3CA0, 0x3CA0, 0x3CA0, 0x3CA0, 
    0x3CA0, 0x3CA0, 0x3CA0, 0x3CA0, 0x3CA0, 0x3CA0, 0x3CA0, 0x3CC7, 0x3CA0, 
    0x3CA0, 0x3CA0, 0x3CA0, 0x3CA0, 0x3CA0, 0x4257, 0x3CC7, 0x3CA0, 0x3CA0, 
    0x3CA0, 0x3CC7, 0x3CA0, 0x3CA0, 0x3CA0, 0x3CC7, 0x3CA0, 0x3CA0, 0x3CA0, 
    0x3CC7, 0x3CA0, 0x3CA0, 0x3CA0, 0x3CC7, 0x3CA0, 0x3CA0, 0x3CA0, 0x3CC7, 
    0x3CA0, 0x3CA0, 0x3CA0, 0x3CC7, 0x3CA0, 0x3CA0, 0x3CA0, 0x3CC7, 0x3CA0, 
    0x3CC7, 0x3CA0, 0x3CC7, 0x3CA0, 0x3CA0, 0x3CA0, 0x3CC7, 0x3CA0, 0x3CC7, 
    0x3CA0, 0x3CC7, 0x3CA0, 0x3CC7, 0x3CA0, 0x3CC7, 0x3CA0, 0x3CC7, 0x3CA0, 
    0x3CC7, 0x3CA0, 0x3CC7, 0x3CA0, 0x3CC7, 0x3CA0, 0x3CC7, 0x3CA0, 0x3CC7, 
    0x3CA0, 0x3CC7, 0x3CA0, 0x3CC7, 0x3CA0, 0x3CC7, 0x4257, 0x3CC7, 0x3CA0, 
    0x3CC7, 0x3CA0, 0x3CC7, 0x3CA0, 0x3CC7, 0x3CA0, 0x3CC7, 0x3CA0, 0x3CC7, 
    0x3CA0, 0x3CC7, 0x3CA0, 0x3CC7, 0x3CA0, 0x3CC7, 0x3CA0, 0x3CC7, 0x3CA0, 
    0x3CC7, 0x3CA0, 0x3CC7, 0x3CA0, 0x3CC7, 0x3CA0, 0x3CC7, 0x3CA0, 0x3CC7, 
    0x3CA0, 0x3CC7, 0x3CA0, 0x3CC7, 0x3CA0, 0x3CC7, 0x3CA0, 0x3CC7, 0x3CA0, 
    0x3CC7, 0x3CA0, 0x3CC7, 0x3CA0, 0x3CC7, 0x3CA0, 0x3CC7, 0x3CA0, 0x3CC7, 
    0x3CA0, 0x3CC7, 0x3CA0, 0x3CC7, 0x3CA0, 0x3CC7, 0x3CA0, 0x3CA0, 0x3CA0, 
    0x3CA0, 0x3CA0, 0x3CA0, 0x3CA0, 0x3CA0, 0x3CA0, 0x3CA0, 0x3CA0, 0x3CA0, 
    0x3CC7, 0x3CA0, 0x3CA0, 0x3CA0, 0x3CA0, 0x3CA0, 0x3CA0, 0x3CA0, 0x3CC7, 
    0x3CA0, 0x3CA0, 0x3CA0, 0x3CC7, 0x3CA0, 0x3CA0, 0x3CA0, 0x3CC7, 0x3CA0, 
    0x3CA0, 0x3CA0, 0x3CC7, 0x3CA0, 0x3CA0, 0x5EAB, 0x3CC7, 0x3CA0, 0x3CA0, 
    0x3CA0, 0x3CC7, 0x3CA0, 0x3CA0, 0x3CA0, 0x3CC7, 0x3CA0, 0x3CA0, 0x5EAB, 
    0x5ECC, 0x3CA0, 0x3CA0, 0x3CA0, 0x3CC7, 0x3CA0, 0x3CC7, 0x3CA0, 0x3CC7, 
    0x3CA0, 0x3CA0, 0x3CA0, 0x3CC7, 0x3CA0, 0x3CC7, 0x3CA0, 0x3CC7, 0x3CA0, 
    0x3CC7, 0x3CA0, 0x3CC7, 0x3CA0, 0x3CC7, 0x3CA0, 0x3CC7, 0x3CA0, 0x3CC7, 
    0x3CA0, 0x3CC7, 0x3CA0, 0x3CC7, 0x3CA0, 0x3CC7, 0x3CA0, 0x3CC7, 0x3CA0, 
    0x3CC7, 0x3CA0, 0x3CC7, 0x3CA0, 0x3CC7, 0x3CA0, 0x3CC7, 0x3CA0, 0x3CC7, 
    0x3CA0, 0x3CC7, 0x3CA0, 0x3CC7, 0x3CA0, 0x3CC7, 0x5EAB, 0x3CC7, 0x3CA0, 
    0x3CC7, 0x3CA0, 0x3CC7, 0x3CA0, 0x3CC7, 0x3CA0, 0x3CC7, 0x3CA0, 0x3CC7, 
    0x5EAB, 0x5ECC, 0x3CA0, 0x3CC7, 0x3CA0, 0x3CC7, 0x3CA0, 0x3CC7, 0x3CA0, 
    0x3CC7, 0x3CA0, 0x3CC7, 0x3CA0, 0x3CC7, 0x3CA0, 0x3CC7, 0x3CA0, 0x3CC7, 
    0x3CA0, 0x3CC7, 0x3CA0, 0x3CC7, 0x3CA0, 0x3CC7, 0x3CA0, 0x3CC7, 0x3CA0, 
    0x3CC7, 0x3CA0, 0x3CC7, 0x3CA0, 0x3CC7, 0x3CA0, 0x3CC7, 0x3CA0, 0x3CC7, 
    0x3CA0, 0x3CC7, 0x3CA0, 0x3CC7, 0x3CA0, 0x3CC7, 0x3CA0, 0x3CC7, 0x3CA0, 
    0x3CC7, 0x3CA0, 0x3CC7, 0x3CA0, 0x3CC7, 0x3CA0, 0x3CC7, 0x5EAB, 0x3CC7, 
    0x3CA0, 0x3CC7, 0x3CA0, 0x3CC7, 0x3CA0, 0x3CC7, 0x3CA0, 0x3CC7, 0x3CA0, 
    0x3CC7, 0x5EAB, 0x5ECC, 0x3CA0, 0x3CC7, 0x3CA0, 0x3CC7, 0x3CC7, 0x3CC7, 
    0x3CA0, 0x3CC7, 0x3CA0, 0x3CC7, 0x3CA0, 0x3CC7, 0x3CC7, 0x3CC7, 0x3CA0, 
    0x3CC7, 0x3CC7, 0x3CC7, 0x3CA0, 0x3CC7, 0x3CC7, 0x3CC7, 0x3CA0, 0x3CC7, 
    0x3CC7, 0x3CC7, 0x3CA0, 0x3CC7, 0x3CC7, 0x3CC7, 0x3CA0, 0x3CC7, 0x3CC7, 
    0x3CC7, 0x3CA0, 0x3CC7, 0x3CC7, 0x3CC7, 0x3CA0, 0x3CC7, 0x3CC7, 0x3CC7, 
    0x3CA0, 0x3CC7, 0x3CC7, 0x3CC7, 0x3CC7, 0x3CC7, 0x3CC7, 0x3CC7, 0x5EAB, 
    0x3CC7, 0x3CC7, 0x3CC7, 0x3CC7, 0x3CC7, 0x3CC7, 0x3CC7, 0x3CC7, 0x3CC7, 
    0x3CC7, 0x3CC7, 0x5ECC, 0x3CA0, 0x3CA0, 0x3CA0, 0x3CA0, 0x3CA0, 0x3CA0, 
    0x3CA0, 0x3CA0, 0x3CA0, 0x3CA0, 0x3CA0, 0x3CA0, 0x3CA0, 0x3CA0, 0x3CA0, 
    0x3CA0, 0x3CA0, 0x3CA0, 0x3CA0, 0x3CA0, 0x3CA0, 0x3CA0, 0x3CA0, 0x3CA0, 
    0x3CA0, 0x3CA0, 0x3CA0, 0x3CA0, 0x3CA0, 0x3CA0, 0x3CA0, 0x3CA0, 0x3CA0, 
    0x3CA0, 0x3CA0, 0x3CA0, 0x3CA0, 0x3CA0, 0x3CA0, 0x3CA0, 0x3CA0, 0x3CA0, 
    0x3CA0, 0x69D7, 0x3CA0, 0x3CA0, 0x3CA0, 0x5EAB, 0x5EAB, 0x3CA0, 0x3CA0, 
    0x3CA0, 0x3CA0, 0x3CA0, 0x3CA0, 0x3CA0, 0x3CA0, 0x3CA0, 0x3CA0, 0x3CA0, 
    0x3CA0, 0x3CA0, 0x3CA0, 0x3CA0, 0x3CA0, 0x3CA0, 0x3CA0, 0x3CA0, 0x3CA0, 
    0x3CA0, 0x3CA0, 0x3CA0, 0x3CA0, 0x3CA0, 0x3CA0, 0x3CA0, 0x3CA0, 0x3CA0, 
    0x3CA0, 0x3CA0, 0x3CA0, 0x3CA0, 0x3CA0, 0x3CA0, 0x3CA0, 0x3CA0, 0x3CA0, 
    0x3CA0, 0x3CA0, 0x3CA0, 0x3CA0, 0x3CA0, 0x3CA0, 0x3CC7, 0x3CA0, 0x3CA0, 
    0x3CA0, 0x3CA0, 0x3CA0, 0x3CA0, 0x3CA0, 0x3CC7, 0x3CA0, 0x3CA0, 0x3CA0, 
    0x3CC7, 0x3CA0, 0x69D7, 0x3CA0, 0x3CC7, 0x3CA0, 0x5EAB, 0x5EAB, 0x3CC7, 
    0x3CA0, 0x3CA0, 0x3CA0, 0x3CC7, 0x3CA0, 0x3CA0, 0x3CA0, 0x3CC7, 0x3CA0, 
    0x3CA0, 0x3CA0, 0x3CC7, 0x3CA0, 0x3CA0, 0x3CA0, 0x3CC7, 0x3CA0, 0x3CA0, 
    0x3CA0, 0x3CC7, 0x3CA0, 0x3CC7, 0x3CA0, 0x3CC7, 0x3CA0, 0x3CA0, 0x3CA0, 
    0x3CC7, 0x3CA0, 0x3CC7, 0x3CA0, 0x3CC7, 0x3CA0, 0x3CC7, 0x3CA0, 0x3CC7, 
    0x3CA0, 0x3CC7, 0x3CA0, 0x3CC7, 0x3CA0, 0x3CC7, 0x3CA0, 0x3CC7, 0x3CA0, 
    0x3CC7, 0x3CA0, 0x3CC7, 0x3CA0, 0x3CC7, 0x3CA0, 0x3CC7, 0x3CA0, 0x3CC7, 
    0x3CA0, 0x3CC7, 0x3CA0, 0x69D9, 0x3CA0, 0x3CC7, 0x3CA0, 0x5ECC, 0x5EAB, 
    0x3CC7, 0x3CA0, 0x3CC7, 0x3CA0, 0x3CC7, 0x3CA0, 0x3CC7, 0x3CA0, 0x3CC7, 
    0x3CA0, 0x3CC7, 0x3CA0, 0x3CC7, 0x3CA0, 0x3CC7, 0x3CA0, 0x3CC7, 0x3CA0, 
    0x3CC7, 0x3CA0, 0x3CC7, 0x3CA0, 0x3CC7, 0x3CA0, 0x3CC7, 0x3CA0, 0x3CC7, 
    0x3CA0, 0x3CC7, 0x3CA0, 0x3CC7, 0x3CA0, 0x3CC7, 0x3CA0, 0x3CC7, 0x3CA0, 
    0x3CC7, 0x3CA0, 0x3CC7, 0x3CA0, 0x3CC7, 0x3CA0, 0x3CC7, 0x3CA0, 0x3CC7, 
    0x3CA0, 0x3CC7, 0x3CA0, 0x3CC7, 0x3CA0, 0x3CC7, 0x3CA0, 0x3CC7, 0x3CA0, 
    0x3CC7, 0x3CA0, 0x3CC7, 0x3CA0, 0x69D9, 0x3CA0, 0x3CC7, 0x3CA0, 0x5ECC, 
    0x3CA0, 0x3CA0, 0x3CA0, 0x3CA0, 0x3CA0, 0x3CA0, 0x3CA0, 0x3CA0, 0x3CA0, 
    0x3CA0, 0x3CA0, 0x3CA0, 0x3CA0, 0x3CA0, 0x3CA0, 0x3CA0, 0x3CA0, 0x3CA0, 
    0x3CA0, 0x3CA0, 0x3CA0, 0x3CA0, 0x3CA0, 0x3CA0, 0x3CA0, 0x3CA0, 0x3CA0, 
    0x3CA0, 0x3CA0, 0x3CA0, 0x3CC7, 0x3CA0, 0x3CA0, 0x3CA0, 0x3CA0, 0x3CA0, 
    0x3CA0, 0x3CA0, 0x3CC7, 0x3CA0, 0x3CA0, 0x3CA0, 0x3CC7, 0x3CA0, 0x3CA0, 
    0x3CA0, 0x3CC7, 0x3CA0, 0x3CA0, 0x3CA0, 0x3CC7, 0x3CA0, 0x3CA0, 0x3CA0, 
    0x3CC7, 0x3CA0, 0x3CA0, 0x3CA0, 0x3CC7, 0x3CA0, 0x3CA0, 0x3CA0, 0x3CC7, 
    0x3CA0, 0x3CA0, 0x3CA0, 0x3CC7, 0x3CA0, 0x3CA0, 0x3CA0, 0x3CC7, 0x3CA0, 
    0x3CA0, 0x3CA0, 0x3CC7, 0x3CA0, 0x3CC7, 0x3CA0, 0x3CC7, 0x3CA0, 0x3CA0, 
    0x3CA0, 0x3CC7, 0x3CA0, 0x3CC7, 0x3CA0, 0x3CC7, 0x3CA0, 0x3CC7, 0x3CA0, 
    0x3CC7, 0x3CA0, 0x3CC7, 0x3CA0, 0x3CC7, 0x3CA0, 0x3CC7, 0x3CA0, 0x3CC7, 
    0x3CA0, 0x3CC7, 0x3CA0, 0x3CC7, 0x3CA0, 0x3CC7, 0x3CA0, 0x3CC7, 0x3CA0, 
    0x3CC7, 0x3CA0, 0x3CC7, 0x3CA0, 0x3CC7, 0x3CA0, 0x3CC7, 0x3CA0, 0x3CC7, 
    0x3CA0, 0x3CC7, 0x3CA0, 0x3CC7, 0x3CA0, 0x3CC7, 0x3CA0, 0x3CC7, 0x3CA0, 
    0x3CC7, 0x3CA0, 0x3CC7, 0x3CA0, 0x3CC7, 0x3CA0, 0x3CC7, 0x3CA0, 0x3CC7, 
    0x3CA0, 0x3CC7, 0x3CA0, 0x3CC7, 0x3CA0, 0x3CC7, 0x3CA0, 0x3CC7, 0x3CA0, 
    0x3CC7, 0x3CA0, 0x3CC7, 0x3CA0, 0x3CC7, 0x3CA0, 0x3CC7, 0x3CA0, 0x3CC7, 
    0x3CA0, 0x3CC7, 0x3CA0, 0x3CC7, 0x3CA0, 0x3CC7, 0x3CA0, 0x3CC7, 0x3CA0, 
    0x3CC7, 0x3CA0, 0x3CC7, 0x3CA0, 0x3CC7, 0x3CA0, 0x3CC7, 0x3CA0, 0x3CC7, 
    0x3CA0, 0x3CC7, 0x3CA0, 0x3CC7, 0x3CA0, 0x3CC7, 0x3CA0, 0x3CC7, 0x3CA0, 
    0x3CC7, 0x3CA0, 0x3CC7, 0x3CA0, 0x3CC7, 0x3CA0, 0x3CC7, 0x3CA0, 0x3CC7, 
    0x3CA0, 0x3CC7, 0x3CA0, 0x3CC7, 0x3CA0, 0x3CC7, 0x3CA0, 0x3CC7, 0x3CA0, 
    0x3CC7, 0x3CC7, 0x3CC7, 0x3CA0, 0x3CC7, 0x3CA0, 0x3CC7, 0x3CA0, 0x3CC7, 
    0x3CC7, 0x3CC7, 0x3CA0, 0x3CC7, 0x3CC7, 0x3CC7, 0x3CA0, 0x3CC7, 0x3CC7, 
    0x3CC7, 0x3CA0, 0x3CC7, 0x3CC7, 0x3CC7, 0x3CA0, 0x3CC7, 0x3CC7, 0x3CC7, 
    0x3CA0, 0x3CC7, 0x3CC7, 0x3CC7, 0x3CA0, 0x3CC7, 0x3CC7, 0x3CC7, 0x3CA0, 
    0x3CC7, 0x3CC7, 0x3CC7, 0x3CA0, 0x3CC7, 0x3CC7, 0x3CA0, 0x3CA0, 0x3CA0, 
    0x3CA0, 0x3CA0, 0x3CA0, 0x3CA0, 0x3CA0, 0x3CA0, 0x3CA0, 0x3CA0, 0x3CA0, 
    0x3CA0, 0x3CA0, 0x3CA0, 0x3CA0, 0x3CA0, 0x3CA0, 0x3CA0, 0x3CA0, 0x3CA0, 
    0x3CA0, 0x3CA0, 0x3CA0, 0x3CA0, 0x3CA0, 0x3CA0, 0x3CA0, 0x3CA0, 0x3CA0, 
    0x3CA0, 0x3CA0, 0x3CA0, 0x3CA0, 0x3CA0, 0x3CA0, 0x3CA0, 0x3CA0, 0x3CA0, 
    0x3CA0, 0x3CA0, 0x3CA0, 0x3CA0, 0x3CA0, 0x3CA0, 0x3CA0, 0x3CA0, 0x3CA0, 
    0x3CA0, 0x3CA0, 0x3CA0, 0x3CA0, 0x3CA0, 0x3CA0, 0x3CA0, 0x3CA0, 0x3CA0, 
    0x3CA0, 0x3CA0, 0x3CA0, 0x3CA0, 0x3CA0, 0x3CA0, 0x3CA0, 0x3CA0, 0x3CA0, 
    0x3CA0, 0x3CA0, 0x3CA0, 0x3CA0, 0x3CA0, 0x3CA0, 0x3CA0, 0x3CA0, 0x3CA0, 
    0x3CA0, 0x3CA0, 0x3CA0, 0x3CA0, 0x3CA0, 0x3CA0, 0x3CA0, 0x3CA0, 0x3CA0, 
    0x3CA0, 0x3CA0, 0x3CA0, 0x3CA0, 0x3CA0, 0x3CA0, 0x3CA0, 0x3CA0, 0x3CA0, 
    0x3CA0, 0x3CA0, 0x3CA0, 0x3CA0, 0x3CA0, 0x3CA0, 0x3CA0, 0x3CA0, 0x3CA0, 
    0x3CA0, 0x3CA0, 0x3CA0, 0x3CA0, 0x3CA0, 0x3CA0, 0x3CA0, 0x3CA0, 0x3CA0, 
    0x3CA0, 0x3CA0, 0x3CA0, 0x3CA0, 0x3CA0, 0x3CA0, 0x3CA0, 0x3CA0, 0x3CC7, 
    0x3CA0, 0x3CA0, 0x3CA0, 0x3CC7, 0x3CA0, 0x3CA0, 0x3CA0, 0x3CC7, 0x3CA0, 
    0x3CA0, 0x3CA0, 0x3CC7, 0x3CA0, 0x3CA0, 0x3CA0, 0x3CC7, 0x3CA0, 0x3CA0, 
    0x3CA0, 0x3CC7, 0x3CA0, 0x3CA0, 0x3CA0, 0x3CC7, 0x3CA0, 0x3CA0, 0x3CA0, 
    0x3CC7, 0x3CA0, 0x3CA0, 0x3CA0, 0x3CC7, 0x3CA0, 0x3CA0, 0x3CA0, 0x3CC7, 
    0x3CA0, 0x3CC7, 0x3CA0, 0x3CC7, 0x3CA0, 0x3CA0, 0x3CA0, 0x3CC7, 0x3CA0, 
    0x3CC7, 0x3CA0, 0x3CC7, 0x3CA0, 0x3CC7, 0x3CA0, 0x3CC7, 0x3CA0, 0x3CC7, 
    0x3CA0, 0x3CC7, 0x3CA0, 0x3CC7, 0x3CA0, 0x3CC7, 0x3CA0, 0x3CC7, 0x3CA0, 
    0x3CC7, 0x3CA0, 0x3CC7, 0x3CA0, 0x3CC7, 0x3CA0, 0x3CC7, 0x3CA0, 0x3CC7, 
    0x3CA0, 0x3CC7, 0x3CA0, 0x3CC7, 0x3CA0, 0x3CC7, 0x3CA0, 0x3CC7, 0x3CA0, 
    0x3CC7, 0x3CA0, 0x3CC7, 0x3CA0, 0x3CC7, 0x3CA0, 0x3CC7, 0x3CA0, 0x3CC7, 
    0x3CA0, 0x3CC7, 0x3CA0, 0x3CC7, 0x3CA0, 0x3CC7, 0x3CA0, 0x3CC7, 0x3CA0, 
    0x3CC7, 0x3CA0, 0x3CC7, 0x3CA0, 0x3CC7, 0x3CA0, 0x3CC7, 0x3CA0, 0x3CC7, 
    0x3CA0, 0x3CC7, 0x3CA0, 0x3CC7, 0x3CA0, 0x3CC7, 0x3CA0, 0x3CC7, 0x3CA0, 
    0x3CC7, 0x3CA0, 0x3CC7, 0x3CC7, 0x3CA0, 0x3CA0, 0x3CA0, 0x3CA0, 0x3CA0, 
    0x3CA0, 0x3CA0, 0x3CC7, 0x3CA0, 0x3CA0, 0x3CA0, 0x3CC7, 0x3CA0, 0x3CA0, 
    0x3CA0, 0x3CC7, 0x3CA0, 0x3CA0, 0x3CA0, 0x3CC7, 0x3CA0, 0x3CA0, 0x3CA0, 
    0x3CC7, 0x3CA0, 0x3CA0, 0x3CA0, 0x3CC7, 0x3CA0, 0x3CA0, 0x3CA0, 0x3CC7, 
    0x3CA0, 0x3CA0, 0x3CA0, 0x3CC7, 0x3CA0, 0x3CA0, 0x3CA0, 0x3CC7, 0x3CA0, 
    0x3CA0, 0x3CA0, 0x3CC7, 0x3CA0, 0x3CA0, 0x3CA0, 0x3CC7, 0x3CA0, 0x3CC7, 
    0x3CA0, 0x3CC7, 0x3CA0, 0x3CC7, 0x3CA0, 0x3CC7, 0x3CA0, 0x3CC7, 0x3CA0, 
    0x3CC7, 0x3CA0, 0x3CC7, 0x3CA0, 0x3CC7, 0x3CA0, 0x3CC7, 0x3CA0, 0x3CC7, 
    0x3CA0, 0x3CC7, 0x3CA0, 0x3CC7, 0x3CA0, 0x3CC7, 0x3CA0, 0x3CC7, 0x3CA0, 
    0x3CC7, 0x3CA0, 0x3CC7, 0x3CA0, 0x3CC7, 0x3CA0, 0x3CC7, 0x3CA0, 0x3CC7, 
    0x3CA0, 0x3CC7, 0x3CA0, 0x3CC7, 0x3CA0, 0x3CC7, 0x3CA0, 0x3CC7, 0x3CA0, 
    0x3CC7, 0x3CA0, 0x3CC7, 0x3CA0, 0x3CC7, 0x3CA0, 0x3CC7, 0x3CA0, 0x3CC7, 
    0x3CA0, 0x3CC7, 0x3CA0, 0x3CC7, 0x3CA0, 0x3CC7, 0x3CA0, 0x3CC7, 0x3CA0, 
    0x3CC7, 0x3CA0, 0x3CC7, 0x3CA0, 0x3CC7, 0x3CA0, 0x3CC7, 0x3CA0, 0x3CC7, 
    0x3CA0, 0x3CC7, 0x3CA0, 0x3CC7, 0x3CA0, 0x3CC7, 0x3CA0, 0x3CC7, 0x3CA0, 
    0x3CC7, 0x3CA0, 0x3CC7, 0x3CA0, 0x3CC7, 0x3CA0, 0x3CC7, 0x3CA0, 0x3CC7, 
    0x3CA0, 0x3CC7, 0x3CA0, 0x3CC7, 0x3CA0, 0x3CC7, 0x3CA0, 0x3CC7, 0x3CA0, 
    0x3CC7, 0x3CA0, 0x3CC7, 0x3CA0, 0x3CC7, 0x3CA0, 0x3CC7, 0x3CA0, 0x3CC7, 
    0x3CA0, 0x3CC7, 0x3CA0, 0x3CC7, 0x3CA0, 0x3CC7, 0x3CA0, 0x3CC7, 0x3CA0, 
    0x3CC7, 0x3CA0, 0x3CC7, 0x3CA0, 0x3CC7, 0x3CA0, 0x3CC7, 0x3CA0, 0x3CC7, 
    0x3CC7, 0x3CC7, 0x3CA0, 0x3CC7, 0x3CC7, 0x3CC7, 0x3CA0, 0x3CC7, 0x3CC7, 
    0x3CC7, 0x3CA0, 0x3CC7, 0x3CC7, 0x3CC7, 0x3CA0, 0x3CC7, 0x3CC7, 0x3CC7, 
    0x3CA0, 0x3CC7, 0x3CC7, 0x3CC7, 0x3CA0, 0x3CC7, 0x3CC7, 0x3CC7, 0x3CA0, 
    0x3CC7, 0x3CC7, 0x3CC7, 0x3CA0, 0x3CC7, 0x3CC7, 0x3CC7, 0x3CA0, 0x3CC7, 
    0x3CC7, 0x3CC7, 0x3CA0, 0x3CC7, 0x3CC7, 0x3CC7, 0x3CC7, 0x3CC7, 0x3CC7, 
    0x3CC7, 0x3CC7, 0x3CC7, 0x3CC7, 0x3CC7, 0x3CC7, 0x3CC7, 0x3CC7, 0x3CC7, 
    0x3CC7, 0x3CC7, 0x3CC7, 0x3CC7, 0x3CC7, 0x3CC7, 0x3CC7, 0x3CC7, 0x3CC7, 
    0x3CA0, 0x3CA0, 0x3CA0, 0x3CA0, 0x3CA0, 0x3CA0, 0x3CA0, 0x3CA0, 0x3CA0, 
    0x3CA0, 0x3CA0, 0x3CA0, 0x3CA0, 0x3CA0, 0x3CA0, 0x3CA0, 0x3CA0, 0x3CA0, 
    0x3CA0, 0x3CA0, 0x3CA0, 0x3CA0, 0x3CA0, 0x3CA0, 0x3CA0, 0x3CA0, 0x3CA0, 
    0x514E, 0x514E, 0x3CA0, 0x3CA0, 0x3CA0, 0x3CA0, 0x3CA0, 0x3CA0, 0x3CA0, 
    0x3CA0, 0x3CA0, 0x3CA0, 0x3CA0, 0x3CA0, 0x3CA0, 0x3CA0, 0x3CA0, 0x3CA0, 
    0x3CA0, 0x3CA0, 0x3CA0, 0x3CA0, 0x3CA0, 0x3CA0, 0x3CA0, 0x3CA0, 0x3CA0, 
    0x3CA0, 0x3CA0, 0x3CA0, 0x3CA0, 0x3CA0, 0x3CA0, 0x3CA0, 0x3CA0, 0x3CA0, 
    0x3CA0, 0x3CA0, 0x3CA0, 0x3CA0, 0x3CA0, 0x3CA0, 0x3CA0, 0x3CA0, 0x3CA0, 
    0x3CA0, 0x3CA0, 0x3CA0, 0x3CA0, 0x3CA0, 0x3CA0, 0x3CA0, 0x3CA0, 0x3CA0, 
    0x3CA0, 0x3CA0, 0x3CA0, 0x3CA0, 0x3CA0, 0x3CA0, 0x3CA0, 0x3CA0, 0x3CC7, 
    0x3CA0, 0x514E, 0x514E, 0x3CA0, 0x3CA0, 0x3CA0, 0x3CA0, 0x3CC7, 0x3CA0, 
    0x3CA0, 0x3CA0, 0x3CC7, 0x3CA0, 0x3CA0, 0x3CA0, 0x3CC7, 0x3CA0, 0x3CA0, 
    0x3CA0, 0x3CC7, 0x3CA0, 0x3CA0, 0x3CA0, 0x3CC7, 0x3CA0, 0x3CA0, 0x3CA0, 
    0x3CC7, 0x3CA0, 0x3CA0, 0x3CA0, 0x3CC7, 0x3CA0, 0x3CA0, 0x3CA0, 0x3CC7, 
    0x3CA0, 0x3CA0, 0x3CA0, 0x3CC7, 0x3CA0, 0x3CC7, 0x3CA0, 0x3CC7, 0x3CA0, 
    0x3CA0, 0x3CA0, 0x3CC7, 0x3CA0, 0x3CC7, 0x3CA0, 0x3CC7, 0x3CA0, 0x3CC7, 
    0x3CA0, 0x3CC7, 0x3CA0, 0x3CC7, 0x3CA0, 0x3CC7, 0x3CA0, 0x3CC7, 0x3CA0, 
    0x3CC7, 0x3CA0, 0x5150, 0x514E, 0x3CC7, 0x3CA0, 0x3CC7, 0x3CA0, 0x3CC7, 
    0x3CA0, 0x3CC7, 0x3CA0, 0x3CC7, 0x3CA0, 0x3CC7, 0x3CA0, 0x3CC7, 0x3CA0, 
    0x3CC7, 0x3CA0, 0x3CC7, 0x3CA0, 0x3CC7, 0x3CA0, 0x3CC7, 0x3CA0, 0x3CC7, 
    0x3CA0, 0x3CC7, 0x3CA0, 0x3CC7, 0x3CA0, 0x3CC7, 0x3CA0, 0x3CC7, 0x3CA0, 
    0x3CC7, 0x3CA0, 0x3CC7, 0x3CA0, 0x3CC7, 0x3CA0, 0x3CC7, 0x3CA0, 0x3CC7, 
    0x3CA0, 0x3CC7, 0x3CA0, 0x3CC7, 0x3CA0, 0x3CC7, 0x3CA0, 0x3CC7, 0x3CA0, 
    0x3CC7, 0x3CA0, 0x3CC7, 0x3CA0, 0x3CC7, 0x3CA0, 0x3CC7, 0x3CA0, 0x3CC7, 
    0x3CA0, 0x3CC7, 0x3CA0, 0x5150, 0x514E, 0x3CC7, 0x3CA0, 0x3CC7, 0x3CA0, 
    0x3CC7, 0x3CA0, 0x3CC7, 0x3CA0, 0x3CC7, 0x3CA0, 0x3CC7, 0x3CA0, 0x3CC7, 
    0x3CA0, 0x3CC7, 0x3CA0, 0x3CC7, 0x3CA0, 0x3CC7, 0x3CA0, 0x3CA0, 0x3CA0, 
    0x3CA0, 0x3CA0, 0x3CA0, 0x3CA0, 0x3CA0, 0x3CA0, 0x3CA0, 0x3CA0, 0x3CA0, 
    0x3CA0, 0x3CA0, 0x3CA0, 0x3CA0, 0x3CA0, 0x3CA0, 0x3CA0, 0x3CA0, 0x3CA0, 
    0x3CA0, 0x3CA0, 0x3CA0, 0x3CA0, 0x3CA0, 0x3CC7, 0x514E, 0x514E, 0x3CA0, 
    0x3CA0, 0x3CA0, 0x3CA0, 0x3CA0, 0x3CC7, 0x3CA0, 0x3CA0, 0x3CA0, 0x3CC7, 
    0x3CA0, 0x3CA0, 0x3CA0, 0x3CC7, 0x3CA0, 0x3CA0, 0x3CA0, 0x3CC7, 0x3CA0, 
    0x3CA0, 0x3CA0, 0x3CC7, 0x3CA0, 0x3CA0, 0x3CA0, 0x3CC7, 0x3CA0, 0x3CA0, 
    0x3CA0, 0x3CC7, 0x3CA0, 0x3CA0, 0x3CA0, 0x3CC7, 0x3CA0, 0x3CC7, 0x3CA0, 
    0x3CC7, 0x3CA0, 0x3CA0, 0x3CA0, 0x3CC7, 0x3CA0, 0x3CC7, 0x3CA0, 0x3CC7, 
    0x3CA0, 0x3CC7, 0x3CA0, 0x3CC7, 0x3CA0, 0x3CC7, 0x3CA0, 0x3CC7, 0x3CA0, 
    0x3CC7, 0x3CA0, 0x3CC7, 0x3CA0, 0x3CC7, 0x3CA0, 0x3CC7, 0x514E, 0x5150, 
    0x3CA0, 0x3CC7, 0x3CA0, 0x3CC7, 0x3CA0, 0x3CC7, 0x3CA0, 0x3CC7, 0x3CA0, 
    0x3CC7, 0x3CA0, 0x3CC7, 0x3CA0, 0x3CC7, 0x3CA0, 0x3CC7, 0x3CA0, 0x3CC7, 
    0x3CA0, 0x3CC7, 0x3CA0, 0x3CC7, 0x3CA0, 0x3CC7, 0x3CA0, 0x3CC7, 0x3CA0, 
    0x3CC7, 0x3CA0, 0x3CC7, 0x3CA0, 0x3CC7, 0x3CA0, 0x3CC7, 0x3CA0, 0x3CC7, 
    0x3CA0, 0x3CC7, 0x3CA0, 0x3CC7, 0x3CA0, 0x3CC7, 0x3CA0, 0x3CC7, 0x3CA0, 
    0x3CC7, 0x3CA0, 0x3CC7, 0x3CA0, 0x3CC7, 0x3CA0, 0x3CC7, 0x3CA0, 0x3CC7, 
    0x3CA0, 0x3CC7, 0x3CA0, 0x3CC7, 0x3CA0, 0x3CC7, 0x3CA0, 0x3CC7, 0x514E, 
    0x5150, 0x3CA0, 0x3CC7, 0x3CA0, 0x3CC7, 0x3CA0, 0x3CC7, 0x3CA0, 0x3CC7, 
    0x3CA0, 0x3CC7, 0x3CA0, 0x3CC7, 0x3CA0, 0x3CC7, 0x3CA0, 0x3CC7, 0x3CA0, 
    0x3CC7, 0x3CA0, 0x3CC7, 0x3CA0, 0x3CC7, 0x3CA0, 0x3CC7, 0x3CA0, 0x3CC7, 
    0x3CA0, 0x3CC7, 0x3CA0, 0x3CC7, 0x3CA0, 0x3CC7, 0x3CA0, 0x3CC7, 0x3CA0, 
    0x3CC7, 0x3CA0, 0x3CC7, 0x3CC7, 0x3CC7, 0x3CA0, 0x3CC7, 0x3CA0, 0x3CC7, 
    0x3CA0, 0x3CC7, 0x3CC7, 0x3CC7, 0x3CA0, 0x3CC7, 0x3CC7, 0x3CC7, 0x3CA0, 
    0x3CC7, 0x3CC7, 0x3CC7, 0x3CA0, 0x3CC7, 0x3CC7, 0x3CC7, 0x3CA0, 0x3CC7, 
    0x5150, 0x5150, 0x3CA0, 0x3CC7, 0x3CC7, 0x3CC7, 0x3CA0, 0x3CC7, 0x3CC7, 
    0x3CC7, 0x3CA0, 0x3CC7, 0x3CC7, 0x3CC7, 0x3CC7, 0x3CC7, 0x3CC7, 0x3CC7, 
    0x3CA0, 0x3CC7, 0x3CC7, 0x3CA0, 0x3CA0, 0x3CA0, 0x3CA0, 0x3CA0, 0x3CA0, 
    0x3CA0, 0x3CA0, 0x3CA0, 0x3CA0, 0x3CA0, 0x3CA0, 0x3CA0, 0x3CA0, 0x3CA0, 
    0x3CA0, 0x3CA0, 0x3CA0, 0x3CA0, 0x3CA0, 0x3CA0, 0x3CA0, 0x3CA0, 0x3CA0, 
    0x3CA0, 0x3CA0, 0x3CA0, 0x3CA0, 0x3CA0, 0x3CA0, 0x3CA0, 0x3CA0, 0x3CA0, 
    0x3CA0, 0x3CA0, 0x3CA0, 0x3CA0, 0x3CA0, 0x3CA0, 0x3CA0, 0x3CA0, 0x3CA0, 
    0x4D23, 0x3CA0, 0x3CA0, 0x3CA0, 0x3CA0, 0x3CA0, 0x3CA0, 0x4D23, 0x3CA0, 
    0x3CA0, 0x3CA0, 0x3CA0, 0x3CA0, 0x3CA0, 0x3CA0, 0x3CA0, 0x3CA0, 0x3CA0, 
    0x3CA0, 0x514E, 0x3CA0, 0x3CA0, 0x3CA0, 0x3CA0, 0x3CA0, 0x3CA0, 0x3CA0, 
    0x3CA0, 0x3CA0, 0x3CA0, 0x3CA0, 0x3CA0, 0x3CA0, 0x3CA0, 0x3CA0, 0x3CA0, 
    0x3CA0, 0x3CA0, 0x3CA0, 0x3CA0, 0x3CA0, 0x3CA0, 0x3CA0, 0x3CA0, 0x3CA0, 
    0x3CA0, 0x3CA0, 0x3CA0, 0x3CA0, 0x3CA0, 0x3CA0, 0x3CA0, 0x3CA0, 0x3CA0, 
    0x3CA0, 0x3CA0, 0x3CA0, 0x3CA0, 0x3CA0, 0x3CA0, 0x3CA0, 0x3CA0, 0x3CA0, 
    0x3CA0, 0x4D23, 0x3CC7, 0x3CA0, 0x3CA0, 0x3CA0, 0x3CA0, 0x3CA0, 0x4D23, 
    0x3CA0, 0x3CC7, 0x3CA0, 0x3CA0, 0x3CA0, 0x3CC7, 0x3CA0, 0x3CA0, 0x3CA0, 
    0x3CC7, 0x3CA0, 0x514E, 0x3CA0, 0x3CC7, 0x3CA0, 0x3CA0, 0x3CA0, 0x3CC7, 
    0x3CA0, 0x3CA0, 0x3CA0, 0x3CC7, 0x3CA0, 0x3CA0, 0x3CA0, 0x3CC7, 0x3CA0, 
    0x3CA0, 0x3CA0, 0x3CC7, 0x3CA0, 0x3CA0, 0x3CA0, 0x3CC7, 0x3CA0, 0x3CA0, 
    0x3CA0, 0x3CC7, 0x3CA0, 0x3CC7, 0x3CA0, 0x3CC7, 0x3CA0, 0x3CA0, 0x3CA0, 
    0x3CC7, 0x3CA0, 0x3CC7, 0x3CA0, 0x3CC7, 0x3CA0, 0x3CC7, 0x3CA0, 0x3CC7, 
    0x3CA0, 0x3CC7, 0x4D23, 0x3CC7, 0x3CA0, 0x3CC7, 0x3CA0, 0x3CC7, 0x3CA0, 
    0x4D25, 0x3CA0, 0x3CC7, 0x3CA0, 0x3CC7, 0x3CA0, 0x3CC7, 0x3CA0, 0x3CC7, 
    0x3CA0, 0x3CC7, 0x3CA0, 0x5150, 0x3CA0, 0x3CC7, 0x3CA0, 0x3CC7, 0x3CA0, 
    0x3CC7, 0x3CA0, 0x3CC7, 0x3CA0, 0x3CC7, 0x3CA0, 0x3CC7, 0x3CA0, 0x3CC7, 
    0x3CA0, 0x3CC7, 0x3CA0, 0x3CC7, 0x3CA0, 0x3CC7, 0x3CA0, 0x3CC7, 0x3CA0, 
    0x3CC7, 0x3CA0, 0x3CC7, 0x3CA0, 0x3CC7, 0x3CA0, 0x3CC7, 0x3CA0, 0x3CC7, 
    0x3CA0, 0x3CC7, 0x3CA0, 0x3CC7, 0x3CA0, 0x3CC7, 0x3CA0, 0x3CC7, 0x3CA0, 
    0x3CC7, 0x3CA0, 0x3CC7, 0x4D23, 0x3CC7, 0x3CA0, 0x3CC7, 0x3CA0, 0x3CC7, 
    0x3CA0, 0x3CA0, 0x3CA0, 0x3CA0, 0x3CC7, 0x3CA0, 0x3CA0, 0x3CA0, 0x3CA0, 
    0x3CA0, 0x3CA0, 0x3CA0, 0x3CC7, 0x3CA0, 0x3CA0, 0x3CA0, 0x3CC7, 0x3CA0, 
    0x3CA0, 0x3CA0, 0x3CC7, 0x3CA0, 0x3CA0, 0x3CA0, 0x3CC7, 0x3CA0, 0x3CA0, 
    0x3CA0, 0x3CC7, 0x3CA0, 0x3CA0, 0x3CA0, 0x3CC7, 0x3CA0, 0x3CA0, 0x3CA0, 
    0x3CC7, 0x3CA0, 0x3CA0, 0x3CA0, 0x3CC7, 0x3CA0, 0x3CA0, 0x5987, 0x3CC7, 
    0x61C8, 0x6A2B, 0x3CA0, 0x59A8, 0x3CA0, 0x3CA0, 0x3CA0, 0x3CC7, 0x3CA0, 
    0x3CC7, 0x3CA0, 0x3CC7, 0x3CA0, 0x3CC7, 0x3CA0, 0x5150, 0x3CA0, 0x3CC7, 
    0x3CA0, 0x3CC7, 0x3CA0, 0x3CC7, 0x3CA0, 0x3CC7, 0x3CA0, 0x3CC7, 0x3CA0, 
    0x3CC7, 0x3CA0, 0x3CC7, 0x3CA0, 0x3CC7, 0x3CA0, 0x3CC7, 0x3CA0, 0x3CC7, 
    0x3CA0, 0x3CC7, 0x3CA0, 0x3CC7, 0x3CA0, 0x3CC7, 0x3CA0, 0x3CC7, 0x3CA0, 
    0x3CC7, 0x3CA0, 0x3CC7, 0x3CA0, 0x3CC7, 0x3CA0, 0x3CC7, 0x3CA0, 0x3CC7, 
    0x3CA0, 0x3CC7, 0x3CA0, 0x3CC7, 0x3CA0, 0x3CC7, 0x3CA0, 0x3CC7, 0x5987, 
    0x3CC7, 0x61C8, 0x61CA, 0x3CA0, 0x59A8, 0x3CA0, 0x3CC7, 0x3CA0, 0x3CC7, 
    0x3CA0, 0x3CC7, 0x3CA0, 0x3CC7, 0x3CA0, 0x3CC7, 0x3CA0, 0x5150, 0x3CA0, 
    0x3CC7, 0x3CA0, 0x3CC7, 0x3CA0, 0x3CC7, 0x3CA0, 0x3CC7, 0x3CA0, 0x3CC7, 
    0x3CA0, 0x3CC7, 0x3CA0, 0x3CC7, 0x3CA0, 0x3CC7, 0x3CA0, 0x3CC7, 0x3CA0, 
    0x3CC7, 0x3CA0, 0x3CC7, 0x3CA0, 0x3CC7, 0x3CA0, 0x3CC7, 0x3CA0, 0x3CC7, 
    0x3CA0, 0x3CC7, 0x3CA0, 0x3CC7, 0x3CA0, 0x3CC7, 0x3CA0, 0x3CC7, 0x3CA0, 
    0x3CC7, 0x3CA0, 0x3CC7, 0x3CA0, 0x3CC7, 0x3CA0, 0x3CC7, 0x3CA0, 0x3CC7, 
    0x5987, 0x3CC7, 0x61CA, 0x61CA, 0x3CA0, 0x59A8, 0x3CA0, 0x3CC7, 0x3CA0, 
    0x3CC7, 0x3CC7, 0x3CC7, 0x3CA0, 0x3CC7, 0x3CC7, 0x3CC7, 0x3CA0, 0x5150, 
    0x3CC7, 0x3CC7, 0x3CA0, 0x3CC7, 0x3CC7, 0x3CC7, 0x3CA0, 0x3CC7, 0x3CC7, 
    0x3CC7, 0x3CA0, 0x3CC7, 0x3CC7, 0x3CC7, 0x3CA0, 0x3CC7, 0x3CC7, 0x3CC7, 
    0x3CA0, 0x3CC7, 0x3CC7, 0x3CC7, 0x3CA0, 0x3CC7, 0x3CC7, 0x3CC7, 0x3CC7, 
    0x3CC7, 0x3CC7, 0x3CC7, 0x3CA0, 0x3CC7, 0x3CC7, 0x3CC7, 0x3CC7, 0x3CC7, 
    0x3CC7, 0x3CC7, 0x3CC7, 0x3CC7, 0x3CC7, 0x3CC7, 0x3CC7, 0x3CC7, 0x3CC7, 
    0x3CC7, 0x59A8, 0x3CC7, 0x61CA, 0x61CA, 0x3CC7, 0x3CA0, 0x3CA0, 0x3CA0, 
    0x3CA0, 0x3CA0, 0x3CA0, 0x3CA0, 0x3CA0, 0x3CA0, 0x3CA0, 0x3CA0, 0x3CA0, 
    0x3CA0, 0x3CA0, 0x3CA0, 0x3CA0, 0x3CA0, 0x3CA0, 0x3CA0, 0x3CA0, 0x3CA0, 
    0x3CA0, 0x3CA0, 0x3CA0, 0x3CA0, 0x3CA0, 0x3CA0, 0x3CA0, 0x3CA0, 0x3CA0, 
    0x3CA0, 0x3CA0, 0x3CA0, 0x3CA0, 0x3CA0, 0x3CA0, 0x3CA0, 0x3CA0, 0x3CA0, 
    0x3CA0, 0x3CA0, 0x3CA0, 0x3CA0, 0x3CA0, 0x6A0A, 0x766D, 0x724C, 0x6E4C, 
    0x3CA0, 0x3CA0, 0x3CA0, 0x3CA0, 0x3CA0, 0x3CA0, 0x3CA0, 0x3CA0, 0x3CA0, 
    0x3CA0, 0x3CA0, 0x5D93, 0x3CA0, 0x3CA0, 0x3CA0, 0x3CA0, 0x3CA0, 0x3CA0, 
    0x3CA0, 0x3CA0, 0x3CA0, 0x3CA0, 0x3CA0, 0x3CA0, 0x3CA0, 0x3CA0, 0x3CA0, 
    0x3CA0, 0x3CA0, 0x3CA0, 0x3CA0, 0x3CA0, 0x3CA0, 0x3CA0, 0x3CA0, 0x3CA0, 
    0x3CA0, 0x3CA0, 0x3CA0, 0x3CA0, 0x3CA0, 0x3CA0, 0x3CA0, 0x3CA0, 0x3CA0, 
    0x3CC7, 0x3CA0, 0x3CA0, 0x3CA0, 0x3CA0, 0x3CA0, 0x3CA0, 0x3CA0, 0x3CC7, 
    0x3CA0, 0x3CA0, 0x3CA0, 0x3CC7, 0x3CA0, 0x3CA0, 0x6A0A, 0x6E4D, 0x724C, 
    0x6A0A, 0x3CA0, 0x3CC7, 0x3CA0, 0x3CA0, 0x3CA0, 0x3CC7, 0x3CA0, 0x3CA0, 
    0x3CA0, 0x3CC7, 0x3CA0, 0x5D93, 0x3CA0, 0x3CC7, 0x3CA0, 0x3CA0, 0x3CA0, 
    0x3CC7, 0x3CA0, 0x3CA0, 0x3CA0, 0x3CC7, 0x3CA0, 0x3CC7, 0x3CA0, 0x3CC7, 
    0x3CA0, 0x3CA0, 0x3CA0, 0x3CC7, 0x3CA0, 0x3CC7, 0x3CA0, 0x3CC7, 0x3CA0, 
    0x3CC7, 0x3CA0, 0x3CC7, 0x3CA0, 0x3CC7, 0x3CA0, 0x3CC7, 0x3CA0, 0x3CC7, 
    0x3CA0, 0x3CC7, 0x3CA0, 0x3CC7, 0x3CA0, 0x3CC7, 0x3CA0, 0x3CC7, 0x3CA0, 
    0x3CC7, 0x3CA0, 0x3CC7, 0x3CA0, 0x3CC7, 0x3CA0, 0x3CC7, 0x6A0A, 0x6E4D, 
    0x724C, 0x6A0C, 0x3CA0, 0x3CC7, 0x3CA0, 0x3CC7, 0x3CA0, 0x3CC7, 0x3CA0, 
    0x3CC7, 0x3CA0, 0x3CC7, 0x3CA0, 0x5D94, 0x3CA0, 0x3CC7, 0x3CA0, 0x3CC7, 
    0x3CA0, 0x3CC7, 0x3CA0, 0x3CC7, 0x3CA0, 0x3CC7, 0x3CA0, 0x3CC7, 0x3CA0, 
    0x3CC7, 0x3CA0, 0x3CC7, 0x3CA0, 0x3CC7, 0x3CA0, 0x3CC7, 0x3CA0, 0x3CC7, 
    0x3CA0, 0x3CC7, 0x3CA0, 0x3CC7, 0x3CA0, 0x3CC7, 0x3CA0, 0x3CC7, 0x3CA0, 
    0x3CC7, 0x3CA0, 0x3CC7, 0x3CA0, 0x3CC7, 0x3CA0, 0x3CC7, 0x3CA0, 0x3CC7, 
    0x3CA0, 0x3CC7, 0x3CA0, 0x3CC7, 0x3CA0, 0x3CC7, 0x3CA0, 0x3CC7, 0x6A0A, 
    0x6E4D, 0x724C, 0x6A0C, 0x4257, 0x3CA0, 0x3CA0, 0x3CA0, 0x3CA0, 0x3CA0, 
    0x3CA0, 0x3CA0, 0x3CA0, 0x3CA0, 0x3CA0, 0x3CA0, 0x3CA0, 0x3CA0, 0x3CA0, 
    0x3CA0, 0x3CA0, 0x3CA0, 0x3CA0, 0x3CA0, 0x3CA0, 0x3CA0, 0x3CA0, 0x3CA0, 
    0x3CA0, 0x3CA0, 0x3CA0, 0x3CA0, 0x3CA0, 0x3CA0, 0x3CC7, 0x3CA0, 0x3CA0, 
    0x3CA0, 0x3CC7, 0x3CA0, 0x3CA0, 0x3CA0, 0x3CC7, 0x3CA0, 0x3CA0, 0x3CA0, 
    0x3CC7, 0x61C8, 0x724C, 0x72CF, 0x72CF, 0x724C, 0x6A2B, 0x3CA0, 0x3CC7, 
    0x3CA0, 0x3CA0, 0x3CA0, 0x3CC7, 0x3CA0, 0x3CA0, 0x3CA0, 0x3CC7, 0x3CA0, 
    0x3CA0, 0x3CA0, 0x3CC7, 0x3CA0, 0x4257, 0x3CA0, 0x3CC7, 0x3CA0, 0x3CC7, 
    0x3CA0, 0x3CC7, 0x3CA0, 0x3CA0, 0x3CA0, 0x3CC7, 0x3CA0, 0x3CC7, 0x3CA0, 
    0x3CC7, 0x3CA0, 0x3CC7, 0x3CA0, 0x3CC7, 0x3CA0, 0x3CC7, 0x3CA0, 0x3CC7, 
    0x3CA0, 0x3CC7, 0x3CA0, 0x3CC7, 0x3CA0, 0x3CC7, 0x3CA0, 0x3CC7, 0x3CA0, 
    0x3CC7, 0x3CA0, 0x3CC7, 0x3CA0, 0x3CC7, 0x3CA0, 0x3CC7, 0x3CA0, 0x3CC7, 
    0x3CA0, 0x3CC7, 0x61C8, 0x6E4D, 0x7310, 0x7312, 0x724C, 0x61CA, 0x3CA0, 
    0x3CC7, 0x3CA0, 0x3CC7, 0x3CA0, 0x3CC7, 0x3CA0, 0x3CC7, 0x3CA0, 0x3CC7, 
    0x3CA0, 0x3CC7, 0x3CA0, 0x3CC7, 0x3CA0, 0x4278, 0x3CA0, 0x3CC7, 0x3CA0, 
    0x3CC7, 0x3CA0, 0x3CC7, 0x3CA0, 0x3CC7, 0x3CA0, 0x3CC7, 0x3CA0, 0x3CC7, 
    0x3CA0, 0x3CC7, 0x3CA0, 0x3CC7, 0x3CA0, 0x3CC7, 0x3CA0, 0x3CC7, 0x3CA0, 
    0x3CC7, 0x3CA0, 0x3CC7, 0x3CA0, 0x3CC7, 0x3CA0, 0x3CC7, 0x3CA0, 0x3CC7, 
    0x3CA0, 0x3CC7, 0x3CA0, 0x3CC7, 0x3CA0, 0x3CC7, 0x3CA0, 0x3CC7, 0x3CA0, 
    0x3CC7, 0x3CA0, 0x3CC7, 0x61C8, 0x6E4D, 0x7310, 0x7312, 0x724C, 0x61CA, 
    0x3CA0, 0x3CC7, 0x3CA0, 0x3CC7, 0x3CA0, 0x3CC7, 0x3CA0, 0x3CC7, 0x3CA0, 
    0x3CC7, 0x3CA0, 0x3CC7, 0x3CA0, 0x3CC7, 0x3CA0, 0x4278, 0x3CA0, 0x3CC7, 
    0x3CA0, 0x3CC7, 0x3CA0, 0x3CC7, 0x3CC7, 0x3CC7, 0x3CA0, 0x3CC7, 0x3CC7, 
    0x3CC7, 0x3CA0, 0x3CC7, 0x3CC7, 0x3CC7, 0x3CA0, 0x3CC7, 0x3CC7, 0x3CC7, 
    0x3CA0, 0x3CC7, 0x3CC7, 0x3CC7, 0x3CA0, 0x3CC7, 0x3CC7, 0x3CC7, 0x3CA0, 
    0x3CC7, 0x3CC7, 0x3CC7, 0x3CA0, 0x3CC7, 0x3CC7, 0x3CC7, 0x3CA0, 0x3CC7, 
    0x3CC7, 0x3CC7, 0x3CA0, 0x3CC7, 0x61CA, 0x6E4D, 0x7312, 0x7312, 0x6E4D, 
    0x3CA0, 0x3CA0, 0x3CA0, 0x3CA0, 0x3CA0, 0x3CA0, 0x3CA0, 0x3CA0, 0x3CA0, 
    0x3CA0, 0x3CA0, 0x3CA0, 0x3CA0, 0x3CA0, 0x3CA0, 0x3CA0, 0x3CA0, 0x3CA0, 
    0x3CA0, 0x3CA0, 0x3CA0, 0x3CA0, 0x3CA0, 0x3CA0, 0x3CA0, 0x3CA0, 0x3CA0, 
    0x3CA0, 0x3CA0, 0x3CA0, 0x3CA0, 0x3CA0, 0x3CA0, 0x3CA0, 0x3CA0, 0x3CA0, 
    0x3CA0, 0x3CA0, 0x3CA0, 0x3CA0, 0x3CA0, 0x3CA0, 0x3CA0, 0x61C8, 0x724C, 
    0x76F0, 0x72CF, 0x766D, 0x61C8, 0x3CA0, 0x3CA0, 0x3CA0, 0x3CA0, 0x3CA0, 
    0x3CA0, 0x3CA0, 0x3CA0, 0x5D93, 0x3CA0, 0x3CA0, 0x3CA0, 0x3CA0, 0x3CA0, 
    0x3CA0, 0x3CA0, 0x3CA0, 0x3CA0, 0x3CA0, 0x3CA0, 0x3CA0, 0x3CA0, 0x3CA0, 
    0x3CA0, 0x3CA0, 0x3CA0, 0x3CA0, 0x3CA0, 0x3CA0, 0x3CA0, 0x3CA0, 0x3CA0, 
    0x3CA0, 0x3CA0, 0x3CA0, 0x3CA0, 0x3CA0, 0x3CA0, 0x3CA0, 0x3CA0, 0x3CA0, 
    0x3CA0, 0x3CA0, 0x3CA0, 0x3CA0, 0x3CA0, 0x3CA0, 0x3CA0, 0x3CA0, 0x3CA0, 
    0x3CA0, 0x3CA0, 0x3CA0, 0x3CA0, 0x3CA0, 0x3CA0, 0x3CA0, 0x3CA0, 0x61C8, 
    0x724C, 0x7310, 0x7310, 0x6E4D, 0x61C8, 0x3CA0, 0x3CA0, 0x3CA0, 0x3CA0, 
    0x3CA0, 0x3CA0, 0x3CC7, 0x3CA0, 0x5D93, 0x3CA0, 0x3CC7, 0x3CA0, 0x3CA0, 
    0x3CA0, 0x3CC7, 0x3CA0, 0x3CA0, 0x3CA0, 0x3CC7, 0x3CA0, 0x3CA0, 0x3CA0, 
    0x3CC7, 0x3CA0, 0x3CA0, 0x3CA0, 0x3CC7, 0x3CA0, 0x3CA0, 0x3CA0, 0x3CC7, 
    0x3CA0, 0x3CA0, 0x3CA0, 0x3CC7, 0x3CA0, 0x3CA0, 0x3CA0, 0x3CC7, 0x3CA0, 
    0x3CA0, 0x3CA0, 0x3CC7, 0x3CA0, 0x3CC7, 0x3CA0, 0x3CC7, 0x3CA0, 0x3CC7, 
    0x3CA0, 0x3CC7, 0x3CA0, 0x3CC7, 0x3CA0, 0x3CC7, 0x3CA0, 0x3CC7, 0x3CA0, 
    0x61CA, 0x724C, 0x7312, 0x7310, 0x6E4D, 0x61C8, 0x3CC7, 0x3CA0, 0x3CC7, 
    0x3CA0, 0x3CC7, 0x3CA0, 0x3CC7, 0x3CA0, 0x5D94, 0x3CA0, 0x3CC7, 0x3CA0, 
    0x3CC7, 0x3CA0, 0x3CC7, 0x3CA0, 0x3CC7, 0x3CA0, 0x3CC7, 0x3CA0, 0x3CC7, 
    0x3CA0, 0x3CC7, 0x3CA0, 0x3CC7, 0x3CA0, 0x3CC7, 0x3CA0, 0x3CC7, 0x3CA0, 
    0x3CC7, 0x3CA0, 0x3CC7, 0x3CA0, 0x3CC7, 0x3CA0, 0x3CC7, 0x3CA0, 0x3CC7, 
    0x3CA0, 0x3CC7, 0x3CA0, 0x3CC7, 0x3CA0, 0x3CC7, 0x3CA0, 0x3CC7, 0x3CA0, 
    0x3CC7, 0x3CA0, 0x3CC7, 0x3CA0, 0x3CC7, 0x3CA0, 0x3CC7, 0x3CA0, 0x3CC7, 
    0x3CA0, 0x61CA, 0x724C, 0x7312, 0x7310, 0x6E4D, 0x3CC7, 0x3CA0, 0x3CA0, 
    0x3CA0, 0x3CA0, 0x3CA0, 0x3CA0, 0x3CA0, 0x3CC7, 0x3CA0, 0x3CA0, 0x3CA0, 
    0x3CC7, 0x3CA0, 0x3CA0, 0x3CA0, 0x3CC7, 0x3CA0, 0x3CA0, 0x3CA0, 0x3CC7, 
    0x3CA0, 0x3CA0, 0x3CA0, 0x3CC7, 0x3CA0, 0x3CA0, 0x3CA0, 0x3CC7, 0x3CA0, 
    0x3CA0, 0x3CA0, 0x3CC7, 0x3CA0, 0x3CA0, 0x3CA0, 0x3CC7, 0x3CA0, 0x3CA0, 
    0x3CA0, 0x3CC7, 0x3CA0, 0x3CC7, 0x3CA0, 0x726D, 0x724C, 0x724C, 0x6A0A, 
    0x3CC7, 0x3CA0, 0x3CC7, 0x3CA0, 0x3CC7, 0x3CA0, 0x3CC7, 0x3CA0, 0x69D9, 
    0x3CA0, 0x3CC7, 0x3CA0, 0x3CC7, 0x3CA0, 0x3CC7, 0x3CA0, 0x3CC7, 0x3CA0, 
    0x3CC7, 0x3CA0, 0x3CC7, 0x3CA0, 0x3CC7, 0x3CA0, 0x3CC7, 0x3CA0, 0x3CC7, 
    0x3CA0, 0x3CC7, 0x3CA0, 0x3CC7, 0x3CA0, 0x3CC7, 0x3CA0, 0x3CC7, 0x3CA0, 
    0x3CC7, 0x3CA0, 0x3CC7, 0x3CA0, 0x3CC7, 0x3CA0, 0x3CC7, 0x3CA0, 0x3CC7, 
    0x3CA0, 0x3CC7, 0x3CA0, 0x3CC7, 0x3CA0, 0x3CC7, 0x3CA0, 0x3CC7, 0x3CA0, 
    0x3CC7, 0x3CA0, 0x3CC7, 0x3CA0, 0x3CC7, 0x3CA0, 0x6A0C, 0x724C, 0x6E4D, 
    0x6A0A, 0x3CC7, 0x3CA0, 0x3CC7, 0x3CA0, 0x3CC7, 0x3CA0, 0x3CC7, 0x3CA0, 
    0x69D9, 0x3CA0, 0x3CC7, 0x3CA0, 0x3CC7, 0x3CA0, 0x3CC7, 0x3CA0, 0x3CC7, 
    0x3CA0, 0x3CC7, 0x3CA0, 0x3CC7, 0x3CA0, 0x3CC7, 0x3CA0, 0x3CC7, 0x3CA0, 
    0x3CC7, 0x3CA0, 0x3CC7, 0x3CA0, 0x3CC7, 0x3CA0, 0x3CC7, 0x3CA0, 0x3CC7, 
    0x3CA0, 0x3CC7, 0x3CA0, 0x3CC7, 0x3CA0, 0x3CC7, 0x3CA0, 0x3CC7, 0x3CA0, 
    0x3CC7, 0x3CA0, 0x3CC7, 0x3CA0, 0x3CC7, 0x3CA0, 0x3CC7, 0x3CA0, 0x3CC7, 
    0x3CA0, 0x3CC7, 0x3CA0, 0x3CC7, 0x3CC7, 0x3CC7, 0x3CA0, 0x6A0C, 0x724C, 
    0x6E4D, 0x6A0A, 0x3CC7, 0x3CC7, 0x3CC7, 0x3CA0, 0x3CC7, 0x3CC7, 0x3CC7, 
    0x3CA0, 0x69D9, 0x3CC7, 0x3CC7, 0x3CA0, 0x3CC7, 0x3CC7, 0x3CC7, 0x3CA0, 
    0x3CC7, 0x3CC7, 0x3CC7, 0x3CA0, 0x3CC7, 0x3CC7, 0x3CC7, 0x3CA0, 0x3CC7, 
    0x3CC7, 0x3CC7, 0x3CA0, 0x3CC7, 0x3CC7, 0x3CC7, 0x3CA0, 0x3CC7, 0x3CC7, 
    0x3CC7, 0x3CC7, 0x3CC7, 0x3CC7, 0x3CC7, 0x3CA0, 0x3CC7, 0x3CC7, 0x3CC7, 
    0x3CC7, 0x3CC7, 0x3CC7, 0x3CC7, 0x3CC7, 0x3CC7, 0x3CC7, 0x3CC7, 0x3CC7, 
    0x3CC7, 0x3CC7, 0x3CC7, 0x3CC7, 0x3CC7, 0x3CC7, 0x3CC7, 0x3CC7, 0x6A0C, 
    0x6E4D, 0x6E4D, 0x6A0C, 0x3CA0, 0x3CA0, 0x3CA0, 0x3CA0, 0x3CA0, 0x3CA0, 
    0x3CA0, 0x3CA0, 0x3CA0, 0x3CA0, 0x3CA0, 0x3CA0, 0x3CA0, 0x3CA0, 0x3CA0, 
    0x3CA0, 0x3CA0, 0x3CA0, 0x3CA0, 0x3CA0, 0x3CA0, 0x3CA0, 0x3CA0, 0x3CA0, 
    0x3CA0, 0x3CA0, 0x3CA0, 0x3CA0, 0x3CA0, 0x3CA0, 0x3CA0, 0x3CA0, 0x3CA0, 
    0x3CA0, 0x3CA0, 0x3CA0, 0x3CA0, 0x3CA0, 0x3CA0, 0x3CA0, 0x3CA0, 0x3CA0, 
    0x3CA0, 0x6A2B, 0x3CA0, 0x61C8, 0x61C8, 0x3CA0, 0x5987, 0x3CA0, 0x3CA0, 
    0x3CA0, 0x3CA0, 0x3CA0, 0x3CA0, 0x5D93, 0x3CA0, 0x3CA0, 0x3CA0, 0x3CA0, 
    0x3CA0, 0x3CA0, 0x3CA0, 0x3CA0, 0x3CA0, 0x3CA0, 0x3CA0, 0x3CA0, 0x3CA0, 
    0x3CA0, 0x3CA0, 0x3CA0, 0x3CA0, 0x3CA0, 0x3CA0, 0x3CA0, 0x3CA0, 0x3CA0, 
    0x3CA0, 0x3CA0, 0x3CA0, 0x3CC7, 0x3CA0, 0x3CA0, 0x3CA0, 0x3CA0, 0x3CA0, 
    0x3CA0, 0x3CA0, 0x3CC7, 0x3CA0, 0x3CA0, 0x3CA0, 0x3CC7, 0x3CA0, 0x3CA0, 
    0x3CA0, 0x3CC7, 0x3CA0, 0x3CA0, 0x3CA0, 0x3CC7, 0x3CA0, 0x3CA0, 0x3CA0, 
    0x3CC7, 0x3CA0, 0x5987, 0x3CA0, 0x61CA, 0x61C8, 0x3CA0, 0x5987, 0x3CC7, 
    0x3CA0, 0x3CA0, 0x3CA0, 0x3CC7, 0x3CA0, 0x5D93, 0x3CA0, 0x3CC7, 0x3CA0, 
    0x3CC7, 0x3CA0, 0x3CC7, 0x3CA0, 0x3CA0, 0x3CA0, 0x3CC7, 0x3CA0, 0x3CC7, 
    0x3CA0, 0x3CC7, 0x3CA0, 0x3CC7, 0x3CA0, 0x3CC7, 0x3CA0, 0x3CC7, 0x3CA0, 
    0x3CC7, 0x3CA0, 0x3CC7, 0x3CA0, 0x3CC7, 0x3CA0, 0x3CC7, 0x3CA0, 0x3CC7, 
    0x3CA0, 0x3CC7, 0x3CA0, 0x3CC7, 0x3CA0, 0x3CC7, 0x3CA0, 0x3CC7, 0x3CA0, 
    0x3CC7, 0x3CA0, 0x3CC7, 0x3CA0, 0x3CC7, 0x3CA0, 0x3CC7, 0x3CA0, 0x3CC7, 
    0x3CA0, 0x3CC7, 0x3CA0, 0x59A8, 0x3CA0, 0x61CA, 0x61C8, 0x3CC7, 0x5987, 
    0x3CC7, 0x3CA0, 0x3CC7, 0x3CA0, 0x3CC7, 0x3CA0, 0x5D94, 0x3CA0, 0x3CC7, 
    0x3CA0, 0x3CC7, 0x3CA0, 0x3CC7, 0x3CA0, 0x3CC7, 0x3CA0, 0x3CC7, 0x3CA0, 
    0x3CC7, 0x3CA0, 0x3CC7, 0x3CA0, 0x3CC7, 0x3CA0, 0x3CC7, 0x3CA0, 0x3CC7, 
    0x3CA0, 0x3CC7, 0x3CA0, 0x3CC7, 0x3CA0, 0x3CC7, 0x3CA0, 0x3CC7, 0x3CA0, 
    0x3CC7, 0x3CA0, 0x3CC7, 0x3CA0, 0x3CC7, 0x3CA0, 0x3CC7, 0x3CA0, 0x3CC7, 
    0x3CA0, 0x3CC7, 0x3CA0, 0x3CC7, 0x3CA0, 0x3CC7, 0x3CA0, 0x3CC7, 0x3CA0, 
    0x3CC7, 0x3CA0, 0x3CC7, 0x3CA0, 0x59A8, 0x3CA0, 0x61CA, 0x61C8, 0x3CC7, 
    0x3CA0, 0x3CA0, 0x3CA0, 0x3CA0, 0x3CA0, 0x3CA0, 0x3CA0, 0x3CA0, 0x3CA0, 
    0x3CA0, 0x3CA0, 0x3CA0, 0x3CA0, 0x3CA0, 0x3CA0, 0x3CA0, 0x3CA0, 0x3CA0, 
    0x3CC7, 0x3CA0, 0x3CA0, 0x3CA0, 0x3CA0, 0x3CA0, 0x3CA0, 0x3CA0, 0x3CC7, 
    0x3CA0, 0x3CA0, 0x3CA0, 0x3CC7, 0x3CA0, 0x3CA0, 0x3CA0, 0x3CC7, 0x3CA0, 
    0x3CA0, 0x3CA0, 0x3CC7, 0x3CA0, 0x3CA0, 0x3CA0, 0x65EA, 0x3CA0, 0x3CA0, 
    0x3CA0, 0x3CC7, 0x3CA0, 0x3CA0, 0x4D23, 0x3CC7, 0x3CA0, 0x3CA0, 0x3CA0, 
    0x69D9, 0x3CA0, 0x3CA0, 0x3CA0, 0x3CC7, 0x3CA0, 0x3CA0, 0x3CA0, 0x3CC7, 
    0x3CA0, 0x3CC7, 0x3CA0, 0x3CC7, 0x3CA0, 0x3CC7, 0x3CA0, 0x3CC7, 0x3CA0, 
    0x3CC7, 0x3CA0, 0x3CC7, 0x3CA0, 0x3CC7, 0x3CA0, 0x3CC7, 0x3CA0, 0x3CC7, 
    0x3CA0, 0x3CC7, 0x3CA0, 0x3CC7, 0x3CA0, 0x3CC7, 0x3CA0, 0x3CC7, 0x3CA0, 
    0x3CC7, 0x3CA0, 0x3CC7, 0x3CA0, 0x3CC7, 0x3CA0, 0x3CC7, 0x3CA0, 0x3CC7, 
    0x3CA0, 0x3CC7, 0x3CA0, 0x3CC7, 0x3CA0, 0x3CC7, 0x3CA0, 0x4D25, 0x3CA0, 
    0x3CC7, 0x3CA0, 0x3CC7, 0x3CA0, 0x3CC7, 0x4D23, 0x3CC7, 0x3CA0, 0x3CC7, 
    0x3CA0, 0x69D9, 0x3CA0, 0x3CC7, 0x3CA0, 0x3CC7, 0x3CA0, 0x3CC7, 0x3CA0, 
    0x3CC7, 0x3CA0, 0x3CC7, 0x3CA0, 0x3CC7, 0x3CA0, 0x3CC7, 0x3CA0, 0x3CC7, 
    0x3CA0, 0x3CC7, 0x3CA0, 0x3CC7, 0x3CA0, 0x3CC7, 0x3CA0, 0x3CC7, 0x3CA0, 
    0x3CC7, 0x3CA0, 0x3CC7, 0x3CA0, 0x3CC7, 0x3CA0, 0x3CC7, 0x3CA0, 0x3CC7, 
    0x3CA0, 0x3CC7, 0x3CA0, 0x3CC7, 0x3CA0, 0x3CC7, 0x3CA0, 0x3CC7, 0x3CA0, 
    0x3CC7, 0x3CA0, 0x3CC7, 0x3CA0, 0x3CC7, 0x3CA0, 0x3CC7, 0x3CA0, 0x4D25, 
    0x3CA0, 0x3CC7, 0x3CA0, 0x3CC7, 0x3CA0, 0x3CC7, 0x4D23, 0x3CC7, 0x3CA0, 
    0x3CC7, 0x3CA0, 0x69D9, 0x3CA0, 0x3CC7, 0x3CA0, 0x3CC7, 0x3CC7, 0x3CC7, 
    0x3CA0, 0x3CC7, 0x3CA0, 0x3CC7, 0x3CA0, 0x3CC7, 0x3CC7, 0x3CC7, 0x3CA0, 
    0x3CC7, 0x3CC7, 0x3CC7, 0x3CA0, 0x3CC7, 0x3CC7, 0x3CC7, 0x3CA0, 0x3CC7, 
    0x3CC7, 0x3CC7, 0x3CA0, 0x3CC7, 0x3CC7, 0x3CC7, 0x3CA0, 0x3CC7, 0x3CC7, 
    0x3CC7, 0x3CA0, 0x3CC7, 0x3CC7, 0x3CC7, 0x3CA0, 0x3CC7, 0x3CC7, 0x3CC7, 
    0x3CA0, 0x3CC7, 0x3CC7, 0x3CC7, 0x3CA0, 0x3CC7, 0x3CC7, 0x3CC7, 0x3CC7, 
    0x4D25, 0x3CC7, 0x3CC7, 0x3CA0, 0x3CC7, 0x3CC7, 0x3CA0, 0x3CA0, 0x3CA0, 
    0x3CA0, 0x3CA0, 0x3CA0, 0x3CA0, 0x3CA0, 0x3CA0, 0x3CA0, 0x3CA0, 0x3CA0, 
    0x3CA0, 0x3CA0, 0x3CA0, 0x3CA0, 0x3CA0, 0x3CA0, 0x3CA0, 0x3CA0, 0x3CA0, 
    0x3CA0, 0x3CA0, 0x3CA0, 0x3CA0, 0x3CA0, 0x3CA0, 0x3CA0, 0x3CA0, 0x3CA0, 
    0x3CA0, 0x3CA0, 0x3CA0, 0x3CA0, 0x3CA0, 0x3CA0, 0x3CA0, 0x3CA0, 0x3CA0, 
    0x3CA0, 0x3CA0, 0x5DA7, 0x3CA0, 0x3CA0, 0x3CA0, 0x3CA0, 0x3CA0, 0x3CA0, 
    0x3CA0, 0x3CA0, 0x3CA0, 0x3CA0, 0x69D7, 0x69D7, 0x3CA0, 0x3CA0, 0x3CA0, 
    0x3CA0, 0x3CA0, 0x3CA0, 0x3CA0, 0x3CA0, 0x3CA0, 0x3CA0, 0x3CA0, 0x3CA0, 
    0x3CA0, 0x3CA0, 0x3CA0, 0x3CA0, 0x3CA0, 0x3CA0, 0x3CA0, 0x3CA0, 0x3CA0, 
    0x3CA0, 0x3CA0, 0x3CA0, 0x3CA0, 0x3CA0, 0x3CA0, 0x3CA0, 0x3CA0, 0x3CA0, 
    0x3CA0, 0x3CA0, 0x3CA0, 0x3CA0, 0x3CA0, 0x3CA0, 0x3CA0, 0x3CA0, 0x3CA0, 
    0x3CA0, 0x3CA0, 0x3CA0, 0x3CA0, 0x3CA0, 0x3CA0, 0x3CC7, 0x3CA0, 0x3CA0, 
    0x3CA0, 0x3CA0, 0x3CA0, 0x3CA0, 0x3CA0, 0x3CC7, 0x3CA0, 0x3CA0, 0x3CA0, 
    0x3CC7, 0x3CA0, 0x3CA0, 0x3CA0, 0x3CC7, 0x69D7, 0x69D7, 0x3CA0, 0x3CC7, 
    0x3CA0, 0x3CA0, 0x3CA0, 0x3CC7, 0x3CA0, 0x3CA0, 0x3CA0, 0x3CC7, 0x3CA0, 
    0x3CA0, 0x3CA0, 0x3CC7, 0x3CA0, 0x3CA0, 0x3CA0, 0x3CC7, 0x3CA0, 0x3CA0, 
    0x3CA0, 0x3CC7, 0x3CA0, 0x3CA0, 0x3CA0, 0x3CC7, 0x3CA0, 0x3CC7, 0x3CA0, 
    0x3CC7, 0x3CA0, 0x3CA0, 0x3CA0, 0x3CC7, 0x3CA0, 0x3CC7, 0x3CA0, 0x3CC7, 
    0x3CA0, 0x3CC7, 0x3CA0, 0x3CC7, 0x3CA0, 0x3CC7, 0x3CA0, 0x3CC7, 0x3CA0, 
    0x3CC7, 0x3CA0, 0x3CC7, 0x3CA0, 0x3CC7, 0x3CA0, 0x3CC7, 0x3CA0, 0x3CC7, 
    0x3CA0, 0x3CC7, 0x3CA0, 0x3CC7, 0x3CA0, 0x3CC7, 0x69D7, 0x69D9, 0x3CA0, 
    0x3CC7, 0x3CA0, 0x3CC7, 0x3CA0, 0x3CC7, 0x3CA0, 0x3CC7, 0x3CA0, 0x3CC7, 
    0x3CA0, 0x3CC7, 0x3CA0, 0x3CC7, 0x3CA0, 0x3CC7, 0x3CA0, 0x3CC7, 0x3CA0, 
    0x3CC7, 0x3CA0, 0x3CC7, 0x3CA0, 0x3CC7, 0x3CA0, 0x3CC7, 0x3CA0, 0x3CC7, 
    0x3CA0, 0x3CC7, 0x3CA0, 0x3CC7, 0x3CA0, 0x3CC7, 0x3CA0, 0x3CC7, 0x3CA0, 
    0x3CC7, 0x3CA0, 0x3CC7, 0x3CA0, 0x3CC7, 0x3CA0, 0x3CC7, 0x3CA0, 0x3CC7, 
    0x3CA0, 0x3CC7, 0x3CA0, 0x3CC7, 0x3CA0, 0x3CC7, 0x3CA0, 0x3CC7, 0x3CA0, 
    0x3CC7, 0x3CA0, 0x3CC7, 0x3CA0, 0x3CA0, 0x3CA0, 0x3CA0, 0x3CC7, 0x3CA0, 
    0x3CA0, 0x3CA0, 0x3CC7, 0x3CA0, 0x3CA0, 0x3CA0, 0x3CC7, 0x3CA0, 0x3CA0, 
    0x3CA0, 0x3CC7, 0x3CA0, 0x3CA0, 0x3CA0, 0x3CC7, 0x3CA0, 0x3CA0, 0x3CA0, 
    0x3CC7, 0x3CA0, 0x3CA0, 0x3CA0, 0x3CC7, 0x3CA0, 0x3CA0, 0x3CA0, 0x3CC7, 
    0x3CA0, 0x3CA0, 0x3CA0, 0x3CC7, 0x3CA0, 0x3CA0, 0x3CA0, 0x5DCB, 0x3CA0, 
    0x3CA0, 0x3CA0, 0x3CC7, 0x3CA0, 0x3CC7, 0x3CA0, 0x3CC7, 0x3CA0, 0x3CA0, 
    0x6739, 0x673A, 0x69D7, 0x3CC7, 0x3CA0, 0x3CC7, 0x3CA0, 0x3CC7, 0x3CA0, 
    0x3CC7, 0x3CA0, 0x3CC7, 0x3CA0, 0x3CC7, 0x3CA0, 0x3CC7, 0x3CA0, 0x3CC7, 
    0x3CA0, 0x3CC7, 0x3CA0, 0x3CC7, 0x3CA0, 0x3CC7, 0x3CA0, 0x3CC7, 0x3CA0, 
    0x3CC7, 0x3CA0, 0x3CC7, 0x3CA0, 0x3CC7, 0x3CA0, 0x3CC7, 0x3CA0, 0x3CC7, 
    0x3CA0, 0x3CC7, 0x3CA0, 0x3CC7, 0x3CA0, 0x3CC7, 0x3CA0, 0x3CC7, 0x3CA0, 
    0x3CC7, 0x3CA0, 0x3CC7, 0x3CA0, 0x3CC7, 0x3CA0, 0x3CC7, 0x3CA0, 0x3CC7, 
    0x3CA0, 0x3CC7, 0x3CA0, 0x3CC7, 0x3CA0, 0x3CC7, 0x3CA0, 0x3CC7, 0x3CA0, 
    0x3CC7, 0x6739, 0x673A, 0x69D7, 0x3CC7, 0x3CA0, 0x3CC7, 0x3CA0, 0x3CC7, 
    0x3CA0, 0x3CC7, 0x3CA0, 0x3CC7, 0x3CA0, 0x3CC7, 0x3CA0, 0x3CC7, 0x3CA0, 
    0x3CC7, 0x3CA0, 0x3CC7, 0x3CA0, 0x3CC7, 0x3CA0, 0x3CC7, 0x3CA0, 0x3CC7, 
    0x3CA0, 0x3CC7, 0x3CA0, 0x3CC7, 0x3CA0, 0x3CC7, 0x3CA0, 0x3CC7, 0x3CA0, 
    0x3CC7, 0x3CA0, 0x3CC7, 0x3CA0, 0x3CC7, 0x3CA0, 0x3CC7, 0x3CA0, 0x3CC7, 
    0x3CA0, 0x3CC7, 0x3CA0, 0x3CC7, 0x3CA0, 0x3CC7, 0x3CA0, 0x3CC7, 0x3CA0, 
    0x3CC7, 0x3CA0, 0x3CC7, 0x3CA0, 0x3CC7, 0x3CC7, 0x3CC7, 0x3CA0, 0x3CC7, 
    0x3CA0, 0x3CC7, 0x6739, 0x673A, 0x69D9, 0x3CC7, 0x3CA0, 0x3CC7, 0x3CC7, 
    0x3CC7, 0x3CA0, 0x3CC7, 0x3CC7, 0x3CC7, 0x3CA0, 0x3CC7, 0x3CC7, 0x3CC7, 
    0x3CA0, 0x3CC7, 0x3CC7, 0x3CC7, 0x3CA0, 0x3CC7, 0x3CC7, 0x3CC7, 0x3CA0, 
    0x3CC7, 0x3CC7, 0x3CC7, 0x3CA0, 0x3CC7, 0x3CC7, 0x3CC7, 0x3CA0, 0x3CC7, 
    0x3CC7, 0x3CC7, 0x3CC7, 0x3CC7, 0x3CC7, 0x3CC7, 0x3CA0, 0x3CC7, 0x3CC7, 
    0x3CC7, 0x3CC7, 0x3CC7, 0x3CC7, 0x3CC7, 0x3CC7, 0x3CC7, 0x3CC7, 0x3CC7, 
    0x3CC7, 0x3CC7, 0x3CC7, 0x3CC7, 0x3CC7, 0x3CC7, 0x3CC7, 0x3CC7, 0x3CC7, 
    0x3CA0, 0x3CA0, 0x3CA0, 0x3CA0, 0x3CA0, 0x3CA0, 0x3CA0, 0x3CA0, 0x3CA0, 
    0x3CA0, 0x3CA0, 0x3CA0, 0x3CA0, 0x3CA0, 0x3CA0, 0x3CA0, 0x3CA0, 0x3CA0, 
    0x3CA0, 0x3CA0, 0x3CA0, 0x3CA0, 0x3CA0, 0x3CA0, 0x3CA0, 0x3CA0, 0x3CA0, 
    0x3CA0, 0x3CA0, 0x3CA0, 0x3CA0, 0x3CA0, 0x3CA0, 0x3CA0, 0x3CA0, 0x3CA0, 
    0x31B5, 0x3CA0, 0x3CA0, 0x5DA7, 0x3CA0, 0x3CA0, 0x3CA0, 0x3CA0, 0x3CA0, 
    0x3CA0, 0x3CA0, 0x3CA0, 0x3CA0, 0x3CA0, 0x3CA0, 0x5B19, 0x5B19, 0x3CA0, 
    0x3CA0, 0x3CA0, 0x3CA0, 0x3CA0, 0x3CA0, 0x3CA0, 0x3CA0, 0x3CA0, 0x3CA0, 
    0x3CA0, 0x3CA0, 0x3CA0, 0x3CA0, 0x3CA0, 0x3CA0, 0x3CA0, 0x3CA0, 0x3CA0, 
    0x3CA0, 0x3CA0, 0x3CA0, 0x3CA0, 0x3CA0, 0x3CA0, 0x3CA0, 0x3CA0, 0x3CA0, 
    0x3CA0, 0x3CA0, 0x3CA0, 0x3CA0, 0x3CC7, 0x3CA0, 0x3CA0, 0x3CA0, 0x3CA0, 
    0x3CA0, 0x3CA0, 0x3CA0, 0x3CC7, 0x3CA0, 0x3CA0, 0x3CA0, 0x3CC7, 0x3CA0, 
    0x3CA0, 0x31B5, 0x3CC7, 0x3CA0, 0x3CA0, 0x3CA0, 0x3CC7, 0x3CA0, 0x3CA0, 
    0x3CA0, 0x3CC7, 0x3CA0, 0x3CA0, 0x3CA0, 0x3CC7, 0x3CA0, 0x5B19, 0x5B19, 
    0x3CC7, 0x3CA0, 0x3CA0, 0x3CA0, 0x3CC7, 0x3CA0, 0x3CA0, 0x3CA0, 0x3CC7, 
    0x3CA0, 0x3CC7, 0x3CA0, 0x3CC7, 0x3CA0, 0x3CA0, 0x3CA0, 0x3CC7, 0x3CA0, 
    0x3CC7, 0x3CA0, 0x3CC7, 0x3CA0, 0x3CC7, 0x3CA0, 0x3CC7, 0x3CA0, 0x3CC7, 
    0x3CA0, 0x3CC7, 0x3CA0, 0x3CC7, 0x3CA0, 0x3CC7, 0x3CA0, 0x3CC7, 0x3CA0, 
    0x3CC7, 0x3CA0, 0x3CC7, 0x3CA0, 0x3CC7, 0x3CA0, 0x3CC7, 0x3CA0, 0x3CC7, 
    0x3CA0, 0x3CC7, 0x31B5, 0x3CC7, 0x3CA0, 0x3CC7, 0x3CA0, 0x3CC7, 0x3CA0, 
    0x3CC7, 0x3CA0, 0x3CC7, 0x3CA0, 0x3CC7, 0x3CA0, 0x3CC7, 0x3CA0, 0x5B1A, 
    0x5B19, 0x3CC7, 0x3CA0, 0x3CC7, 0x3CA0, 0x3CC7, 0x3CA0, 0x3CC7, 0x3CA0, 
    0x3CC7, 0x3CA0, 0x3CC7, 0x3CA0, 0x3CC7, 0x3CA0, 0x3CC7, 0x3CA0, 0x3CC7, 
    0x3CA0, 0x3CC7, 0x3CA0, 0x3CC7, 0x3CA0, 0x3CC7, 0x3CA0, 0x3CC7, 0x3CA0, 
    0x3CC7, 0x3CA0, 0x3CC7, 0x3CA0, 0x3CC7, 0x3CA0, 0x3CC7, 0x3CA0, 0x3CC7, 
    0x3CA0, 0x3CC7, 0x3CA0, 0x3CC7, 0x3CA0, 0x3CC7, 0x3CA0, 0x3CC7, 0x3CA0, 
    0x3CC7, 0x3CA0, 0x3CC7, 0x31B5, 0x3CC7, 0x3CA0, 0x3CC7, 0x3CA0, 0x3CC7, 
    0x3CA0, 0x3CC7, 0x3CA0, 0x3CC7, 0x3CA0, 0x3CC7, 0x3CA0, 0x3CA0, 0x3CA0, 
    0x3CA0, 0x3CA0, 0x3CA0, 0x3CA0, 0x3CA0, 0x3CA0, 0x3CA0, 0x3CA0, 0x3CA0, 
    0x3CA0, 0x3CA0, 0x3CA0, 0x3CA0, 0x3CA0, 0x3CA0, 0x3CA0, 0x3CA0, 0x3CA0, 
    0x4257, 0x3CC7, 0x3CA0, 0x3CA0, 0x3CA0, 0x3CA0, 0x3CA0, 0x3CA0, 0x3CA0, 
    0x3CC7, 0x3CA0, 0x3CA0, 0x3CA0, 0x3CC7, 0x3CA0, 0x3CA0, 0x3CA0, 0x5DCB, 
    0x3CA0, 0x3CA0, 0x3CA0, 0x3CC7, 0x3CA0, 0x3CA0, 0x3CA0, 0x3CC7, 0x3CA0, 
    0x3CA0, 0x3CA0, 0x3CC7, 0x3CA0, 0x3CA0, 0x3CA0, 0x3CC7, 0x3CA0, 0x3CA0, 
    0x3CA0, 0x3CC7, 0x3CA0, 0x3CC7, 0x3CA0, 0x3CC7, 0x3CA0, 0x3CA0, 0x3CA0, 
    0x3CC7, 0x3CA0, 0x3CC7, 0x3CA0, 0x3CC7, 0x3CA0, 0x3CC7, 0x3CA0, 0x3CC7, 
    0x3CA0, 0x3CC7, 0x3CA0, 0x3CC7, 0x3CA0, 0x3CC7, 0x3CA0, 0x3CC7, 0x3CA0, 
    0x3CC7, 0x4257, 0x3CC7, 0x3CA0, 0x3CC7, 0x3CA0, 0x3CC7, 0x3CA0, 0x3CC7, 
    0x3CA0, 0x3CC7, 0x3CA0, 0x3CC7, 0x3CA0, 0x3CC7, 0x3CA0, 0x3CC7, 0x3CA0, 
    0x3CC7, 0x3CA0, 0x3CC7, 0x3CA0, 0x3CC7, 0x3CA0, 0x3CC7, 0x3CA0, 0x3CC7, 
    0x3CA0, 0x3CC7, 0x3CA0, 0x3CC7, 0x3CA0, 0x3CC7, 0x3CA0, 0x3CC7, 0x3CA0, 
    0x3CC7, 0x3CA0, 0x3CC7, 0x3CA0, 0x3CC7, 0x3CA0, 0x3CC7, 0x3CA0, 0x3CC7, 
    0x3CA0, 0x3CC7, 0x3CA0, 0x3CC7, 0x3CA0, 0x3CC7, 0x3CA0, 0x3CC7, 0x3CA0, 
    0x3CC7, 0x3CA0, 0x3CC7, 0x3CA0, 0x3CC7, 0x3CA0, 0x3CC7, 0x3CA0, 0x3CC7, 
    0x3CA0, 0x3CC7, 0x4257, 0x3CC7, 0x3CA0, 0x3CC7, 0x3CA0, 0x3CC7, 0x3CA0, 
    0x3CC7, 0x3CA0, 0x3CC7, 0x3CA0, 0x3CC7, 0x3CA0, 0x3CC7, 0x3CA0, 0x3CC7, 
    0x3CA0, 0x3CC7, 0x3CA0, 0x3CC7, 0x3CA0, 0x3CC7, 0x3CA0, 0x3CC7, 0x3CA0, 
    0x3CC7, 0x3CA0, 0x3CC7, 0x3CA0, 0x3CC7, 0x3CA0, 0x3CC7, 0x3CA0, 0x3CC7, 
    0x3CA0, 0x3CC7, 0x3CA0, 0x3CC7, 0x3CA0, 0x3CC7, 0x3CA0, 0x3CC7, 0x3CC7, 
    0x3CC7, 0x3CA0, 0x3CC7, 0x3CA0, 0x3CC7, 0x3CA0, 0x3CC7, 0x3CC7, 0x3CC7, 
    0x3CA0, 0x3CC7, 0x3CC7, 0x3CC7, 0x3CA0, 0x3CC7, 0x3CC7, 0x3CC7, 0x3CA0, 
    0x3CC7, 0x3CC7, 0x3CC7, 0x4257, 0x3CC7, 0x3CC7, 0x3CC7, 0x3CA0, 0x3CC7, 
    0x3CC7, 0x3CC7, 0x3CA0, 0x3CC7, 0x3CC7, 0x3CC7, 0x3CA0, 0x3CC7, 0x3CC7, 
    0x3CC7, 0x3CA0, 0x3CC7, 0x3CC7, 0x3CC7, 0x3CA0, 0x3CC7, 0x3CC7, 0x3CC7, 
    0x3CC7, 0x3CC7, 0x3CC7, 0x3CA0, 0x3CA0, 0x3CA0, 0x3CA0, 0x3CA0, 0x3CA0, 
    0x3CA0, 0x3CA0, 0x3CA0, 0x3CA0, 0x3CA0, 0x3CA0, 0x3CA0, 0x3CA0, 0x3CA0, 
    0x3CA0, 0x3CA0, 0x3CA0, 0x3CA0, 0x3CA0, 0x3CA0, 0x3CA0, 0x3CA0, 0x3CA0, 
    0x3CA0, 0x3CA0, 0x3CA0, 0x3CA0, 0x3CA0, 0x3CA0, 0x3CA0, 0x3CA0, 0x3CA0, 
    0x3CA0, 0x3CA0, 0x3CA0, 0x3A16, 0x5DA7, 0x3CA0, 0x3CA0, 0x3CA0, 0x3CA0, 
    0x3CA0, 0x3CA0, 0x3CA0, 0x3CA0, 0x3CA0, 0x3CA0, 0x3CA0, 0x3CA0, 0x3CA0, 
    0x3CA0, 0x3CA0, 0x3CA0, 0x3CA0, 0x3CA0, 0x3CA0, 0x3CA0, 0x3CA0, 0x3CA0, 
    0x3CA0, 0x3CA0, 0x3CA0, 0x3CA0, 0x3CA0, 0x3CA0, 0x3CA0, 0x3CA0, 0x3CA0, 
    0x3CA0, 0x3CA0, 0x3CA0, 0x3CA0, 0x3CA0, 0x3CA0, 0x3CA0, 0x3CA0, 0x3CA0, 
    0x3CA0, 0x3CA0, 0x3CA0, 0x3CA0, 0x3CA0, 0x3CA0, 0x3CA0, 0x3CA0, 0x3CA0, 
    0x3CA0, 0x3CA0, 0x3CA0, 0x3CA0, 0x3CA0, 0x3CA0, 0x3CA0, 0x3CA0, 0x3CA0, 
    0x3CA0, 0x3CA0, 0x3CA0, 0x3CA0, 0x3A16, 0x3CA0, 0x3CA0, 0x3CC7, 0x3CA0, 
    0x3CA0, 0x3CA0, 0x3CA0, 0x3CA0, 0x3CA0, 0x3CA0, 0x3CC7, 0x3CA0, 0x3CA0, 
    0x3CA0, 0x3CC7, 0x3CA0, 0x3CA0, 0x3CA0, 0x3CC7, 0x3CA0, 0x3CA0, 0x3CA0, 
    0x3CC7, 0x3CA0, 0x3CA0, 0x3CA0, 0x3CC7, 0x3CA0, 0x3CA0, 0x3CA0, 0x3CC7, 
    0x3CA0, 0x3CA0, 0x3CA0, 0x3CC7, 0x3CA0, 0x3CA0, 0x3CA0, 0x3CC7, 0x3CA0, 
    0x3CA0, 0x3CA0, 0x3CC7, 0x3CA0, 0x3CA0, 0x3CA0, 0x3CC7, 0x3CA0, 0x3CC7, 
    0x3CA0, 0x3CC7, 0x3CA0, 0x3CA0, 0x3CA0, 0x3CC7, 0x3CA0, 0x3CC7, 0x3CA0, 
    0x3CC7, 0x3CA0, 0x3CC7, 0x3CA0, 0x3CC7, 0x3A16, 0x3CC7, 0x3CA0, 0x3CC7, 
    0x3CA0, 0x3CC7, 0x3CA0, 0x3CC7, 0x3CA0, 0x3CC7, 0x3CA0, 0x3CC7, 0x3CA0, 
    0x3CC7, 0x3CA0, 0x3CC7, 0x3CA0, 0x3CC7, 0x3CA0, 0x3CC7, 0x3CA0, 0x3CC7, 
    0x3CA0, 0x3CC7, 0x3CA0, 0x3CC7, 0x3CA0, 0x3CC7, 0x3CA0, 0x3CC7, 0x3CA0, 
    0x3CC7, 0x3CA0, 0x3CC7, 0x3CA0, 0x3CC7, 0x3CA0, 0x3CC7, 0x3CA0, 0x3CC7, 
    0x3CA0, 0x3CC7, 0x3CA0, 0x3CC7, 0x3CA0, 0x3CC7, 0x3CA0, 0x3CC7, 0x3CA0, 
    0x3CC7, 0x3CA0, 0x3CC7, 0x3CA0, 0x3CC7, 0x3CA0, 0x3CC7, 0x3CA0, 0x3CC7, 
    0x3CA0, 0x3CC7, 0x3CA0, 0x3CC7, 0x3CA0, 0x3CC7, 0x3A16, 0x3CC7, 0x3CA0, 
    0x3CC7, 0x3CA0, 0x3CC7, 0x3CA0, 0x3CC7, 0x3CA0, 0x3CC7, 0x3CA0, 0x3CC7, 
    0x3CC7, 0x3CA0, 0x3CA0, 0x3CA0, 0x3CC7, 0x3CA0, 0x3CA0, 0x3CA0, 0x3CC7, 
    0x3CA0, 0x3CA0, 0x3CA0, 0x3CC7, 0x3CA0, 0x3CA0, 0x3CA0, 0x3CC7, 0x3CA0, 
    0x3CA0, 0x3CA0, 0x3CC7, 0x3CA0, 0x3CA0, 0x3CA0, 0x3CC7, 0x3CA0, 0x3CA0, 
    0x3CA0, 0x3CC7, 0x3CA0, 0x3CA0, 0x3CA0, 0x3CC7, 0x3CA0, 0x3CC7, 0x3CA0, 
    0x4278, 0x3CA0, 0x3CA0, 0x3CA0, 0x3CC7, 0x3CA0, 0x3CC7, 0x3CA0, 0x3CC7, 
    0x3CA0, 0x3CC7, 0x3CA0, 0x3CC7, 0x3CA0, 0x3CC7, 0x3CA0, 0x3CC7, 0x3CA0, 
    0x3CC7, 0x3CA0, 0x3CC7, 0x3CA0, 0x3CC7, 0x3CA0, 0x3CC7, 0x3CA0, 0x69D9, 
    0x3CA0, 0x3CC7, 0x3CA0, 0x3CC7, 0x3CA0, 0x3CC7, 0x3CA0, 0x3CC7, 0x3CA0, 
    0x3CC7, 0x3CA0, 0x3CC7, 0x3CA0, 0x3CC7, 0x3CA0, 0x3CC7, 0x3CA0, 0x3CC7, 
    0x3CA0, 0x3CC7, 0x3CA0, 0x3CC7, 0x3CA0, 0x3CC7, 0x3CA0, 0x3CC7, 0x3CA0, 
    0x3CC7, 0x3CA0, 0x3CC7, 0x3CA0, 0x3CC7, 0x3CA0, 0x3CC7, 0x3CA0, 0x3CC7, 
    0x3CA0, 0x4278, 0x3CA0, 0x3CC7, 0x3CA0, 0x3CC7, 0x3CA0, 0x3CC7, 0x3CA0, 
    0x3CC7, 0x3CA0, 0x3CC7, 0x3CA0, 0x3CC7, 0x3CA0, 0x3CC7, 0x3CA0, 0x3CC7, 
    0x3CA0, 0x3CC7, 0x3CA0, 0x3CC7, 0x3CA0, 0x3CC7, 0x3CA0, 0x3CC7, 0x3CA0, 
    0x69D9, 0x3CA0, 0x3CC7, 0x3CA0, 0x3CC7, 0x3CA0, 0x3CC7, 0x3CA0, 0x3CC7, 
    0x3CA0, 0x3CC7, 0x3CA0, 0x3CC7, 0x3CA0, 0x3CC7, 0x3CA0, 0x3CC7, 0x3CA0, 
    0x3CC7, 0x3CA0, 0x3CC7, 0x3CA0, 0x3CC7, 0x3CA0, 0x3CC7, 0x3CA0, 0x3CC7, 
    0x3CA0, 0x3CC7, 0x3CA0, 0x3CC7, 0x3CA0, 0x3CC7, 0x3CA0, 0x3CC7, 0x3CC7, 
    0x3CC7, 0x3CA0, 0x4278, 0x3CA0, 0x3CC7, 0x3CA0, 0x3CC7, 0x3CC7, 0x3CC7, 
    0x3CA0, 0x3CC7, 0x3CC7, 0x3CC7, 0x3CA0, 0x3CC7, 0x3CC7, 0x3CC7, 0x3CA0, 
    0x3CC7, 0x3CC7, 0x3CC7, 0x3CA0, 0x3CC7, 0x3CC7, 0x3CC7, 0x3CA0, 0x3CC7, 
    0x3CC7, 0x69D9, 0x3CA0, 0x3CC7, 0x3CC7, 0x3CC7, 0x3CA0, 0x3CC7, 0x3CC7, 
    0x3CC7, 0x3CA0, 0x3CC7, 0x3CC7, 0x3CC7, 0x3CC7, 0x3CC7, 0x3CC7, 0x3CC7, 
    0x3CA0, 0x3CC7, 0x3CC7, 0x3CC7, 0x3CC7, 0x3CC7, 0x3CC7, 0x3CC7, 0x3CC7, 
    0x3CC7, 0x3CC7, 0x3CC7, 0x3CC7, 0x3CC7, 0x3CC7, 0x3CC7, 0x3CC7, 0x3CC7, 
    0x3CC7, 0x3CC7, 0x3CC7, 0x4278, 0x3CC7, 0x3CC7, 0x3CC7, 0x3CC7, 0x3CC7, 
    0x3CC7, 0x3CC7, 0x3CC7, 0x3CC7, 0x3CC7, 0x3CC7, 0x3CA0, 0x5EAB, 0x5EAB, 
    0x3CA0, 0x3CA0, 0x3CA0, 0x3CA0, 0x3CA0, 0x3CA0, 0x3CA0, 0x3CA0, 0x3CA0, 
    0x3CA0, 0x3CA0, 0x3CA0, 0x3CA0, 0x3CA0, 0x3CA0, 0x3CA0, 0x3CA0, 0x3CA0, 
    0x3CA0, 0x3CA0, 0x3CA0, 0x3CA0, 0x3CA0, 0x3CA0, 0x3CA0, 0x3CA0, 0x3CA0, 
    0x3CA0, 0x3CA0, 0x3CA0, 0x3CA0, 0x3CA0, 0x3CA0, 0x5E92, 0x3CA0, 0x3CA0, 
    0x3CA0, 0x3CA0, 0x3CA0, 0x3CA0, 0x3CA0, 0x3CA0, 0x3CA0, 0x3CA0, 0x3CA0, 
    0x3CA0, 0x3CA0, 0x3CA0, 0x3CA0, 0x3CA0, 0x3CA0, 0x3CA0, 0x3CA0, 0x3CA0, 
    0x3CA0, 0x3CA0, 0x3CA0, 0x3CA0, 0x3CA0, 0x3CA0, 0x3CA0, 0x3CA0, 0x5EAB, 
    0x5EAB, 0x3CA0, 0x3CA0, 0x3CA0, 0x3CA0, 0x3CA0, 0x3CA0, 0x3CA0, 0x3CA0, 
    0x3CA0, 0x3CA0, 0x3CA0, 0x3CA0, 0x3CA0, 0x3CA0, 0x3CC7, 0x3CA0, 0x3CA0, 
    0x3CA0, 0x3CC7, 0x3CA0, 0x3CA0, 0x3CA0, 0x3CC7, 0x3CA0, 0x3CA0, 0x3CA0, 
    0x3CC7, 0x3CA0, 0x3CA0, 0x3CA0, 0x3CC7, 0x3CA0, 0x3CA0, 0x4AB8, 0x3CC7, 
    0x3CA0, 0x3CA0, 0x3CA0, 0x3CC7, 0x3CA0, 0x3CA0, 0x3CA0, 0x3CC7, 0x3CA0, 
    0x3CA0, 0x3CA0, 0x3CC7, 0x3CA0, 0x3CA0, 0x3CA0, 0x3CC7, 0x3CA0, 0x3CA0, 
    0x3CA0, 0x3CC7, 0x3CA0, 0x3CC7, 0x3CA0, 0x3CC7, 0x3CA0, 0x3CC7, 0x3CA0, 
    0x5ECC, 0x5EAB, 0x3CC7, 0x3CA0, 0x3CC7, 0x3CA0, 0x3CC7, 0x3CA0, 0x3CC7, 
    0x3CA0, 0x3CC7, 0x3CA0, 0x3CC7, 0x3CA0, 0x3CC7, 0x3CA0, 0x3CC7, 0x3CA0, 
    0x3CC7, 0x3CA0, 0x3CC7, 0x3CA0, 0x3CC7, 0x3CA0, 0x3CC7, 0x3CA0, 0x3CC7, 
    0x3CA0, 0x3CC7, 0x3CA0, 0x3CC7, 0x3CA0, 0x3CC7, 0x3CA0, 0x3CC7, 0x4AB8, 
    0x3CC7, 0x3CA0, 0x3CC7, 0x3CA0, 0x3CC7, 0x3CA0, 0x3CC7, 0x3CA0, 0x3CC7, 
    0x3CA0, 0x3CC7, 0x3CA0, 0x3CC7, 0x3CA0, 0x3CC7, 0x3CA0, 0x3CC7, 0x3CA0, 
    0x3CC7, 0x3CA0, 0x3CC7, 0x3CA0, 0x3CC7, 0x3CA0, 0x3CC7, 0x3CA0, 0x3CC7, 
    0x3CA0, 0x5ECC, 0x5EAB, 0x3CC7, 0x3CA0, 0x3CC7, 0x3CA0, 0x3CC7, 0x3CA0, 
    0x3CC7, 0x3CA0, 0x3CC7, 0x3CA0, 0x3CC7, 0x3CA0, 0x3CC7, 0x3CA0, 0x3CC7, 
    0x3CA0, 0x3CC7, 0x3CA0, 0x3CC7, 0x3CA0, 0x3CC7, 0x3CA0, 0x3CC7, 0x3CA0, 
    0x3CC7, 0x3CA0, 0x3CC7, 0x3CA0, 0x3CC7, 0x3CA0, 0x3CC7, 0x3CA0, 0x3CC7, 
    0x4AB8, 0x3CC7, 0x3CA0, 0x3CC7, 0x3CA0, 0x3CC7, 0x3CA0, 0x3CC7, 0x3CA0, 
    0x3CC7, 0x3CA0, 0x3CC7, 0x3CA0, 0x5EAB, 0x5EAB, 0x3CA0, 0x3CA0, 0x3CA0, 
    0x3CA0, 0x3CA0, 0x3CA0, 0x3CA0, 0x3CC7, 0x3CA0, 0x3CA0, 0x3CA0, 0x3CA0, 
    0x3CA0, 0x3CA0, 0x3CA0, 0x3CC7, 0x3CA0, 0x3CA0, 0x3CA0, 0x3CC7, 0x3CA0, 
    0x3CA0, 0x3CA0, 0x3CC7, 0x3CA0, 0x3CA0, 0x3CA0, 0x3CC7, 0x3CA0, 0x3CA0, 
    0x3CA0, 0x3CC7, 0x5545, 0x62B3, 0x5545, 0x3CC7, 0x3CA0, 0x3CA0, 0x3CA0, 
    0x3CC7, 0x3CA0, 0x3CA0, 0x3CA0, 0x3CC7, 0x3CA0, 0x3CA0, 0x3CA0, 0x3CC7, 
    0x3CA0, 0x3CA0, 0x3CA0, 0x3CC7, 0x3CA0, 0x3CC7, 0x3CA0, 0x3CC7, 0x3CA0, 
    0x3CA0, 0x3CA0, 0x3CC7, 0x3CA0, 0x3CC7, 0x5EAB, 0x5ECC, 0x3CA0, 0x3CC7, 
    0x3CA0, 0x3CC7, 0x3CA0, 0x3CC7, 0x3CA0, 0x3CC7, 0x3CA0, 0x3CC7, 0x3CA0, 
    0x3CC7, 0x3CA0, 0x3CC7, 0x3CA0, 0x3CC7, 0x3CA0, 0x3CC7, 0x3CA0, 0x3CC7, 
    0x3CA0, 0x3CC7, 0x3CA0, 0x3CC7, 0x3CA0, 0x3CC7, 0x3CA0, 0x3CC7, 0x3CA0, 
    0x3CC7, 0x3CA0, 0x3CC7, 0x3CA0, 0x531A, 0x3CA0, 0x3CC7, 0x3CA0, 0x3CC7, 
    0x3CA0, 0x3CC7, 0x3CA0, 0x3CC7, 0x3CA0, 0x3CC7, 0x3CA0, 0x3CC7, 0x3CA0, 
    0x3CC7, 0x3CA0, 0x3CC7, 0x3CA0, 0x3CC7, 0x3CA0, 0x3CC7, 0x3CA0, 0x3CC7, 
    0x3CA0, 0x3CC7, 0x3CA0, 0x3CC7, 0x3CA0, 0x3CC7, 0x5EAB, 0x5ECC, 0x3CA0, 
    0x3CC7, 0x3CA0, 0x3CC7, 0x3CA0, 0x3CC7, 0x3CA0, 0x3CC7, 0x3CA0, 0x3CC7, 
    0x3CA0, 0x3CC7, 0x3CA0, 0x3CC7, 0x3CA0, 0x3CC7, 0x3CA0, 0x3CC7, 0x3CA0, 
    0x3CC7, 0x3CA0, 0x3CC7, 0x3CA0, 0x3CC7, 0x3CA0, 0x3CC7, 0x3CA0, 0x3CC7, 
    0x3CA0, 0x3CC7, 0x3CA0, 0x3CC7, 0x3CA0, 0x531A, 0x3CA0, 0x3CC7, 0x3CA0, 
    0x3CC7, 0x3CA0, 0x3CC7, 0x3CA0, 0x3CC7, 0x3CA0, 0x3CC7, 0x3CA0, 0x3CC7, 
    0x3CA0, 0x3CC7, 0x3CC7, 0x3CC7, 0x3CA0, 0x3CC7, 0x3CA0, 0x3CC7, 0x3CA0, 
    0x3CC7, 0x3CC7, 0x3CC7, 0x3CA0, 0x3CC7, 0x3CC7, 0x3CC7, 0x5EAB, 0x5ECC, 
    0x3CC7, 0x3CC7, 0x3CA0, 0x3CC7, 0x3CC7, 0x3CC7, 0x3CA0, 0x3CC7, 0x3CC7, 
    0x3CC7, 0x3CA0, 0x3CC7, 0x3CC7, 0x3CC7, 0x3CA0, 0x3CC7, 0x3CC7, 0x3CC7, 
    0x3CA0, 0x3CC7, 0x3CC7, 0x3CC7, 0x3CA0, 0x3CC7, 0x3CC7, 0x3CC7, 0x3CA0, 
    0x3CC7, 0x3CC7, 0x3CC7, 0x3CC7, 0x3CC7, 0x3CC7, 0x531A, 0x3CA0, 0x3CC7, 
    0x3CC7, 0x3CC7, 0x3CC7, 0x3CC7, 0x3CC7, 0x3CC7, 0x3CC7, 0x3CC7, 0x3CC7, 
    0x3CA0, 0x3CA0, 0x3CA0, 0x3CA0, 0x3CA0, 0x3CA0, 0x3CA0, 0x3CA0, 0x3CA0, 
    0x3CA0, 0x3CA0, 0x3CA0, 0x3CA0, 0x3CA0, 0x3CA0, 0x69D7, 0x3CA0, 0x3CA0, 
    0x3CA0, 0x3CA0, 0x3CA0, 0x3CA0, 0x3CA0, 0x3CA0, 0x3CA0, 0x3CA0, 0x3CA0, 
    0x3CA0, 0x3CA0, 0x3CA0, 0x3CA0, 0x3CA0, 0x3CA0, 0x3A16, 0x5E92, 0x62B3, 
    0x6AD3, 0x62B3, 0x5E92, 0x3CA0, 0x3A16, 0x3CA0, 0x3CA0, 0x3CA0, 0x3CA0, 
    0x3CA0, 0x3CA0, 0x3CA0, 0x3CA0, 0x3CA0, 0x3CA0, 0x3CA0, 0x3CA0, 0x3CA0, 
    0x3CA0, 0x3CA0, 0x3CA0, 0x3CA0, 0x3CA0, 0x3CA0, 0x3CA0, 0x3CA0, 0x3CA0, 
    0x3CA0, 0x3CA0, 0x3CA0, 0x3CA0, 0x3CA0, 0x3CA0, 0x3CA0, 0x3CA0, 0x3CA0, 
    0x3CA0, 0x3CA0, 0x3CA0, 0x3CA0, 0x3CA0, 0x3CA0, 0x3CA0, 0x69D7, 0x3CA0, 
    0x3CA0, 0x3CA0, 0x3CA0, 0x3CA0, 0x3CA0, 0x3CA0, 0x3CA0, 0x3CA0, 0x3CA0, 
    0x3CA0, 0x3CA0, 0x3CA0, 0x3CA0, 0x3CA0, 0x3CA0, 0x3CA0, 0x3A16, 0x4AB8, 
    0x531A, 0x5F18, 0x5318, 0x4AB8, 0x3CA0, 0x3A16, 0x3CA0, 0x3CA0, 0x3CC7, 
    0x3CA0, 0x3CA0, 0x3CA0, 0x3CC7, 0x3CA0, 0x3CA0, 0x3CA0, 0x3CC7, 0x3CA0, 
    0x3CA0, 0x3CA0, 0x3CC7, 0x3CA0, 0x3CA0, 0x3CA0, 0x3CC7, 0x3CA0, 0x3CA0, 
    0x3CA0, 0x3CC7, 0x3CA0, 0x3CA0, 0x3CA0, 0x3CC7, 0x3CA0, 0x3CA0, 0x3CA0, 
    0x3CC7, 0x3CA0, 0x3CC7, 0x3CA0, 0x3CC7, 0x3CA0, 0x3CA0, 0x3CA0, 0x69D9, 
    0x3CA0, 0x3CC7, 0x3CA0, 0x3CC7, 0x3CA0, 0x3CC7, 0x3CA0, 0x3CC7, 0x3CA0, 
    0x3CC7, 0x3CA0, 0x3CC7, 0x3CA0, 0x3CC7, 0x3CA0, 0x3CC7, 0x3CA0, 0x3A17, 
    0x4AB8, 0x531A, 0x5F18, 0x531A, 0x4AB8, 0x3CC7, 0x3A16, 0x3CC7, 0x3CA0, 
    0x3CC7, 0x3CA0, 0x3CC7, 0x3CA0, 0x3CC7, 0x3CA0, 0x3CC7, 0x3CA0, 0x3CC7, 
    0x3CA0, 0x3CC7, 0x3CA0, 0x3CC7, 0x3CA0, 0x3CC7, 0x3CA0, 0x3CC7, 0x3CA0, 
    0x3CC7, 0x3CA0, 0x3CC7, 0x3CA0, 0x3CC7, 0x3CA0, 0x3CC7, 0x3CA0, 0x3CC7, 
    0x3CA0, 0x3CC7, 0x3CA0, 0x3CC7, 0x3CA0, 0x3CC7, 0x3CA0, 0x3CC7, 0x3CA0, 
    0x69D9, 0x3CA0, 0x3CC7, 0x3CA0, 0x3CC7, 0x3CA0, 0x3CC7, 0x3CA0, 0x3CC7, 
    0x3CA0, 0x3CC7, 0x3CA0, 0x3CC7, 0x3CA0, 0x3CC7, 0x3CA0, 0x3CC7, 0x3CA0, 
    0x3A17, 0x4AB8, 0x531A, 0x5F18, 0x531A, 0x4AB8, 0x3CC7, 0x3A16, 0x3CC7, 
    0x3CA0, 0x3CC7, 0x3CA0, 0x3CC7, 0x3CA0, 0x3CC7, 0x3CA0, 0x3CA0, 0x3CA0, 
    0x3CA0, 0x3CC7, 0x3CA0, 0x3CA0, 0x3CA0, 0x3CC7, 0x3CA0, 0x3CA0, 0x3CA0, 
    0x3CC7, 0x3CA0, 0x3CA0, 0x3CA0, 0x3CC7, 0x3CA0, 0x3CA0, 0x3CA0, 0x3CC7, 
    0x3CA0, 0x3CA0, 0x3CA0, 0x3CC7, 0x3CA0, 0x3CA0, 0x3CA0, 0x3CC7, 0x3CA0, 
    0x3CA0, 0x3CA0, 0x3CC7, 0x3CA0, 0x3CA0, 0x5545, 0x62D4, 0x5545, 0x3CC7, 
    0x3CA0, 0x3CC7, 0x3CA0, 0x3CA0, 0x3CA0, 0x3CC7, 0x3CA0, 0x3CC7, 0x3CA0, 
    0x3CC7, 0x3CA0, 0x3CC7, 0x3CA0, 0x3CC7, 0x3CA0, 0x3CC7, 0x3CA0, 0x3CC7, 
    0x3CA0, 0x3CC7, 0x3CA0, 0x3CC7, 0x3CA0, 0x3CC7, 0x3CA0, 0x3CC7, 0x3CA0, 
    0x3CC7, 0x3CA0, 0x3CC7, 0x3CA0, 0x3CC7, 0x3CA0, 0x3CC7, 0x3CA0, 0x3CC7, 
    0x3CA0, 0x3CC7, 0x3CA0, 0x3CC7, 0x3CA0, 0x3CC7, 0x3CA0, 0x3CC7, 0x3CA0, 
    0x3CC7, 0x3CA0, 0x3CC7, 0x3CA0, 0x3CC7, 0x3CA0, 0x3CC7, 0x3CA0, 0x3CC7, 
    0x3CA0, 0x3CC7, 0x3CA0, 0x3CC7, 0x3CA0, 0x3CC7, 0x3CA0, 0x531A, 0x3CA0, 
    0x3CC7, 0x3CA0, 0x3CC7, 0x3CA0, 0x3CC7, 0x3CA0, 0x3CC7, 0x3CA0, 0x3CC7, 
    0x3CA0, 0x3CC7, 0x3CA0, 0x3CC7, 0x3CA0, 0x3CC7, 0x3CA0, 0x3CC7, 0x3CA0, 
    0x3CC7, 0x3CA0, 0x3CC7, 0x3CA0, 0x3CC7, 0x3CA0, 0x3CC7, 0x3CA0, 0x3CC7, 
    0x3CA0, 0x3CC7, 0x3CA0, 0x3CC7, 0x3CA0, 0x3CC7, 0x3CA0, 0x3CC7, 0x3CA0, 
    0x3CC7, 0x3CA0, 0x3CC7, 0x3CA0, 0x3CC7, 0x3CA0, 0x3CC7, 0x3CA0, 0x3CC7, 
    0x3CA0, 0x3CC7, 0x3CA0, 0x3CC7, 0x3CA0, 0x3CC7, 0x3CA0, 0x3CC7, 0x3CA0, 
    0x3CC7, 0x3CA0, 0x3CC7, 0x3CA0, 0x3CC7, 0x3CA0, 0x3CC7, 0x3CA0, 0x531A, 
    0x3CC7, 0x3CC7, 0x3CA0, 0x3CC7, 0x3CA0, 0x3CC7, 0x3CA0, 0x3CC7, 0x3CC7, 
    0x3CC7, 0x3CA0, 0x3CC7, 0x3CC7, 0x3CC7, 0x3CA0, 0x3CC7, 0x3CC7, 0x3CC7, 
    0x3CA0, 0x3CC7, 0x3CC7, 0x3CC7, 0x3CA0, 0x3CC7, 0x3CC7, 0x3CC7, 0x3CA0, 
    0x3CC7, 0x3CC7, 0x3CC7, 0x3CA0, 0x3CC7, 0x3CC7, 0x3CC7, 0x3CA0, 0x3CC7, 
    0x3CC7, 0x3CC7, 0x3CA0, 0x3CC7, 0x3CC7, 0x3CC7, 0x3CC7, 0x3CC7, 0x3CC7, 
    0x3CC7, 0x3CA0, 0x3CC7, 0x3CC7, 0x3CC7, 0x3CC7, 0x3CC7, 0x3CC7, 0x3CC7, 
    0x3CC7, 0x3CC7, 0x3CC7, 0x3CC7, 0x3CC7, 0x3CC7, 0x3CC7, 0x3CC7, 0x3CC7, 
    0x531A, 0x3CC7, 0x3CC7, 0x3CC7, 0x3CC7, 0x3CC7, 0x3CC7, 0x3CC7, 0x3CC7, 
    0x3CC7, 0x3CC7, 0x3CC7, 0x3CA0, 0x3CA0, 0x3CA0, 0x3CA0, 0x3CA0, 0x3CA0, 
    0x3CA0, 0x3CA0, 0x3CA0, 0x3CA0, 0x3CA0, 0x3CA0, 0x3CA0, 0x3CA0, 0x3CA0, 
    0x3CA0, 0x3CA0, 0x3CA0, 0x3CA0, 0x3CA0, 0x3CA0, 0x3CA0, 0x3CA0, 0x3CA0, 
    0x3CA0, 0x3CA0, 0x3CA0, 0x3CA0, 0x3CA0, 0x3CA0, 0x3CA0, 0x3CA0, 0x3CA0, 
    0x3CA0, 0x3CA0, 0x3CA0, 0x5E92, 0x3CA0, 0x3CA0, 0x3CA0, 0x3CA0, 0x3CA0, 
    0x3CA0, 0x3CA0, 0x3CA0, 0x3CA0, 0x3CA0, 0x3CA0, 0x3CA0, 0x3CA0, 0x3CA0, 
    0x3CA0, 0x3CA0, 0x4257, 0x3CA0, 0x3CA0, 0x3CA0, 0x3CA0, 0x3CA0, 0x3CA0, 
    0x3CA0, 0x3CA0, 0x3CA0, 0x3CA0, 0x3CA0, 0x3CA0, 0x3CA0, 0x3CA0, 0x3CA0, 
    0x3CA0, 0x3CA0, 0x3CA0, 0x3CA0, 0x3CA0, 0x3CA0, 0x3CA0, 0x3CA0, 0x3CC7, 
    0x3CA0, 0x3CA0, 0x3CA0, 0x3CA0, 0x3CA0, 0x3CA0, 0x3CA0, 0x3CC7, 0x3CA0, 
    0x3CA0, 0x3CA0, 0x3CC7, 0x3CA0, 0x3CA0, 0x3CA0, 0x3CC7, 0x3CA0, 0x3CA0, 
    0x3CA0, 0x3CC7, 0x3CA0, 0x3CA0, 0x4AB8, 0x3CC7, 0x3CA0, 0x3CA0, 0x3CA0, 
    0x3CC7, 0x3CA0, 0x3CA0, 0x3CA0, 0x3CC7, 0x3CA0, 0x3CA0, 0x3CA0, 0x3CC7, 
    0x3CA0, 0x3CA0, 0x3CA0, 0x4278, 0x3CA0, 0x3CC7, 0x3CA0, 0x3CC7, 0x3CA0, 
    0x3CA0, 0x3CA0, 0x3CC7, 0x3CA0, 0x3CC7, 0x3CA0, 0x3CC7, 0x3CA0, 0x3CC7, 
    0x3CA0, 0x3CC7, 0x3CA0, 0x3CC7, 0x3CA0, 0x3CC7, 0x3CA0, 0x3CC7, 0x3CA0, 
    0x3CC7, 0x3CA0, 0x3CC7, 0x3CA0, 0x3CC7, 0x3CA0, 0x3CC7, 0x3CA0, 0x3CC7, 
    0x3CA0, 0x3CC7, 0x3CA0, 0x3CC7, 0x3CA0, 0x3CC7, 0x3CA0, 0x3CC7, 0x3CA0, 
    0x3CC7, 0x3CA0, 0x3CC7, 0x3CA0, 0x3CC7, 0x4AB8, 0x3CC7, 0x3CA0, 0x3CC7, 
    0x3CA0, 0x3CC7, 0x3CA0, 0x3CC7, 0x3CA0, 0x3CC7, 0x3CA0, 0x3CC7, 0x3CA0, 
    0x3CC7, 0x3CA0, 0x3CC7, 0x3CA0, 0x4278, 0x3CA0, 0x3CC7, 0x3CA0, 0x3CC7, 
    0x3CA0, 0x3CC7, 0x3CA0, 0x3CC7, 0x3CA0, 0x3CC7, 0x3CA0, 0x3CC7, 0x3CA0, 
    0x3CC7, 0x3CA0, 0x3CC7, 0x3CA0, 0x3CC7, 0x3CA0, 0x3CC7, 0x3CA0, 0x3CC7, 
    0x3CA0, 0x3CC7, 0x3CA0, 0x3CC7, 0x3CA0, 0x3CC7, 0x3CA0, 0x3CC7, 0x3CA0, 
    0x3CC7, 0x3CA0, 0x3CC7, 0x3CA0, 0x3CC7, 0x3CA0, 0x3CC7, 0x3CA0, 0x3CC7, 
    0x3CA0, 0x3CC7, 0x3CA0, 0x3CC7, 0x3CA0, 0x3CC7, 0x4AB8, 0x3CC7, 0x3CA0, 
    0x3CC7, 0x3CA0, 0x3CC7, 0x3CA0, 0x3CC7, 0x3CA0, 0x3CC7, 0x3CA0, 0x3CC7, 
    0x3CA0, 0x3CA0, 0x3CA0, 0x3CA0, 0x3CA0, 0x3CA0, 0x3CA0, 0x3CA0, 0x3CA0, 
    0x3CA0, 0x3CA0, 0x3CA0, 0x3CA0, 0x3CA0, 0x3CC7, 0x3CA0, 0x3CA0, 0x3CA0, 
    0x3CA0, 0x31B5, 0x31B5, 0x3CA0, 0x3CC7, 0x3CA0, 0x3CA0, 0x3CA0, 0x3CC7, 
    0x3CA0, 0x3CA0, 0x3CA0, 0x3CC7, 0x3CA0, 0x3CA0, 0x3CA0, 0x3CC7, 0x3CA0, 
    0x4257, 0x3CA0, 0x5DCB, 0x3CA0, 0x3CA0, 0x3CA0, 0x3CC7, 0x3CA0, 0x3CA0, 
    0x3CA0, 0x3CC7, 0x3CA0, 0x3CA0, 0x3CA0, 0x3CC7, 0x3CA0, 0x3CA0, 0x3CA0, 
    0x3CC7, 0x3CA0, 0x3CA0, 0x3CA0, 0x3CC7, 0x3CA0, 0x3CC7, 0x3CA0, 0x3CC7, 
    0x3CA0, 0x3CA0, 0x3CA0, 0x3CC7, 0x3CA0, 0x3CC7, 0x3CA0, 0x3CC7, 0x3CA0, 
    0x3CC7, 0x3CA0, 0x3CC7, 0x3CA0, 0x3CC7, 0x3CA0, 0x3CC7, 0x3CA0, 0x3CC7, 
    0x3CA0, 0x3CC7, 0x31B5, 0x31B6, 0x3CA0, 0x3CC7, 0x3CA0, 0x3CC7, 0x3CA0, 
    0x3CC7, 0x3CA0, 0x3CC7, 0x3CA0, 0x3CC7, 0x3CA0, 0x3CC7, 0x3CA0, 0x3CC7, 
    0x3CA0, 0x4278, 0x3CA0, 0x3CC7, 0x3CA0, 0x3CC7, 0x3CA0, 0x3CC7, 0x3CA0, 
    0x3CC7, 0x3CA0, 0x3CC7, 0x3CA0, 0x3CC7, 0x3CA0, 0x3CC7, 0x3CA0, 0x3CC7, 
    0x3CA0, 0x3CC7, 0x3CA0, 0x3CC7, 0x3CA0, 0x3CC7, 0x3CA0, 0x3CC7, 0x3CA0, 
    0x3CC7, 0x3CA0, 0x3CC7, 0x3CA0, 0x3CC7, 0x3CA0, 0x3CC7, 0x3CA0, 0x3CC7, 
    0x3CA0, 0x3CC7, 0x3CA0, 0x3CC7, 0x3CA0, 0x3CC7, 0x3CA0, 0x3CC7, 0x3CA0, 
    0x3CC7, 0x3CA0, 0x3CC7, 0x31B5, 0x31B6, 0x3CA0, 0x3CC7, 0x3CA0, 0x3CC7, 
    0x3CA0, 0x3CC7, 0x3CA0, 0x3CC7, 0x3CA0, 0x3CC7, 0x3CA0, 0x3CC7, 0x3CA0, 
    0x3CC7, 0x3CA0, 0x4278, 0x3CA0, 0x3CC7, 0x3CA0, 0x3CC7, 0x3CA0, 0x3CC7, 
    0x3CA0, 0x3CC7, 0x3CA0, 0x3CC7, 0x3CA0, 0x3CC7, 0x3CA0, 0x3CC7, 0x3CA0, 
    0x3CC7, 0x3CA0, 0x3CC7, 0x3CC7, 0x3CC7, 0x3CA0, 0x3CC7, 0x3CA0, 0x3CC7, 
    0x3CA0, 0x3CC7, 0x3CC7, 0x3CC7, 0x3CA0, 0x3CC7, 0x3CC7, 0x3CC7, 0x3CA0, 
    0x3CC7, 0x3CC7, 0x3CC7, 0x3CA0, 0x3CC7, 0x3CC7, 0x3CC7, 0x3CA0, 0x3CC7, 
    0x3CC7, 0x3CC7, 0x3CA0, 0x3CC7, 0x31B6, 0x31B6, 0x3CA0, 0x3CC7, 0x3CC7, 
    0x3CC7, 0x3CA0, 0x3CC7, 0x3CC7, 0x3CC7, 0x3CA0, 0x3CC7, 0x3CC7, 0x3CC7, 
    0x3CA0, 0x3CC7, 0x3CC7, 0x4278, 0x3CC7, 0x3CC7, 0x3CC7, 0x3CC7, 0x3CA0, 
    0x3CC7, 0x3CC7, 0x3CC7, 0x3CC7, 0x3CC7, 0x3CC7, 0x3CA0, 0x3CA0, 0x3CA0, 
    0x3CA0, 0x3CA0, 0x3CA0, 0x3CA0, 0x3CA0, 0x3CA0, 0x3CA0, 0x3CA0, 0x3CA0, 
    0x3CA0, 0x3CA0, 0x3CA0, 0x3CA0, 0x3CA0, 0x3CA0, 0x3CA0, 0x31B5, 0x31B5, 
    0x3CA0, 0x3CA0, 0x3CA0, 0x3CA0, 0x3CA0, 0x3CA0, 0x3CA0, 0x3CA0, 0x3CA0, 
    0x3CA0, 0x3CA0, 0x3CA0, 0x3CA0, 0x3CA0, 0x3CA0, 0x3A16, 0x3CA0, 0x5DA7, 
    0x3CA0, 0x3CA0, 0x3CA0, 0x3CA0, 0x3CA0, 0x3CA0, 0x3CA0, 0x3CA0, 0x3CA0, 
    0x3CA0, 0x3CA0, 0x3CA0, 0x3CA0, 0x3CA0, 0x3CA0, 0x3CA0, 0x3CA0, 0x3CA0, 
    0x5EAB, 0x5EAB, 0x3CA0, 0x3CA0, 0x3CA0, 0x3CA0, 0x3CA0, 0x3CA0, 0x3CA0, 
    0x3CA0, 0x3CA0, 0x3CA0, 0x3CA0, 0x3CA0, 0x3CA0, 0x3CA0, 0x3CA0, 0x3CA0, 
    0x3CA0, 0x3CA0, 0x3CA0, 0x3CA0, 0x3CA0, 0x3CA0, 0x3CA0, 0x3CA0, 0x31B5, 
    0x31B5, 0x3CA0, 0x3CA0, 0x3CA0, 0x3CA0, 0x3CA0, 0x3CA0, 0x3CA0, 0x3CA0, 
    0x3CA0, 0x3CA0, 0x3CA0, 0x3CA0, 0x3CA0, 0x3CA0, 0x3CA0, 0x3A16, 0x3CA0, 
    0x3CA0, 0x3CC7, 0x3CA0, 0x3CA0, 0x3CA0, 0x3CC7, 0x3CA0, 0x3CA0, 0x3CA0, 
    0x3CC7, 0x3CA0, 0x3CA0, 0x3CA0, 0x3CC7, 0x3CA0, 0x3CA0, 0x3CA0, 0x3CC7, 
    0x3CA0, 0x5EAB, 0x5EAB, 0x3CC7, 0x3CA0, 0x3CA0, 0x3CA0, 0x3CC7, 0x3CA0, 
    0x3CA0, 0x3CA0, 0x3CC7, 0x3CA0, 0x3CA0, 0x3CA0, 0x3CC7, 0x3CA0, 0x3CA0, 
    0x3CA0, 0x3CC7, 0x3CA0, 0x3CC7, 0x3CA0, 0x3CC7, 0x3CA0, 0x3CA0, 0x3CA0, 
    0x31B6, 0x31B5, 0x3CC7, 0x3CA0, 0x3CC7, 0x3CA0, 0x3CC7, 0x3CA0, 0x3CC7, 
    0x3CA0, 0x3CC7, 0x3CA0, 0x3CC7, 0x3CA0, 0x3CC7, 0x3CA0, 0x3CC7, 0x3A16, 
    0x3CC7, 0x3CA0, 0x3CC7, 0x3CA0, 0x3CC7, 0x3CA0, 0x3CC7, 0x3CA0, 0x3CC7, 
    0x3CA0, 0x3CC7, 0x3CA0, 0x3CC7, 0x3CA0, 0x3CC7, 0x3CA0, 0x3CC7, 0x3CA0, 
    0x3CC7, 0x3CA0, 0x5ECC, 0x5EAB, 0x3CC7, 0x3CA0, 0x3CC7, 0x3CA0, 0x3CC7, 
    0x3CA0, 0x3CC7, 0x3CA0, 0x3CC7, 0x3CA0, 0x3CC7, 0x3CA0, 0x3CC7, 0x3CA0, 
    0x3CC7, 0x3CA0, 0x3CC7, 0x3CA0, 0x3CC7, 0x3CA0, 0x3CC7, 0x3CA0, 0x3CC7, 
    0x3CA0, 0x31B6, 0x31B5, 0x3CC7, 0x3CA0, 0x3CC7, 0x3CA0, 0x3CC7, 0x3CA0, 
    0x3CC7, 0x3CA0, 0x3CC7, 0x3CA0, 0x3CC7, 0x3CA0, 0x3CC7, 0x3CA0, 0x3CC7, 
    0x3A16, 0x3CC7, 0x3CA0, 0x3CC7, 0x3CA0, 0x3CC7, 0x3CA0, 0x3CC7, 0x3CA0, 
    0x3CC7, 0x3CA0, 0x3CC7, 0x3CC7, 0x3CA0, 0x3CA0, 0x3CA0, 0x3CC7, 0x3CA0, 
    0x3CA0, 0x3CA0, 0x3CC7, 0x3CA0, 0x3CA0, 0x3CA0, 0x3CC7, 0x3CA0, 0x3CA0, 
    0x3CA0, 0x3CC7, 0x3CA0, 0x3CA0, 0x3CA0, 0x3CC7, 0x3CA0, 0x3CA0, 0x3CA0, 
    0x3CC7, 0x3CA0, 0x3CA0, 0x3CA0, 0x3CC7, 0x3CA0, 0x3CA0, 0x3CA0, 0x3CC7, 
    0x3CA0, 0x3CC7, 0x3CA0, 0x3CC7, 0x3CA0, 0x3CC7, 0x5DA7, 0x3DA7, 0x3CA0, 
    0x3CC7, 0x3CA0, 0x3CC7, 0x3CA0, 0x3CC7, 0x5EAB, 0x3CC7, 0x3CA0, 0x3CC7, 
    0x3CA0, 0x3CC7, 0x3CA0, 0x3CC7, 0x3CA0, 0x3CC7, 0x5EAB, 0x5ECC, 0x3CA0, 
    0x3CC7, 0x3CA0, 0x3CC7, 0x3CA0, 0x3CC7, 0x3CA0, 0x3CC7, 0x3CA0, 0x3CC7, 
    0x3CA0, 0x3CC7, 0x3CA0, 0x3CC7, 0x3CA0, 0x3CC7, 0x3CA0, 0x3CC7, 0x3CA0, 
    0x3CC7, 0x3CA0, 0x3CC7, 0x3CA0, 0x3CC7, 0x3CA0, 0x3CC7, 0x3CA0, 0x3CC7, 
    0x3CA0, 0x3CC7, 0x3CA0, 0x3CC7, 0x3CA0, 0x3CC7, 0x3CA0, 0x3CC7, 0x3CA0, 
    0x3CC7, 0x3CA0, 0x3CC7, 0x3CA0, 0x3CC7, 0x3CA0, 0x3CC7, 0x3CA0, 0x3DA7, 
    0x3CA0, 0x3CC7, 0x3CA0, 0x3CC7, 0x3CA0, 0x3CC7, 0x5EAB, 0x3CC7, 0x3CA0, 
    0x3CC7, 0x3CA0, 0x3CC7, 0x3CA0, 0x3CC7, 0x3CA0, 0x3CC7, 0x5EAB, 0x5ECC, 
    0x3CA0, 0x3CC7, 0x3CA0, 0x3CC7, 0x3CA0, 0x3CC7, 0x3CA0, 0x3CC7, 0x3CA0, 
    0x3CC7, 0x3CA0, 0x3CC7, 0x3CA0, 0x3CC7, 0x3CA0, 0x3CC7, 0x3CA0, 0x3CC7, 
    0x3CA0, 0x3CC7, 0x3CA0, 0x3CC7, 0x3CA0, 0x3CC7, 0x3CA0, 0x3CC7, 0x3CA0, 
    0x3CC7, 0x3CA0, 0x3CC7, 0x3CA0, 0x3CC7, 0x3CA0, 0x3CC7, 0x3CA0, 0x3CC7, 
    0x3CA0, 0x3CC7, 0x3CC7, 0x3CC7, 0x3CA0, 0x3CC7, 0x3CC7, 0x3CC7, 0x3CA0, 
    0x3DA7, 0x3CC7, 0x3CC7, 0x3CA0, 0x3CC7, 0x3CC7, 0x3CC7, 0x5EAB, 0x3CC7, 
    0x3CC7, 0x3CC7, 0x3CA0, 0x3CC7, 0x3CC7, 0x3CC7, 0x3CA0, 0x3CC7, 0x5ECC, 
    0x5ECC, 0x3CA0, 0x3CC7, 0x3CC7, 0x3CC7, 0x3CA0, 0x3CC7, 0x3CC7, 0x3CC7, 
    0x3CA0, 0x3CC7, 0x3CC7, 0x3CC7, 0x3CA0, 0x3CC7, 0x3CC7, 0x3CC7, 0x3CC7, 
    0x3CC7, 0x3CC7, 0x3CC7, 0x3CC7, 0x3CC7, 0x3CC7, 0x3CC7, 0x3CC7, 0x3CC7, 
    0x3CC7, 0x3CC7, 0x3CC7, 0x3CC7, 0x3CC7, 0x3CC7, 0x3CC7, 0x3CC7, 0x3CC7, 
    0x3CC7, 0x3CC7, 0x3CC7, 0x3CC7, 0x3CC7, 0x3CC7, 0x3CC7, 0x3CC7, 0x3CC7, 
    0x3CC7, 0x3DA7, 0x3CC7, 0x3CC7, 0x3CC7, 0x3CC7, 0x3CC7, 0x3CC7, 0x5ECC, 
    0x3CA0, 0x3CA0, 0x3CA0, 0x3CA0, 0x3CA0, 0x3CA0, 0x3CA0, 0x3CA0, 0x3CA0, 
    0x3CA0, 0x3CA0, 0x3CA0, 0x3CA0, 0x3CA0, 0x3CA0, 0x3CA0, 0x3CA0, 0x3CA0, 
    0x3CA0, 0x3CA0, 0x3CA0, 0x3CA0, 0x3CA0, 0x3CA0, 0x3CA0, 0x3CA0, 0x3CA0, 
    0x3CA0, 0x3CA0, 0x3CA0, 0x3CA0, 0x3CA0, 0x3CA0, 0x3CA0, 0x3CA0, 0x3CA0, 
    0x31B5, 0x3CA0, 0x3CA0, 0x5DA7, 0x4E28, 0x3CA0, 0x3CA0, 0x3CA0, 0x3CA0, 
    0x3CA0, 0x3CA0, 0x3CA0, 0x3CA0, 0x3CA0, 0x3CA0, 0x3CA0, 0x3CA0, 0x3CA0, 
    0x3CA0, 0x3CA0, 0x3CA0, 0x3CA0, 0x3CA0, 0x3CA0, 0x3CA0, 0x3CA0, 0x3CA0, 
    0x3CA0, 0x3CA0, 0x3CA0, 0x3CA0, 0x3CA0, 0x3CA0, 0x3CA0, 0x3CA0, 0x3CA0, 
    0x3CA0, 0x3CC7, 0x3CA0, 0x3CA0, 0x3CA0, 0x3CA0, 0x3CA0, 0x3CA0, 0x3CA0, 
    0x3CC7, 0x3CA0, 0x3CA0, 0x3CA0, 0x3CC7, 0x3CA0, 0x3CA0, 0x3CA0, 0x3CC7, 
    0x3CA0, 0x3CA0, 0x3CA0, 0x3CC7, 0x3CA0, 0x3CA0, 0x3CA0, 0x3CC7, 0x3CA0, 
    0x3CA0, 0x31B5, 0x3CC7, 0x3CA0, 0x3CA0, 0x4E28, 0x3CC7, 0x3CA0, 0x3CA0, 
    0x3CA0, 0x3CC7, 0x3CA0, 0x3CA0, 0x3CA0, 0x3CC7, 0x3CA0, 0x3CC7, 0x3CA0, 
    0x3CC7, 0x3CA0, 0x3CA0, 0x3CA0, 0x3CC7, 0x3CA0, 0x3CC7, 0x3CA0, 0x3CC7, 
    0x3CA0, 0x3CC7, 0x3CA0, 0x3CC7, 0x3CA0, 0x3CC7, 0x3CA0, 0x3CC7, 0x3CA0, 
    0x3CC7, 0x3CA0, 0x3CC7, 0x3CA0, 0x3CC7, 0x3CA0, 0x3CC7, 0x3CA0, 0x3CC7, 
    0x3CA0, 0x3CC7, 0x3CA0, 0x3CC7, 0x3CA0, 0x3CC7, 0x3CA0, 0x3CC7, 0x3CA0, 
    0x3CC7, 0x3CA0, 0x3CC7, 0x3CA0, 0x3CC7, 0x3CA0, 0x3CC7, 0x3CA0, 0x3CC7, 
    0x3CA0, 0x3CC7, 0x31B5, 0x3CC7, 0x3CA0, 0x3CC7, 0x4E28, 0x3CC7, 0x3CA0, 
    0x3CC7, 0x3CA0, 0x3CC7, 0x3CA0, 0x3CC7, 0x3CA0, 0x3CC7, 0x3CA0, 0x3CC7, 
    0x3CA0, 0x3CC7, 0x3CA0, 0x3CC7, 0x3CA0, 0x3CC7, 0x3CA0, 0x3CC7, 0x3CA0, 
    0x3CC7, 0x3CA0, 0x3CC7, 0x3CA0, 0x3CC7, 0x3CA0, 0x3CC7, 0x3CA0, 0x3CC7, 
    0x3CA0, 0x3CC7, 0x3CA0, 0x3CC7, 0x3CA0, 0x3CC7, 0x3CA0, 0x3CC7, 0x3CA0, 
    0x3CC7, 0x3CA0, 0x3CC7, 0x3CA0, 0x3CC7, 0x3CA0, 0x3CC7, 0x3CA0, 0x3CC7, 
    0x3CA0, 0x3CC7, 0x3CA0, 0x3CC7, 0x3CA0, 0x3CC7, 0x3CA0, 0x3CC7, 0x3CA0, 
    0x3CC7, 0x3CA0, 0x3CC7, 0x31B5, 0x3CC7, 0x3CA0, 0x3CC7, 0x4E28, 0x3CC7, 
    0x3CA0, 0x3CC7, 0x3CA0, 0x3CC7, 0x3CA0, 0x3CC7, 0x3CA0, 0x3CA0, 0x3CA0, 
    0x3CA0, 0x3CA0, 0x3CA0, 0x3CA0, 0x3CA0, 0x3CA0, 0x3CA0, 0x3CC7, 0x3CA0, 
    0x3CA0, 0x3CA0, 0x3CA0, 0x3CA0, 0x3CA0, 0x3CA0, 0x3CC7, 0x3CA0, 0x3CA0, 
    0x3CA0, 0x3CC7, 0x3CA0, 0x3CA0, 0x3CA0, 0x3CC7, 0x3CA0, 0x3CA0, 0x3CA0, 
    0x3CC7, 0x3CA0, 0x3CA0, 0x3CA0, 0x3CC7, 0x3CA0, 0x3CA0, 0x3CA0, 0x3CC7, 
    0x3CA0, 0x5EAB, 0x3CA0, 0x3125, 0x3CA0, 0x3CA0, 0x3CA0, 0x3CC7, 0x3CA0, 
    0x3CC7, 0x3CA0, 0x3CC7, 0x3CA0, 0x3CA0, 0x3CA0, 0x3CC7, 0x3CA0, 0x3CC7, 
    0x3CA0, 0x3CC7, 0x3CA0, 0x3CC7, 0x3CA0, 0x3CC7, 0x3CA0, 0x3CC7, 0x3CA0, 
    0x3CC7, 0x3CA0, 0x3CC7, 0x3CA0, 0x3CC7, 0x3CA0, 0x3CC7, 0x3CA0, 0x3CC7, 
    0x3CA0, 0x3CC7, 0x3CA0, 0x3CC7, 0x3CA0, 0x3CC7, 0x3CA0, 0x3CC7, 0x3CA0, 
    0x3CC7, 0x3CA0, 0x3CC7, 0x3CA0, 0x3CC7, 0x3CA0, 0x3CC7, 0x3CA0, 0x3CC7, 
    0x3CA0, 0x3CC7, 0x3CA0, 0x3CC7, 0x3CA0, 0x3CC7, 0x3CA0, 0x3CC7, 0x3CA0, 
    0x3CC7, 0x3CA0, 0x5ECC, 0x3CA0, 0x3125, 0x3CA0, 0x3CC7, 0x3CA0, 0x3CC7, 
    0x3CA0, 0x3CC7, 0x3CA0, 0x3CC7, 0x3CA0, 0x3CC7, 0x3CA0, 0x3CC7, 0x3CA0, 
    0x3CC7, 0x3CA0, 0x3CC7, 0x3CA0, 0x3CC7, 0x3CA0, 0x3CC7, 0x3CA0, 0x3CC7, 
    0x3CA0, 0x3CC7, 0x3CA0, 0x3CC7, 0x3CA0, 0x3CC7, 0x3CA0, 0x3CC7, 0x3CA0, 
    0x3CC7, 0x3CA0, 0x3CC7, 0x3CA0, 0x3CC7, 0x3CA0, 0x3CC7, 0x3CA0, 0x3CC7, 
    0x3CA0, 0x3CC7, 0x3CA0, 0x3CC7, 0x3CA0, 0x3CC7, 0x3CA0, 0x3CC7, 0x3CA0, 
    0x3CC7, 0x3CA0, 0x3CC7, 0x3CA0, 0x3CC7, 0x3CA0, 0x3CC7, 0x3CA0, 0x3CC7, 
    0x3CA0, 0x3CC7, 0x3CA0, 0x5ECC, 0x3CA0, 0x3125, 0x3CA0, 0x3CC7, 0x3CA0, 
    0x3CC7, 0x3CA0, 0x3CC7, 0x3CA0, 0x3CC7, 0x3CC7, 0x3CC7, 0x3CA0, 0x3CC7, 
    0x3CA0, 0x3CC7, 0x3CA0, 0x3CC7, 0x3CC7, 0x3CC7, 0x3CA0, 0x3CC7, 0x3CC7, 
    0x3CC7, 0x3CA0, 0x3CC7, 0x3CC7, 0x3CC7, 0x3CA0, 0x3CC7, 0x3CC7, 0x3CC7, 
    0x3CA0, 0x3CC7, 0x3CC7, 0x3CC7, 0x3CA0, 0x3CC7, 0x3CC7, 0x3CC7, 0x3CA0, 
    0x3CC7, 0x3CC7, 0x3CC7, 0x3CA0, 0x3CC7, 0x3CC7, 0x3CC7, 0x3CC7, 0x3CC7, 
    0x3CC7, 0x3CC7, 0x3CA0, 0x3CC7, 0x3CC7, 0x3CC7, 0x3CC7, 0x3CC7, 0x3CC7, 
    0x3CC7, 0x3CC7, 0x3CC7, 0x3CC7, 0x5ECC, 0x3CC7, 0x3125, 0x3CC7, 0x3CC7, 
    0x3CC7, 0x3CC7, 0x3CC7, 0x3CA0, 0x3CA0, 0x3CA0, 0x3CA0, 0x3CA0, 0x3CA0, 
    0x3CA0, 0x3CA0, 0x3CA0, 0x3CA0, 0x3CA0, 0x3CA0, 0x3CA0, 0x3CA0, 0x3CA0, 
    0x3CA0, 0x3CA0, 0x3CA0, 0x3CA0, 0x3CA0, 0x3CA0, 0x3CA0, 0x3CA0, 0x3CA0, 
    0x3CA0, 0x3CA0, 0x3CA0, 0x3CA0, 0x3CA0, 0x3CA0, 0x3CA0, 0x3CA0, 0x3CA0, 
    0x3CA0, 0x3CA0, 0x3CA0, 0x3CA0, 0x3CA0, 0x3CA0, 0x3CA0, 0x6B2D, 0x5986, 
    0x3964, 0x3CA0, 0x3CA0, 0x3CA0, 0x3CA0, 0x3CA0, 0x3CA0, 0x3CA0, 0x3CA0, 
    0x3CA0, 0x3CA0, 0x3CA0, 0x3CA0, 0x3CA0, 0x3CA0, 0x3CA0, 0x3CA0, 0x3CA0, 
    0x3CA0, 0x3CA0, 0x3CA0, 0x3CA0, 0x3CA0, 0x3CA0, 0x3CA0, 0x3CA0, 0x3CA0, 
    0x3CA0, 0x3CA0, 0x3CA0, 0x3CA0, 0x3CA0, 0x3CA0, 0x3CA0, 0x3CA0, 0x3CA0, 
    0x3CA0, 0x3CA0, 0x3CA0, 0x3CA0, 0x3CA0, 0x3CA0, 0x3CA0, 0x3CA0, 0x3CA0, 
    0x3CA0, 0x3CA0, 0x3CA0, 0x3CA0, 0x3CC7, 0x3CA0, 0x3CA0, 0x3CA0, 0x3CA0, 
    0x3CA0, 0x3CA0, 0x3CA0, 0x3CC7, 0x3CA0, 0x3CA0, 0x3CA0, 0x3CC7, 0x6B2D, 
    0x3CA0, 0x3964, 0x3CC7, 0x3CA0, 0x3CA0, 0x3CA0, 0x3CC7, 0x3CA0, 0x3CA0, 
    0x3CA0, 0x3CC7, 0x3CA0, 0x3CA0, 0x3CA0, 0x3CC7, 0x3CA0, 0x3CA0, 0x3CA0, 
    0x3CC7, 0x3CA0, 0x3CA0, 0x3CA0, 0x3CC7, 0x3CA0, 0x3CA0, 0x3CA0, 0x3CC7, 
    0x3CA0, 0x3CA0, 0x3CA0, 0x3CC7, 0x3CA0, 0x3CC7, 0x3CA0, 0x3CC7, 0x3CA0, 
    0x3CA0, 0x3CA0, 0x3CC7, 0x3CA0, 0x3CC7, 0x3CA0, 0x3CC7, 0x3CA0, 0x3CC7, 
    0x3CA0, 0x3CC7, 0x3CA0, 0x3CC7, 0x3CA0, 0x3CC7, 0x3CA0, 0x3CC7, 0x3CA0, 
    0x3CC7, 0x3CA0, 0x3CC7, 0x3CA0, 0x3CC7, 0x3CA0, 0x3CC7, 0x3CA0, 0x3CC7, 
    0x6B2D, 0x3CC7, 0x3964, 0x3CC7, 0x3CA0, 0x3CC7, 0x3CA0, 0x3CC7, 0x3CA0, 
    0x3CC7, 0x3CA0, 0x3CC7, 0x3CA0, 0x3CC7, 0x3CA0, 0x3CC7, 0x3CA0, 0x3CC7, 
    0x3CA0, 0x3CC7, 0x3CA0, 0x3CC7, 0x3CA0, 0x3CC7, 0x3CA0, 0x3CC7, 0x3CA0, 
    0x3CC7, 0x3CA0, 0x3CC7, 0x3CA0, 0x3CC7, 0x3CA0, 0x3CC7, 0x3CA0, 0x3CC7, 
    0x3CA0, 0x3CC7, 0x3CA0, 0x3CC7, 0x3CA0, 0x3CC7, 0x3CA0, 0x3CC7, 0x3CA0, 
    0x3CC7, 0x3CA0, 0x3CC7, 0x3CA0, 0x3CC7, 0x3CA0, 0x3CC7, 0x3CA0, 0x3CC7, 
    0x3CA0, 0x3CC7, 0x3CA0, 0x3CC7, 0x3CA0, 0x3CC7, 0x3CA0, 0x3CC7, 0x3CA0, 
    0x3CC7, 0x6B2D, 0x3CC7, 0x3964, 0x3CC7, 0x3CA0, 0x3CC7, 0x3CA0, 0x3CC7, 
    0x3CC7, 0x3CA0, 0x3CA0, 0x3CA0, 0x3CC7, 0x3CA0, 0x3CA0, 0x3CA0, 0x3CC7, 
    0x3CA0, 0x3CA0, 0x3CA0, 0x3CC7, 0x3CA0, 0x3CA0, 0x3CA0, 0x3CC7, 0x3CA0, 
    0x3CA0, 0x3CA0, 0x3CC7, 0x3CA0, 0x3CA0, 0x3CA0, 0x3CC7, 0x3CA0, 0x3CA0, 
    0x3CA0, 0x3CC7, 0x3CA0, 0x3CC7, 0x3CA0, 0x3CC7, 0x3CA0, 0x3CA0, 0x3CA0, 
    0x3DA7, 0x4E28, 0x5ECC, 0x6F50, 0x7313, 0x72CF, 0x66CD, 0x4E28, 0x3DA7, 
    0x3CA0, 0x3CC7, 0x3CA0, 0x3CC7, 0x3CA0, 0x3CC7, 0x3CA0, 0x3CC7, 0x3CA0, 
    0x3CC7, 0x3CA0, 0x3CC7, 0x3CA0, 0x3CC7, 0x3CA0, 0x3CC7, 0x3CA0, 0x3CC7, 
    0x3CA0, 0x3CC7, 0x3CA0, 0x3CC7, 0x3CA0, 0x3CC7, 0x3CA0, 0x3CC7, 0x3CA0, 
    0x3CC7, 0x3CA0, 0x3CC7, 0x3CA0, 0x3CC7, 0x3CA0, 0x3CC7, 0x3CA0, 0x3CC7, 
    0x3CA0, 0x3CC7, 0x3CA0, 0x3CC7, 0x3CA0, 0x3CC7, 0x3CA0, 0x3CC7, 0x3CA0, 
    0x3CC7, 0x3CA0, 0x3CC7, 0x3CA0, 0x3CC7, 0x3CA0, 0x3CC7, 0x3CA0, 0x3CC7, 
    0x3CA0, 0x3DA7, 0x4E28, 0x5ECC, 0x6F50, 0x6F56, 0x6F50, 0x5ECC, 0x4E28, 
    0x3DA7, 0x3CA0, 0x3CC7, 0x3CA0, 0x3CC7, 0x3CA0, 0x3CC7, 0x3CA0, 0x3CC7, 
    0x3CA0, 0x3CC7, 0x3CA0, 0x3CC7, 0x3CA0, 0x3CC7, 0x3CA0, 0x3CC7, 0x3CA0, 
    0x3CC7, 0x3CA0, 0x3CC7, 0x3CA0, 0x3CC7, 0x3CA0, 0x3CC7, 0x3CA0, 0x3CC7, 
    0x3CA0, 0x3CC7, 0x3CA0, 0x3CC7, 0x3CA0, 0x3CC7, 0x3CA0, 0x3CC7, 0x3CA0, 
    0x3CC7, 0x3CA0, 0x3CC7, 0x3CA0, 0x3CC7, 0x3CA0, 0x3CC7, 0x3CA0, 0x3CC7, 
    0x3CA0, 0x3CC7, 0x3CA0, 0x3CC7, 0x3CC7, 0x3CC7, 0x3CA0, 0x3CC7, 0x3CA0, 
    0x3CC7, 0x3CA0, 0x3DA7, 0x4E29, 0x5ECC, 0x6F50, 0x6F56, 0x6F52, 0x5ECC, 
    0x4E28, 0x3DA7, 0x3CC7, 0x3CC7, 0x3CA0, 0x3CC7, 0x3CC7, 0x3CC7, 0x3CA0, 
    0x3CC7, 0x3CC7, 0x3CC7, 0x3CA0, 0x3CC7, 0x3CC7, 0x3CC7, 0x3CA0, 0x3CC7, 
    0x3CC7, 0x3CC7, 0x3CA0, 0x3CC7, 0x3CC7, 0x3CC7, 0x3CA0, 0x3CC7, 0x3CC7, 
    0x3CC7, 0x3CC7, 0x3CC7, 0x3CC7, 0x3CC7, 0x3CA0, 0x3CC7, 0x3CC7, 0x3CC7, 
    0x3CC7, 0x3CC7, 0x3CC7, 0x3CC7, 0x3CC7, 0x3CC7, 0x3CC7, 0x3CC7, 0x3CC7, 
    0x3CC7, 0x3CC7, 0x3CC7, 0x3CC7, 0x3CC7, 0x3CC7, 0x3CC7, 0x3CC7, 0x3CC7, 
    0x3CC7, 0x3CC7, 0x3CC7, 0x3DA7, 0x4E29, 0x5ECC, 0x6F52, 0x6F56, 0x6F52, 
    0x5ECC, 0x4E29, 0x3DA7, 0x3CC7, 0x3CC7, 0x3CC7, 0x3CA0, 0x3CA0, 0x3CA0, 
    0x3CA0, 0x3CA0, 0x3CA0, 0x3CA0, 0x3CA0, 0x3CA0, 0x3CA0, 0x3CA0, 0x3CA0, 
    0x3CA0, 0x3CA0, 0x3CA0, 0x3CA0, 0x3CA0, 0x3CA0, 0x3CA0, 0x3CA0, 0x3CA0, 
    0x3CA0, 0x3CA0, 0x3CA0, 0x3CA0, 0x3CA0, 0x3CA0, 0x3CA0, 0x3CA0, 0x3CA0, 
    0x3CA0, 0x3CA0, 0x3CA0, 0x3CA0, 0x3CA0, 0x3CA0, 0x3CA0, 0x3CA0, 0x3CA0, 
    0x5986, 0x6ECD, 0x5986, 0x5E0A, 0x5986, 0x3CA0, 0x3CA0, 0x3CA0, 0x3CA0, 
    0x3CA0, 0x3CA0, 0x3CA0, 0x3CA0, 0x3CA0, 0x3CA0, 0x3CA0, 0x3CA0, 0x3CA0, 
    0x3CA0, 0x3CA0, 0x3CA0, 0x3CA0, 0x3CA0, 0x3CA0, 0x3CA0, 0x3CA0, 0x3CA0, 
    0x3CA0, 0x3CA0, 0x3CA0, 0x3CA0, 0x3CA0, 0x3CA0, 0x3CA0, 0x3CA0, 0x3CA0, 
    0x3CA0, 0x3CA0, 0x3CC7, 0x3CA0, 0x3CA0, 0x3CA0, 0x3CA0, 0x3CA0, 0x3CA0, 
    0x3CA0, 0x3CC7, 0x3CA0, 0x3CA0, 0x3CA0, 0x3CC7, 0x3CA0, 0x3CA0, 0x3CA0, 
    0x3CC7, 0x3CA0, 0x3CA0, 0x3CA0, 0x3CC7, 0x3CA0, 0x3CA0, 0x3CA0, 0x3CC7, 
    0x3CA0, 0x3CA0, 0x6B2D, 0x3CC7, 0x49A8, 0x3CA0, 0x3CA0, 0x3CC7, 0x3CA0, 
    0x3CA0, 0x3CA0, 0x3CC7, 0x3CA0, 0x3CA0, 0x3CA0, 0x3CC7, 0x3CA0, 0x3CC7, 
    0x3CA0, 0x3CC7, 0x3CA0, 0x3CA0, 0x3CA0, 0x3CC7, 0x3CA0, 0x3CC7, 0x3CA0, 
    0x3CC7, 0x3CA0, 0x3CC7, 0x3CA0, 0x3CC7, 0x3CA0, 0x3CC7, 0x3CA0, 0x3CC7, 
    0x3CA0, 0x3CC7, 0x3CA0, 0x3CC7, 0x3CA0, 0x3CC7, 0x3CA0, 0x3CC7, 0x3CA0, 
    0x3CC7, 0x3CA0, 0x3CC7, 0x3CA0, 0x3CC7, 0x3CA0, 0x3CC7, 0x3CA0, 0x3CC7, 
    0x3CA0, 0x3CC7, 0x3CA0, 0x3CC7, 0x3CA0, 0x3CC7, 0x3CA0, 0x3CC7, 0x3CA0, 
    0x3CC7, 0x3CA0, 0x3CC7, 0x6B2D, 0x3CC7, 0x49A8, 0x3CC7, 0x3CA0, 0x3CC7, 
    0x3CA0, 0x3CC7, 0x3CA0, 0x3CC7, 0x3CA0, 0x3CC7, 0x3CA0, 0x3CC7, 0x3CA0, 
    0x3CC7, 0x3CA0, 0x3CC7, 0x3CA0, 0x3CC7, 0x3CA0, 0x3CC7, 0x3CA0, 0x3CC7, 
    0x3CA0, 0x3CC7, 0x3CA0, 0x3CC7, 0x3CA0, 0x3CC7, 0x3CA0, 0x3CC7, 0x3CA0, 
    0x3CC7, 0x3CA0, 0x3CC7, 0x3CA0, 0x3CC7, 0x3CA0, 0x3CC7, 0x3CA0, 0x3CC7, 
    0x3CA0, 0x3CC7, 0x3CA0, 0x3CC7, 0x3CA0, 0x3CC7, 0x3CA0, 0x3CC7, 0x3CA0, 
    0x3CC7, 0x3CA0, 0x3CC7, 0x3CA0, 0x3CC7, 0x3CA0, 0x3CC7, 0x3CA0, 0x3CC7, 
    0x3CA0, 0x3CC7, 0x3CA0, 0x3CC7, 0x6B2D, 0x3CC7, 0x49A8, 0x3CC7, 0x3CA0, 
    0x3CC7, 0x3CA0, 0x3CC7, 0x3CA0, 0x3CA0, 0x3CA0, 0x3CA0, 0x3CA0, 0x3CA0, 
    0x3CA0, 0x3CA0, 0x3CA0, 0x3CA0, 0x3CA0, 0x3CA0, 0x3CA0, 0x3CA0, 0x3CC7, 
    0x3CA0, 0x3CA0, 0x3CA0, 0x3CC7, 0x3CA0, 0x3CA0, 0x3CA0, 0x3CC7, 0x3CA0, 
    0x3CA0, 0x3CA0, 0x5ECC, 0x5EAB, 0x3CA0, 0x3CA0, 0x3CC7, 0x3CA0, 0x3CA0, 
    0x3CA0, 0x3CC7, 0x3CA0, 0x3CA0, 0x5DA7, 0x3125, 0x3964, 0x66AC, 0x5E0A, 
    0x5E6B, 0x4E28, 0x4167, 0x3964, 0x3125, 0x3CA0, 0x3CA0, 0x3CA0, 0x3CC7, 
    0x65F7, 0x3CC7, 0x3CA0, 0x3CC7, 0x3CA0, 0x3CA0, 0x3CA0, 0x3CC7, 0x3CA0, 
    0x3CC7, 0x3CA0, 0x3CC7, 0x3CA0, 0x3CC7, 0x3CA0, 0x3CC7, 0x3CA0, 0x3CC7, 
    0x3CA0, 0x3CC7, 0x3CA0, 0x3CC7, 0x3CA0, 0x3CC7, 0x3CA0, 0x3CC7, 0x3CA0, 
    0x3CC7, 0x3CA0, 0x3CC7, 0x3CA0, 0x3CC7, 0x3CA0, 0x3CC7, 0x3CA0, 0x3CC7, 
    0x3CA0, 0x3CC7, 0x3CA0, 0x5ECC, 0x5EAB, 0x3CC7, 0x3CA0, 0x3CC7, 0x3CA0, 
    0x3CC7, 0x3CA0, 0x3CC7, 0x3CA0, 0x3CC7, 0x3CA0, 0x3125, 0x3964, 0x5ECC, 
    0x49A8, 0x4E29, 0x4E28, 0x4188, 0x3964, 0x3125, 0x3CA0, 0x3CC7, 0x3CA0, 
    0x3CC7, 0x65F7, 0x3CC7, 0x3CA0, 0x3CC7, 0x3CA0, 0x3CC7, 0x3CA0, 0x3CC7, 
    0x3CA0, 0x3CC7, 0x3CA0, 0x3CC7, 0x3CA0, 0x3CC7, 0x3CA0, 0x3CC7, 0x3CA0, 
    0x3CC7, 0x3CA0, 0x3CC7, 0x3CA0, 0x3CC7, 0x3CA0, 0x3CC7, 0x3CA0, 0x3CC7, 
    0x3CA0, 0x3CC7, 0x3CA0, 0x3CC7, 0x3CA0, 0x3CC7, 0x3CA0, 0x3CC7, 0x3CA0, 
    0x3CC7, 0x3CA0, 0x3CC7, 0x3CA0, 0x5ECC, 0x5EAB, 0x3CC7, 0x3CA0, 0x3CC7, 
    0x3CA0, 0x3CC7, 0x3CA0, 0x3CC7, 0x3CA0, 0x3CC7, 0x3CA0, 0x3125, 0x3964, 
    0x5ECC, 0x49A8, 0x4E29, 0x4E28, 0x4188, 0x3964, 0x3125, 0x3CA0, 0x3CC7, 
    0x3CA0, 0x3CC7, 0x65F7, 0x3CC7, 0x3CA0, 0x3CC7, 0x3CC7, 0x3CC7, 0x3CA0, 
    0x3CC7, 0x3CC7, 0x3CC7, 0x3CA0, 0x3CC7, 0x3CC7, 0x3CC7, 0x3CA0, 0x3CC7, 
    0x3CC7, 0x3CC7, 0x3CA0, 0x3CC7, 0x3CC7, 0x3CC7, 0x3CA0, 0x3CC7, 0x3CC7, 
    0x3CC7, 0x3CA0, 0x3CC7, 0x3CC7, 0x3CC7, 0x3CA0, 0x3CC7, 0x3CC7, 0x3CC7, 
    0x3CA0, 0x3CC7, 0x3CC7, 0x3CC7, 0x3CA0, 0x5ECC, 0x5ECC, 0x3CC7, 0x3CC7, 
    0x3CC7, 0x3CC7, 0x3CC7, 0x3CA0, 0x3CC7, 0x3CC7, 0x3CC7, 0x3CC7, 0x3125, 
    0x3967, 0x5ECC, 0x45A9, 0x4E29, 0x4E29, 0x4188, 0x3967, 0x3125, 0x3CC7, 
    0x3CA0, 0x3CA0, 0x3CA0, 0x3CA0, 0x3CA0, 0x3CA0, 0x3CA0, 0x3CA0, 0x3CA0, 
    0x3CA0, 0x3CA0, 0x3CA0, 0x3CA0, 0x3CA0, 0x3CA0, 0x3CA0, 0x3CA0, 0x3CA0, 
    0x4257, 0x3CA0, 0x3CA0, 0x3CA0, 0x3CA0, 0x3CA0, 0x3CA0, 0x3CA0, 0x5EAB, 
    0x5EAB, 0x3CA0, 0x3CA0, 0x3CA0, 0x3CA0, 0x3CA0, 0x3CA0, 0x3CA0, 0x5DA7, 
    0x5DA7, 0x3CA0, 0x3CA0, 0x3CA0, 0x4E28, 0x5986, 0x4E28, 0x3CA0, 0x3CA0, 
    0x3CA0, 0x3CA0, 0x3CA0, 0x3CA0, 0x3CA0, 0x65F7, 0x3CA0, 0x65F7, 0x3CA0, 
    0x3CA0, 0x3CA0, 0x3CA0, 0x3CA0, 0x3CA0, 0x3CA0, 0x3CA0, 0x3CA0, 0x3CA0, 
    0x3CA0, 0x3CA0, 0x3CA0, 0x3CA0, 0x3CA0, 0x3CA0, 0x3CA0, 0x3CA0, 0x3CA0, 
    0x3CA0, 0x3CA0, 0x3CA0, 0x3CA0, 0x3CA0, 0x3CA0, 0x3CA0, 0x3CA0, 0x3CA0, 
    0x3CA0, 0x4257, 0x3CA0, 0x3CA0, 0x3CA0, 0x3CA0, 0x3CA0, 0x3CA0, 0x3CA0, 
    0x5EAB, 0x5EAB, 0x3CA0, 0x3CA0, 0x3CA0, 0x3CC7, 0x3CA0, 0x3CA0, 0x3CA0, 
    0x3CA0, 0x3CA0, 0x3CA0, 0x3CA0, 0x3CC7, 0x4E28, 0x3CA0, 0x4E28, 0x3CC7, 
    0x3CA0, 0x3CA0, 0x3CA0, 0x3CC7, 0x3CA0, 0x3CA0, 0x65F7, 0x3CC7, 0x65F7, 
    0x3CA0, 0x3CA0, 0x3CC7, 0x3CA0, 0x3CA0, 0x3CA0, 0x3CC7, 0x3CA0, 0x3CA0, 
    0x3CA0, 0x3CC7, 0x3CA0, 0x3CA0, 0x3CA0, 0x3CC7, 0x3CA0, 0x3CA0, 0x3CA0, 
    0x3CC7, 0x3CA0, 0x3CA0, 0x3CA0, 0x3CC7, 0x3CA0, 0x3CC7, 0x3CA0, 0x3CC7, 
    0x3CA0, 0x3CC7, 0x4257, 0x3CC7, 0x3CA0, 0x3CC7, 0x3CA0, 0x3CC7, 0x3CA0, 
    0x3CC7, 0x5EAB, 0x5ECC, 0x3CA0, 0x3CC7, 0x3CA0, 0x3CC7, 0x3CA0, 0x3CC7, 
    0x3CA0, 0x3CC7, 0x3CA0, 0x3CC7, 0x3CA0, 0x3CC7, 0x4E28, 0x3CC7, 0x4E28, 
    0x3CC7, 0x3CA0, 0x3CC7, 0x3CA0, 0x3CC7, 0x3CA0, 0x3CC7, 0x65F7, 0x3CC7, 
    0x65F7, 0x3CC7, 0x3CA0, 0x3CC7, 0x3CA0, 0x3CC7, 0x3CA0, 0x3CC7, 0x3CA0, 
    0x3CC7, 0x3CA0, 0x3CC7, 0x3CA0, 0x3CC7, 0x3CA0, 0x3CC7, 0x3CA0, 0x3CC7, 
    0x3CA0, 0x3CC7, 0x3CA0, 0x3CC7, 0x3CA0, 0x3CC7, 0x3CA0, 0x3CC7, 0x3CA0, 
    0x3CC7, 0x3CA0, 0x3CC7, 0x4257, 0x3CC7, 0x3CA0, 0x3CC7, 0x3CA0, 0x3CC7, 
    0x3CA0, 0x3CC7, 0x5EAB, 0x5ECC, 0x3CA0, 0x3CC7, 0x3CA0, 0x3CC7, 0x3CA0, 
    0x3CC7, 0x3CA0, 0x3CC7, 0x3CA0, 0x3CC7, 0x3CA0, 0x3CC7, 0x4E28, 0x3CC7, 
    0x4E28, 0x3CC7, 0x3CA0, 0x3CC7, 0x3CA0, 0x3CC7, 0x3CC7, 0x3CA0, 0x3CA0, 
    0x3CA0, 0x3CC7, 0x3CA0, 0x3CA0, 0x3CA0, 0x3CC7, 0x3CA0, 0x3CA0, 0x3CA0, 
    0x3CC7, 0x3CA0, 0x3CA0, 0x3CA0, 0x3CC7, 0x3CA0, 0x3CA0, 0x3CA0, 0x3CC7, 
    0x3CA0, 0x3CA0, 0x3CA0, 0x3CC7, 0x3CA0, 0x3CC7, 0x3CA0, 0x3CC7, 0x3CA0, 
    0x3CA0, 0x3CA0, 0x5DCB, 0x5DA7, 0x5DCB, 0x3CA0, 0x3CC7, 0x3CA0, 0x3CC7, 
    0x3CA0, 0x3DA7, 0x3CA0, 0x4188, 0x3CA0, 0x3CC7, 0x3CA0, 0x3CC7, 0x3CA0, 
    0x3CC7, 0x3CA0, 0x3CC7, 0x65F7, 0x3CC7, 0x3CA0, 0x3CC7, 0x3CA0, 0x3CC7, 
    0x3CA0, 0x3CC7, 0x3CA0, 0x3CC7, 0x3CA0, 0x3CC7, 0x3CA0, 0x3CC7, 0x3CA0, 
    0x3CC7, 0x3CA0, 0x3CC7, 0x3CA0, 0x3CC7, 0x3CA0, 0x3CC7, 0x3CA0, 0x3CC7, 
    0x3CA0, 0x3CC7, 0x3CA0, 0x3CC7, 0x3CA0, 0x3CC7, 0x3CA0, 0x3CC7, 0x3CA0, 
    0x3CC7, 0x3CA0, 0x3CC7, 0x3CA0, 0x3CC7, 0x3CA0, 0x3CC7, 0x3CA0, 0x3CC7, 
    0x3CA0, 0x3CC7, 0x3CA0, 0x3CC7, 0x3CA0, 0x3CC7, 0x3CA0, 0x3CC7, 0x3CA0, 
    0x3CC7, 0x3CA0, 0x3DA7, 0x3CA0, 0x4188, 0x3CA0, 0x3CC7, 0x3CA0, 0x3CC7, 
    0x3CA0, 0x3CC7, 0x3CA0, 0x3CC7, 0x65F7, 0x3CC7, 0x3CA0, 0x3CC7, 0x3CA0, 
    0x3CC7, 0x3CA0, 0x3CC7, 0x3CA0, 0x3CC7, 0x3CA0, 0x3CC7, 0x3CA0, 0x3CC7, 
    0x3CA0, 0x3CC7, 0x3CA0, 0x3CC7, 0x3CA0, 0x3CC7, 0x3CA0, 0x3CC7, 0x3CA0, 
    0x3CC7, 0x3CA0, 0x3CC7, 0x3CA0, 0x3CC7, 0x3CA0, 0x3CC7, 0x3CA0, 0x3CC7, 
    0x3CA0, 0x3CC7, 0x3CA0, 0x3CC7, 0x3CA0, 0x3CC7, 0x3CC7, 0x3CC7, 0x3CA0, 
    0x3CC7, 0x3CA0, 0x3CC7, 0x3CA0, 0x3CC7, 0x3CC7, 0x3CC7, 0x3CA0, 0x3CC7, 
    0x3CC7, 0x3CC7, 0x3CA0, 0x3DA7, 0x3CC7, 0x4188, 0x3CA0, 0x3CC7, 0x3CC7, 
    0x3CC7, 0x3CA0, 0x3CC7, 0x3CC7, 0x3CC7, 0x65F7, 0x3CC7, 0x3CC7, 0x3CC7, 
    0x3CA0, 0x3CC7, 0x3CC7, 0x3CC7, 0x3CA0, 0x3CC7, 0x3CC7, 0x3CC7, 0x3CA0, 
    0x3CC7, 0x3CC7, 0x3CC7, 0x3CC7, 0x3CC7, 0x3CC7, 0x3CC7, 0x3CA0, 0x3CC7, 
    0x3CC7, 0x3CC7, 0x3CC7, 0x3CC7, 0x3CC7, 0x3CC7, 0x3CC7, 0x3CC7, 0x3CC7, 
    0x3CC7, 0x3CC7, 0x3CC7, 0x3CC7, 0x3CC7, 0x3CC7, 0x3CC7, 0x3CC7, 0x3CC7, 
    0x3CC7, 0x3CC7, 0x3CC7, 0x3CC7, 0x3CC7, 0x3CC7, 0x3CC7, 0x3CC7, 0x3CC7, 
    0x3CC7, 0x3CC7, 0x3CC7, 0x3CC7, 0x3DA7, 0x3CC7, 0x4188, 0x3CC7, 0x3CC7, 
    0x3CC7, 0x3CC7, 0x3CC7, 0x3CA0, 0x3CA0, 0x3CA0, 0x3CA0, 0x3CA0, 0x3CA0, 
    0x3CA0, 0x3CA0, 0x3CA0, 0x3CA0, 0x3CA0, 0x3CA0, 0x3CA0, 0x3CA0, 0x3CA0, 
    0x3CA0, 0x3CA0, 0x3CA0, 0x3CA0, 0x3CA0, 0x3CA0, 0x3CA0, 0x3CA0, 0x3CA0, 
    0x41B8, 0x3CA0, 0x3CA0, 0x3CA0, 0x3CA0, 0x5DA7, 0x5DA7, 0x5DA7, 0x3CA0, 
    0x3CA0, 0x3CA0, 0x3CA0, 0x3CA0, 0x3CA0, 0x3CA0, 0x3CA0, 0x3CA0, 0x3CA0, 
    0x3964, 0x3CA0, 0x3CA0, 0x3CA0, 0x3CA0, 0x3CA0, 0x3CA0, 0x3CA0, 0x3CA0, 
    0x3CA0, 0x3CA0, 0x3CA0, 0x3CA0, 0x3CA0, 0x3CA0, 0x3CA0, 0x3CA0, 0x3CA0, 
    0x3CA0, 0x3CA0, 0x3CA0, 0x3CA0, 0x3CA0, 0x3CC7, 0x3CA0, 0x3CA0, 0x3CA0, 
    0x3CA0, 0x3CA0, 0x3CA0, 0x3CA0, 0x3CC7, 0x3CA0, 0x3CA0, 0x3CA0, 0x3CC7, 
    0x3CA0, 0x3CA0, 0x3CA0, 0x3CC7, 0x3CA0, 0x3CA0, 0x3CA0, 0x3CC7, 0x3CA0, 
    0x3CA0, 0x41B8, 0x3CC7, 0x3CA0, 0x3CA0, 0x3CA0, 0x3CC7, 0x3CA0, 0x3CA0, 
    0x3CA0, 0x3CC7, 0x3CA0, 0x3CA0, 0x3CA0, 0x3CC7, 0x3CA0, 0x3CA0, 0x3CA0, 
    0x3CC7, 0x3964, 0x3CC7, 0x3CA0, 0x3CC7, 0x3CA0, 0x3CA0, 0x3CA0, 0x3CC7, 
    0x3CA0, 0x3CC7, 0x3CA0, 0x3CC7, 0x3CA0, 0x3CC7, 0x3CA0, 0x3CC7, 0x3CA0, 
    0x3CC7, 0x3CA0, 0x3CC7, 0x3CA0, 0x3CC7, 0x3CA0, 0x3CC7, 0x3CA0, 0x3CC7, 
    0x3CA0, 0x3CC7, 0x3CA0, 0x3CC7, 0x3CA0, 0x3CC7, 0x3CA0, 0x3CC7, 0x3CA0, 
    0x3CC7, 0x3CA0, 0x3CC7, 0x3CA0, 0x3CC7, 0x3CA0, 0x3CC7, 0x3CA0, 0x3CC7, 
    0x3CA0, 0x3CC7, 0x41B8, 0x3CC7, 0x3CA0, 0x3CC7, 0x3CA0, 0x3CC7, 0x3CA0, 
    0x3CC7, 0x3CA0, 0x3CC7, 0x3CA0, 0x3CC7, 0x3CA0, 0x3CC7, 0x3CA0, 0x3CC7, 
    0x3CA0, 0x3CC7, 0x3964, 0x3CC7, 0x3CA0, 0x3CC7, 0x3CA0, 0x3CC7, 0x3CA0, 
    0x3CC7, 0x3CA0, 0x3CC7, 0x3CA0, 0x3CC7, 0x3CA0, 0x3CC7, 0x3CA0, 0x3CC7, 
    0x3CA0, 0x3CC7, 0x3CA0, 0x3CC7, 0x3CA0, 0x3CC7, 0x3CA0, 0x3CC7, 0x3CA0, 
    0x3CC7, 0x3CA0, 0x3CC7, 0x3CA0, 0x3CC7, 0x3CA0, 0x3CC7, 0x3CA0, 0x3CC7, 
    0x3CA0, 0x3CC7, 0x3CA0, 0x3CC7, 0x3CA0, 0x3CC7, 0x3CA0, 0x3CC7, 0x3CA0, 
    0x3CC7, 0x3CA0, 0x3CC7, 0x41B8, 0x3CC7, 0x3CA0, 0x3CC7, 0x3CA0, 0x3CC7, 
    0x3CA0, 0x3CC7, 0x3CA0, 0x3CC7, 0x3CA0, 0x3CC7, 0x3CA0, 0x3CC7, 0x3CA0, 
    0x3CC7, 0x3CA0, 0x3CC7, 0x3964, 0x3CC7, 0x3CA0, 0x3CC7, 0x3CA0, 0x3CC7, 
    0x3CA0, 0x3CA0, 0x3CC7, 0x3CA0, 0x3CA0, 0x3CA0, 0x3CA0, 0x3CA0, 0x3CA0, 
    0x3CA0, 0x3CC7, 0x3CA0, 0x3CA0, 0x3CA0, 0x3CC7, 0x3CA0, 0x3CA0, 0x3CA0, 
    0x3CC7, 0x3CA0, 0x3CA0, 0x3CA0, 0x3CC7, 0x3CA0, 0x45F8, 0x3CA0, 0x3CC7, 
    0x5DA7, 0x5DA7, 0x3CA0, 0x3CC7, 0x3CA0, 0x3CA0, 0x3CA0, 0x3CC7, 0x3CA0, 
    0x3CA0, 0x3CA0, 0x3CC7, 0x3CA0, 0x3CA0, 0x3CA0, 0x3125, 0x3CA0, 0x3CA0, 
    0x3CA0, 0x3CC7, 0x3CA0, 0x3CC7, 0x3CA0, 0x3CC7, 0x3CA0, 0x3CC7, 0x3CA0, 
    0x3CC7, 0x3CA0, 0x3CC7, 0x3CA0, 0x3CC7, 0x3CA0, 0x3CC7, 0x3CA0, 0x3CC7, 
    0x3CA0, 0x3CC7, 0x3CA0, 0x3CC7, 0x3CA0, 0x3CC7, 0x3CA0, 0x3CC7, 0x3CA0, 
    0x3CC7, 0x3CA0, 0x3CC7, 0x3CA0, 0x3CC7, 0x3CA0, 0x3CC7, 0x3CA0, 0x3CC7, 
    0x3CA0, 0x3CC7, 0x3CA0, 0x3CC7, 0x3CA0, 0x3CC7, 0x3CA0, 0x45FA, 0x3CA0, 
    0x3CC7, 0x3CA0, 0x3CC7, 0x3CA0, 0x3CC7, 0x3CA0, 0x3CC7, 0x3CA0, 0x3CC7, 
    0x3CA0, 0x3CC7, 0x3CA0, 0x3CC7, 0x3CA0, 0x3CC7, 0x3CA0, 0x3125, 0x3CA0, 
    0x3CC7, 0x3CA0, 0x3CC7, 0x3CA0, 0x3CC7, 0x3CA0, 0x3CC7, 0x3CA0, 0x3CC7, 
    0x3CA0, 0x3CC7, 0x3CA0, 0x3CC7, 0x3CA0, 0x3CC7, 0x3CA0, 0x3CC7, 0x3CA0, 
    0x3CC7, 0x3CA0, 0x3CC7, 0x3CA0, 0x3CC7, 0x3CA0, 0x3CC7, 0x3CA0, 0x3CC7, 
    0x3CA0, 0x3CC7, 0x3CA0, 0x3CC7, 0x3CA0, 0x3CC7, 0x3CA0, 0x3CC7, 0x3CA0, 
    0x3CC7, 0x3CA0, 0x3CC7, 0x3CA0, 0x3CC7, 0x3CA0, 0x3CC7, 0x3CA0, 0x45FA, 
    0x3CA0, 0x3CC7, 0x3CA0, 0x3CC7, 0x3CA0, 0x3CC7, 0x3CA0, 0x3CC7, 0x3CA0, 
    0x3CC7, 0x3CA0, 0x3CC7, 0x3CA0, 0x3CC7, 0x3CA0, 0x3CC7, 0x3CA0, 0x3125, 
    0x3CC7, 0x3CC7, 0x3CA0, 0x3CC7, 0x3CA0, 0x3CC7, 0x3CA0, 0x3CC7, 0x3CC7, 
    0x3CC7, 0x3CA0, 0x3CC7, 0x3CC7, 0x3CC7, 0x3CA0, 0x3CC7, 0x3CC7, 0x3CC7, 
    0x3CA0, 0x3CC7, 0x3CC7, 0x3CC7, 0x3CA0, 0x3CC7, 0x3CC7, 0x3CC7, 0x3CA0, 
    0x3CC7, 0x3CC7, 0x3CC7, 0x3CA0, 0x3CC7, 0x3CC7, 0x3CC7, 0x3CA0, 0x3CC7, 
    0x3CC7, 0x3CC7, 0x3CA0, 0x3CC7, 0x3CC7, 0x3CC7, 0x3CA0, 0x3CC7, 0x3CC7, 
    0x45FA, 0x3CC7, 0x3CC7, 0x3CC7, 0x3CC7, 0x3CA0, 0x3CC7, 0x3CC7, 0x3CC7, 
    0x3CC7, 0x3CC7, 0x3CC7, 0x3CC7, 0x3CC7, 0x3CC7, 0x3CC7, 0x3CC7, 0x3CC7, 
    0x3125, 0x3CC7, 0x3CC7, 0x3CC7, 0x3CC7, 0x3CC7, 0x3CA0, 0x3CA0, 0x3CA0, 
    0x3CA0, 0x3CA0, 0x3CA0, 0x3CA0, 0x3CA0, 0x3CA0, 0x3CA0, 0x3CA0, 0x3CA0, 
    0x3CA0, 0x3CA0, 0x3CA0, 0x3CA0, 0x3CA0, 0x3CA0, 0x3CA0, 0x3CA0, 0x3CA0, 
    0x3CA0, 0x4E38, 0x3CA0, 0x5E53, 0x3CA0, 0x6674, 0x3CA0, 0x3CA0, 0x3CA0, 
    0x3CA0, 0x3CA0, 0x3CA0, 0x3CA0, 0x3CA0, 0x3CA0, 0x3CA0, 0x3CA0, 0x3CA0, 
    0x3CA0, 0x3CA0, 0x3CA0, 0x3CA0, 0x3CA0, 0x3CA0, 0x3CA0, 0x3CA0, 0x3CA0, 
    0x3CA0, 0x3CA0, 0x3CA0, 0x3CA0, 0x3CA0, 0x3CA0, 0x3CA0, 0x31B5, 0x31B5, 
    0x3CA0, 0x3CA0, 0x3CA0, 0x3CA0, 0x3CA0, 0x3CA0, 0x3CA0, 0x3CA0, 0x3CA0, 
    0x3CA0, 0x3CA0, 0x3CA0, 0x3CA0, 0x3CA0, 0x3CA0, 0x3CA0, 0x3CA0, 0x3CA0, 
    0x3CA0, 0x3CA0, 0x3CA0, 0x3CA0, 0x3CA0, 0x3CA0, 0x3CA0, 0x3CA0, 0x3CC7, 
    0x3CA0, 0x3CA0, 0x4E38, 0x3CA0, 0x4E38, 0x3CA0, 0x4E38, 0x3CC7, 0x3CA0, 
    0x3CA0, 0x3CA0, 0x3CC7, 0x3CA0, 0x3CA0, 0x3CA0, 0x3CC7, 0x3CA0, 0x3CA0, 
    0x3CA0, 0x3CC7, 0x3CA0, 0x3CA0, 0x3CA0, 0x3CC7, 0x3CA0, 0x3CA0, 0x3CA0, 
    0x3CC7, 0x3CA0, 0x3CA0, 0x3CA0, 0x3CC7, 0x3CA0, 0x3CA0, 0x3CA0, 0x31B6, 
    0x31B5, 0x3CA0, 0x3CA0, 0x3CC7, 0x3CA0, 0x3CA0, 0x3CA0, 0x3CC7, 0x3CA0, 
    0x3CC7, 0x3CA0, 0x3CC7, 0x3CA0, 0x3CA0, 0x3CA0, 0x3CC7, 0x3CA0, 0x3CC7, 
    0x3CA0, 0x3CC7, 0x3CA0, 0x3CC7, 0x3CA0, 0x3CC7, 0x3CA0, 0x3CC7, 0x3CA0, 
    0x3CC7, 0x3CA0, 0x3CC7, 0x4E38, 0x3CC7, 0x4E38, 0x3CC7, 0x4E38, 0x3CC7, 
    0x3CA0, 0x3CC7, 0x3CA0, 0x3CC7, 0x3CA0, 0x3CC7, 0x3CA0, 0x3CC7, 0x3CA0, 
    0x3CC7, 0x3CA0, 0x3CC7, 0x3CA0, 0x3CC7, 0x3CA0, 0x3CC7, 0x3CA0, 0x3CC7, 
    0x3CA0, 0x3CC7, 0x3CA0, 0x3CC7, 0x3CA0, 0x3CC7, 0x3CA0, 0x3CC7, 0x3CA0, 
    0x31B6, 0x31B5, 0x3CC7, 0x3CA0, 0x3CC7, 0x3CA0, 0x3CC7, 0x3CA0, 0x3CC7, 
    0x3CA0, 0x3CC7, 0x3CA0, 0x3CC7, 0x3CA0, 0x3CC7, 0x3CA0, 0x3CC7, 0x3CA0, 
    0x3CC7, 0x3CA0, 0x3CC7, 0x3CA0, 0x3CC7, 0x3CA0, 0x3CC7, 0x3CA0, 0x3CC7, 
    0x3CA0, 0x3CC7, 0x3CA0, 0x3CC7, 0x4E38, 0x3CC7, 0x4E38, 0x3CC7, 0x4E38, 
    0x3CC7, 0x3CA0, 0x3CC7, 0x3CA0, 0x3CC7, 0x3CA0, 0x3CC7, 0x3CA0, 0x3CC7, 
    0x3CA0, 0x3CC7, 0x3CA0, 0x3CC7, 0x3CA0, 0x3CC7, 0x3CA0, 0x3CC7, 0x3CA0, 
    0x3CC7, 0x3CA0, 0x3CC7, 0x3CC7, 0x3CA0, 0x3CA0, 0x3CA0, 0x3CC7, 0x3CA0, 
    0x3CA0, 0x3CA0, 0x3CC7, 0x3CA0, 0x3CA0, 0x3CA0, 0x3CC7, 0x3CA0, 0x3CA0, 
    0x3CA0, 0x3CC7, 0x3CA0, 0x3CA0, 0x3CA0, 0x3CC7, 0x3CA0, 0x3CA0, 0x6275, 
    0x66D4, 0x6275, 0x3CA0, 0x3CA0, 0x3CC7, 0x3CA0, 0x3CC7, 0x3CA0, 0x3CC7, 
    0x3CA0, 0x3CA0, 0x3CA0, 0x3CC7, 0x3CA0, 0x3CC7, 0x3CA0, 0x3CC7, 0x3CA0, 
    0x3CC7, 0x3CA0, 0x3CC7, 0x3CA0, 0x3CC7, 0x3CA0, 0x3CC7, 0x3CA0, 0x3CC7, 
    0x3CA0, 0x3CC7, 0x3CA0, 0x3CC7, 0x31B5, 0x31B6, 0x3CA0, 0x3CC7, 0x3CA0, 
    0x3CC7, 0x3CA0, 0x3CC7, 0x3CA0, 0x3CC7, 0x3CA0, 0x3CC7, 0x3CA0, 0x3CC7, 
    0x3CA0, 0x3CC7, 0x3CA0, 0x3CC7, 0x3CA0, 0x3CC7, 0x3CA0, 0x3CC7, 0x3CA0, 
    0x3CC7, 0x3CA0, 0x3CC7, 0x3CA0, 0x3CC7, 0x3CA0, 0x3CC7, 0x3CA0, 0x3CC7, 
    0x5259, 0x5B1A, 0x5259, 0x3CC7, 0x3CA0, 0x3CC7, 0x3CA0, 0x3CC7, 0x3CA0, 
    0x3CC7, 0x3CA0, 0x3CC7, 0x3CA0, 0x3CC7, 0x3CA0, 0x3CC7, 0x3CA0, 0x3CC7, 
    0x3CA0, 0x3CC7, 0x3CA0, 0x3CC7, 0x3CA0, 0x3CC7, 0x3CA0, 0x3CC7, 0x3CA0, 
    0x3CC7, 0x3CA0, 0x3CC7, 0x3CA0, 0x3CC7, 0x31B5, 0x31B6, 0x3CA0, 0x3CC7, 
    0x3CA0, 0x3CC7, 0x3CA0, 0x3CC7, 0x3CA0, 0x3CC7, 0x3CA0, 0x3CC7, 0x3CA0, 
    0x3CC7, 0x3CA0, 0x3CC7, 0x3CA0, 0x3CC7, 0x3CA0, 0x3CC7, 0x3CA0, 0x3CC7, 
    0x3CA0, 0x3CC7, 0x3CA0, 0x3CC7, 0x3CA0, 0x3CC7, 0x3CA0, 0x3CC7, 0x3CA0, 
    0x3CC7, 0x5259, 0x5B1A, 0x5259, 0x3CC7, 0x3CA0, 0x3CC7, 0x3CC7, 0x3CC7, 
    0x3CA0, 0x3CC7, 0x3CA0, 0x3CC7, 0x3CA0, 0x3CC7, 0x3CC7, 0x3CC7, 0x3CA0, 
    0x3CC7, 0x3CC7, 0x3CC7, 0x3CA0, 0x3CC7, 0x3CC7, 0x3CC7, 0x3CA0, 0x3CC7, 
    0x3CC7, 0x3CC7, 0x3CA0, 0x3CC7, 0x3CC7, 0x3CC7, 0x31B5, 0x31B6, 0x3CC7, 
    0x3CC7, 0x3CA0, 0x3CC7, 0x3CC7, 0x3CC7, 0x3CA0, 0x3CC7, 0x3CC7, 0x3CC7, 
    0x3CA0, 0x3CC7, 0x3CC7, 0x3CC7, 0x3CC7, 0x3CC7, 0x3CC7, 0x3CC7, 0x3CA0, 
    0x3CC7, 0x3CC7, 0x3CC7, 0x3CC7, 0x3CC7, 0x3CC7, 0x3CC7, 0x3CC7, 0x3CC7, 
    0x3CC7, 0x3CC7, 0x527A, 0x5B1A, 0x527A, 0x3CC7, 0x3CC7, 0x3CC7, 0x3CC7, 
    0x3CC7, 0x3CC7, 0x3CC7, 0x3CC7, 0x3CC7, 0x3CC7, 0x3CC7, 0x3CC7, 0x3CC7, 
    0x3CC7, 0x3CC7, 0x3CC7, 0x3CC7, 0x3CC7, 0x3CC7, 0x3CC7, 0x3CC7, 0x3CC7, 
    0x3CA0, 0x3CA0, 0x3CA0, 0x3CA0, 0x3CA0, 0x3CA0, 0x3CA0, 0x3CA0, 0x3CA0, 
    0x3CA0, 0x3CA0, 0x3CA0, 0x3CA0, 0x3CA0, 0x3CA0, 0x3CA0, 0x3CA0, 0x3CA0, 
    0x3CA0, 0x3CA0, 0x41B8, 0x45F8, 0x5E53, 0x66D3, 0x66D3, 0x66D3, 0x5E53, 
    0x45F8, 0x41B8, 0x3CA0, 0x3CA0, 0x3CA0, 0x3CA0, 0x3CA0, 0x3CA0, 0x3CA0, 
    0x3CA0, 0x3CA0, 0x3CA0, 0x3CA0, 0x3CA0, 0x3CA0, 0x3CA0, 0x3CA0, 0x3CA0, 
    0x3CA0, 0x3CA0, 0x3CA0, 0x3CA0, 0x3CA0, 0x3CA0, 0x3CA0, 0x3CA0, 0x3CA0, 
    0x3CA0, 0x3CA0, 0x3CA0, 0x3CA0, 0x3CA0, 0x3CA0, 0x3CA0, 0x3CA0, 0x3CA0, 
    0x3CA0, 0x3CA0, 0x3CA0, 0x3CA0, 0x3CA0, 0x3CA0, 0x3CC7, 0x3CA0, 0x3CA0, 
    0x3CA0, 0x3CA0, 0x3CA0, 0x3CA0, 0x3CA0, 0x3CC7, 0x3CA0, 0x3CA0, 0x3CA0, 
    0x3CC7, 0x3CA0, 0x3CA0, 0x41B8, 0x45FA, 0x4E38, 0x5B19, 0x5B19, 0x5B1A, 
    0x4E38, 0x45F8, 0x41B8, 0x3CC7, 0x3CA0, 0x3CA0, 0x3CA0, 0x3CC7, 0x3CA0, 
    0x3CA0, 0x3CA0, 0x3CC7, 0x3CA0, 0x3CA0, 0x3CA0, 0x3CC7, 0x3CA0, 0x3CA0, 
    0x3CA0, 0x3CC7, 0x3CA0, 0x3CC7, 0x3CA0, 0x3CC7, 0x3CA0, 0x3CA0, 0x3CA0, 
    0x3CC7, 0x3CA0, 0x3CC7, 0x3CA0, 0x3CC7, 0x3CA0, 0x3CC7, 0x3CA0, 0x3CC7, 
    0x3CA0, 0x3CC7, 0x3CA0, 0x3CC7, 0x3CA0, 0x3CC7, 0x3CA0, 0x3CC7, 0x3CA0, 
    0x3CC7, 0x3CA0, 0x3CC7, 0x3CA0, 0x3CC7, 0x3CA0, 0x3CC7, 0x3CA0, 0x3CC7, 
    0x3CA0, 0x3CC7, 0x3CA0, 0x3CC7, 0x41B8, 0x45FA, 0x4E38, 0x5B1A, 0x5B19, 
    0x5B1A, 0x4E38, 0x45FA, 0x41B8, 0x3CC7, 0x3CA0, 0x3CC7, 0x3CA0, 0x3CC7, 
    0x3CA0, 0x3CC7, 0x3CA0, 0x3CC7, 0x3CA0, 0x3CC7, 0x3CA0, 0x3CC7, 0x3CA0, 
    0x3CC7, 0x3CA0, 0x3CC7, 0x3CA0, 0x3CC7, 0x3CA0, 0x3CC7, 0x3CA0, 0x3CC7, 
    0x3CA0, 0x3CC7, 0x3CA0, 0x3CC7, 0x3CA0, 0x3CC7, 0x3CA0, 0x3CC7, 0x3CA0, 
    0x3CC7, 0x3CA0, 0x3CC7, 0x3CA0, 0x3CC7, 0x3CA0, 0x3CC7, 0x3CA0, 0x3CC7, 
    0x3CA0, 0x3CC7, 0x3CA0, 0x3CC7, 0x3CA0, 0x3CC7, 0x3CA0, 0x3CC7, 0x3CA0, 
    0x3CC7, 0x3CA0, 0x3CC7, 0x3CA0, 0x3CC7, 0x41B8, 0x45FA, 0x4E38, 0x5B1A, 
    0x5B19, 0x5B1A, 0x4E38, 0x45FA, 0x41B8, 0x3CC7, 0x3CA0, 0x3CC7, 0x3CA0, 
    0x3CC7, 0x3CA0, 0x3CC7, 0x3CA0, 0x3CC7, 0x3CA0, 0x3CC7, 0x3CA0, 0x3CC7, 
    0x3CA0, 0x3CC7, 0x3CC7, 0x3CC7, 0x3CA0, 0x3CC7, 0x3CA0, 0x3CA0, 0x3CA0, 
    0x3CA0, 0x3CA0, 0x3CA0, 0x3CC7, 0x3CA0, 0x3CA0, 0x3CA0, 0x3CA0, 0x3CA0, 
    0x3CA0, 0x3CA0, 0x3CC7, 0x3CA0, 0x3CA0, 0x3CA0, 0x3CC7, 0x3CA0, 0x3CA0, 
    0x3CA0, 0x3CC7, 0x6275, 0x66D3, 0x6275, 0x3CC7, 0x3CA0, 0x3CA0, 0x3CA0, 
    0x3CC7, 0x3CA0, 0x3CA0, 0x3CA0, 0x3CC7, 0x3CA0, 0x3CA0, 0x3CA0, 0x3CC7, 
    0x3CA0, 0x3CA0, 0x3CA0, 0x3CC7, 0x3CA0, 0x3CC7, 0x3CA0, 0x3CC7, 0x69D7, 
    0x3CA0, 0x3CA0, 0x3CC7, 0x3CA0, 0x3CC7, 0x3CA0, 0x3CC7, 0x3CA0, 0x3CC7, 
    0x3CA0, 0x3CC7, 0x3CA0, 0x3CC7, 0x3CA0, 0x3CC7, 0x3CA0, 0x3CC7, 0x3CA0, 
    0x3CC7, 0x3CA0, 0x3CC7, 0x3CA0, 0x3CC7, 0x3CA0, 0x3CC7, 0x3CA0, 0x3CC7, 
    0x3CA0, 0x3CC7, 0x3CA0, 0x3CC7, 0x3CA0, 0x3CC7, 0x3CA0, 0x3CC7, 0x3CA0, 
    0x3CC7, 0x3CA0, 0x3CC7, 0x5259, 0x5B1A, 0x5259, 0x3CC7, 0x3CA0, 0x3CC7, 
    0x3CA0, 0x3CC7, 0x3CA0, 0x3CC7, 0x3CA0, 0x3CC7, 0x3CA0, 0x3CC7, 0x3CA0, 
    0x3CC7, 0x3CA0, 0x3CC7, 0x3CA0, 0x3CC7, 0x3CA0, 0x3CC7, 0x3CA0, 0x3CC7, 
    0x69D7, 0x3CC7, 0x3CA0, 0x3CC7, 0x3CA0, 0x3CC7, 0x3CA0, 0x3CC7, 0x3CA0, 
    0x3CC7, 0x3CA0, 0x3CC7, 0x3CA0, 0x3CC7, 0x3CA0, 0x3CC7, 0x3CA0, 0x3CC7, 
    0x3CA0, 0x3CC7, 0x3CA0, 0x3CC7, 0x3CA0, 0x3CC7, 0x3CA0, 0x3CC7, 0x3CA0, 
    0x3CC7, 0x3CA0, 0x3CC7, 0x3CA0, 0x3CC7, 0x3CA0, 0x3CC7, 0x3CA0, 0x3CC7, 
    0x3CA0, 0x3CC7, 0x3CA0, 0x3CC7, 0x5259, 0x5B1A, 0x5259, 0x3CC7, 0x3CA0, 
    0x3CC7, 0x3CA0, 0x3CC7, 0x3CA0, 0x3CC7, 0x3CA0, 0x3CC7, 0x3CA0, 0x3CC7, 
    0x3CA0, 0x3CC7, 0x3CA0, 0x3CC7, 0x3CA0, 0x3CC7, 0x3CA0, 0x3CC7, 0x3CA0, 
    0x3CC7, 0x69D9, 0x3CC7, 0x3CA0, 0x3CC7, 0x3CA0, 0x3CC7, 0x3CA0, 0x3CC7, 
    0x3CC7, 0x3CC7, 0x3CA0, 0x3CC7, 0x3CC7, 0x3CC7, 0x3CA0, 0x3CC7, 0x3CC7, 
    0x3CC7, 0x3CA0, 0x3CC7, 0x3CC7, 0x3CC7, 0x3CA0, 0x3CC7, 0x3CC7, 0x3CC7, 
    0x3CA0, 0x3CC7, 0x3CC7, 0x3CC7, 0x3CA0, 0x3CC7, 0x3CC7, 0x3CC7, 0x3CA0, 
    0x3CC7, 0x3CC7, 0x3CC7, 0x3CA0, 0x3CC7, 0x527A, 0x5B1A, 0x5259, 0x3CC7, 
    0x3CC7, 0x3CC7, 0x3CC7, 0x3CC7, 0x3CC7, 0x3CC7, 0x3CC7, 0x3CC7, 0x3CC7, 
    0x3CC7, 0x3CC7, 0x3CC7, 0x3CC7, 0x3CC7, 0x3CC7, 0x3CC7, 0x3CC7, 0x3CC7, 
    0x3CC7, 0x3CC7, 0x69D9, 0x3CA0, 0x3CA0, 0x3CA0, 0x3CA0, 0x3CA0, 0x3CA0, 
    0x3CA0, 0x3CA0, 0x3CA0, 0x3CA0, 0x3CA0, 0x3CA0, 0x3CA0, 0x3CA0, 0x3CA0, 
    0x3CA0, 0x3CA0, 0x3CA0, 0x3CA0, 0x3CA0, 0x3CA0, 0x3CA0, 0x4E38, 0x3CA0, 
    0x5E53, 0x3CA0, 0x6674, 0x3CA0, 0x3CA0, 0x3CA0, 0x3CA0, 0x3CA0, 0x3CA0, 
    0x3CA0, 0x3CA0, 0x3CA0, 0x3CA0, 0x3CA0, 0x3CA0, 0x3CA0, 0x3CA0, 0x3CA0, 
    0x3CA0, 0x3CA0, 0x3CA0, 0x3CA0, 0x3CA0, 0x3CA0, 0x3CA0, 0x3CA0, 0x3CA0, 
    0x3CA0, 0x3CA0, 0x3CA0, 0x3CA0, 0x3CA0, 0x3CA0, 0x3CA0, 0x3CA0, 0x3CA0, 
    0x3CA0, 0x3CA0, 0x3CA0, 0x3CA0, 0x3CA0, 0x3CA0, 0x3CA0, 0x3CA0, 0x3CA0, 
    0x3CA0, 0x3CA0, 0x3CA0, 0x3CA0, 0x3CA0, 0x3CA0, 0x3CA0, 0x3CA0, 0x3CA0, 
    0x3CA0, 0x3CA0, 0x3CA0, 0x3CA0, 0x3CA0, 0x3CA0, 0x3CA0, 0x3CA0, 0x4E38, 
    0x3CC7, 0x4E38, 0x3CA0, 0x4E38, 0x3CA0, 0x3CA0, 0x3CA0, 0x3CA0, 0x3CC7, 
    0x3CA0, 0x3CA0, 0x3CA0, 0x3CC7, 0x3CA0, 0x3CA0, 0x3CA0, 0x3CC7, 0x3CA0, 
    0x3CA0, 0x3CA0, 0x3CC7, 0x3CA0, 0x3CA0, 0x3CA0, 0x3CC7, 0x3CA0, 0x3CA0, 
    0x3CA0, 0x3CC7, 0x3CA0, 0x3CA0, 0x3CA0, 0x3CC7, 0x3CA0, 0x3CA0, 0x3CA0, 
    0x3CC7, 0x3CA0, 0x3CA0, 0x3CA0, 0x3CC7, 0x3CA0, 0x3CA0, 0x3CA0, 0x3CC7, 
    0x3CA0, 0x3CC7, 0x3CA0, 0x3CC7, 0x3CA0, 0x3CA0, 0x3CA0, 0x3CC7, 0x3CA0, 
    0x3CC7, 0x3CA0, 0x3CC7, 0x3CA0, 0x3CC7, 0x3CA0, 0x3CC7, 0x3CA0, 0x3CC7, 
    0x4E38, 0x3CC7, 0x4E38, 0x3CC7, 0x4E38, 0x3CC7, 0x3CA0, 0x3CC7, 0x3CA0, 
    0x3CC7, 0x3CA0, 0x3CC7, 0x3CA0, 0x3CC7, 0x3CA0, 0x3CC7, 0x3CA0, 0x3CC7, 
    0x3CA0, 0x3CC7, 0x3CA0, 0x3CC7, 0x3CA0, 0x3CC7, 0x3CA0, 0x3CC7, 0x3CA0, 
    0x3CC7, 0x3CA0, 0x3CC7, 0x3CA0, 0x3CC7, 0x3CA0, 0x3CC7, 0x3CA0, 0x3CC7, 
    0x3CA0, 0x3CC7, 0x3CA0, 0x3CC7, 0x3CA0, 0x3CC7, 0x3CA0, 0x3CC7, 0x3CA0, 
    0x3CC7, 0x3CA0, 0x3CC7, 0x3CA0, 0x3CC7, 0x3CA0, 0x3CC7, 0x3CA0, 0x3CC7, 
    0x3CA0, 0x3CC7, 0x3CA0, 0x3CC7, 0x3CA0, 0x3CC7, 0x3CA0, 0x3CC7, 0x3CA0, 
    0x3CC7, 0x4E38, 0x3CC7, 0x4E38, 0x3CC7, 0x4E38, 0x3CC7, 0x3CA0, 0x3CC7, 
    0x3CA0, 0x3CC7, 0x3CA0, 0x3CC7, 0x3CA0, 0x3CC7, 0x3CA0, 0x3CC7, 0x3CA0, 
    0x3CC7, 0x3CA0, 0x3CC7, 0x3CA0, 0x3CC7, 0x3CA0, 0x3CC7, 0x3CA0, 0x3CC7, 
    0x3CC7, 0x3CA0, 0x3CA0, 0x3CA0, 0x3CC7, 0x3CA0, 0x3CA0, 0x3CA0, 0x3CC7, 
    0x3CA0, 0x3CA0, 0x3CA0, 0x3CC7, 0x3CA0, 0x3CA0, 0x3CA0, 0x3CC7, 0x3CA0, 
    0x3CC7, 0x3CA0, 0x3CC7, 0x3CA0, 0x3CA0, 0x3CA0, 0x45FA, 0x3CA0, 0x3CC7, 
    0x5DA7, 0x3CC7, 0x3CA0, 0x3CC7, 0x3CA0, 0x3CC7, 0x3CA0, 0x3CC7, 0x3CA0, 
    0x3CC7, 0x3CA0, 0x3CC7, 0x3CA0, 0x3CC7, 0x3CA0, 0x3CC7, 0x3CA0, 0x3CC7, 
    0x3CA0, 0x3CC7, 0x3CA0, 0x3CC7, 0x3CA0, 0x3CC7, 0x3CA0, 0x3CC7, 0x3CA0, 
    0x5ECC, 0x3CA0, 0x3CC7, 0x3CA0, 0x3CC7, 0x3CA0, 0x3CC7, 0x3CA0, 0x3CC7, 
    0x3CA0, 0x3CC7, 0x3CA0, 0x3CC7, 0x3CA0, 0x3CC7, 0x3CA0, 0x3CC7, 0x3CA0, 
    0x3CC7, 0x3CA0, 0x3CC7, 0x3CA0, 0x3CC7, 0x3CA0, 0x3CC7, 0x3CA0, 0x3CC7, 
    0x3CA0, 0x3CC7, 0x3CA0, 0x3CC7, 0x3CA0, 0x3CC7, 0x3CA0, 0x45FA, 0x3CA0, 
    0x3CC7, 0x3CA0, 0x3CC7, 0x3CA0, 0x3CC7, 0x3CA0, 0x3CC7, 0x3CA0, 0x3CC7, 
    0x3CA0, 0x3CC7, 0x3CA0, 0x3CC7, 0x3CA0, 0x3CC7, 0x3CA0, 0x3CC7, 0x3CA0, 
    0x3CC7, 0x3CA0, 0x3CC7, 0x3CA0, 0x3CC7, 0x3CA0, 0x3CC7, 0x3CA0, 0x3CC7, 
    0x3CA0, 0x5ECC, 0x3CA0, 0x3CC7, 0x3CA0, 0x3CC7, 0x3CA0, 0x3CC7, 0x3CA0, 
    0x3CC7, 0x3CA0, 0x3CC7, 0x3CA0, 0x3CC7, 0x3CA0, 0x3CC7, 0x3CA0, 0x3CC7, 
    0x3CA0, 0x3CC7, 0x3CA0, 0x3CC7, 0x3CA0, 0x3CC7, 0x3CA0, 0x3CC7, 0x3CA0, 
    0x3CC7, 0x3CC7, 0x3CC7, 0x3CA0, 0x3CC7, 0x3CA0, 0x3CC7, 0x3CA0, 0x45FA, 
    0x3CC7, 0x3CC7, 0x3CA0, 0x3CC7, 0x3CC7, 0x3CC7, 0x3CA0, 0x3CC7, 0x3CC7, 
    0x3CC7, 0x3CA0, 0x3CC7, 0x3CC7, 0x3CC7, 0x3CA0, 0x3CC7, 0x3CC7, 0x3CC7, 
    0x3CA0, 0x3CC7, 0x3CC7, 0x3CC7, 0x3CA0, 0x3CC7, 0x3CC7, 0x3CC7, 0x3CA0, 
    0x3CC7, 0x3CC7, 0x5ECC, 0x3CA0, 0x3CC7, 0x3CC7, 0x3CC7, 0x3CC7, 0x3CC7, 
    0x3CC7, 0x3CC7, 0x3CA0, 0x3CC7, 0x3CC7, 0x3CC7, 0x3CC7, 0x3CC7, 0x3CC7, 
    0x3CC7, 0x3CC7, 0x3CC7, 0x3CC7, 0x3CC7, 0x3CC7, 0x3CC7, 0x3CC7, 0x3CC7, 
    0x3CC7, 0x3CC7, 0x3CC7, 0x3CC7, 0x3CC7, 0x3CC7, 0x3CC7, 0x3CC7, 0x3CC7, 
    0x45FA, 0x3CC7, 0x3CC7, 0x3CC7, 0x3CC7, 0x3CC7, 0x3CC7, 0x3CC7, 0x3CC7, 
    0x3CC7, 0x3CC7, 0x3CC7, 0x3CC7, 0x3CC7, 0x3CC7, 0x3CC7, 0x3CC7, 0x3CC7, 
    0x3CC7, 0x3CC7, 0x3CC7, 0x3CC7, 0x3CC7, 0x3CC7, 0x3CA0, 0x3CA0, 0x3CA0, 
    0x3CA0, 0x3CA0, 0x3CA0, 0x3CA0, 0x3CA0, 0x3CA0, 0x3CA0, 0x490A, 0x3CA0, 
    0x3CA0, 0x3CA0, 0x3CA0, 0x3CA0, 0x3CA0, 0x3CA0, 0x3CA0, 0x3CA0, 0x3CA0, 
    0x3CA0, 0x3CA0, 0x3CA0, 0x41B8, 0x3CA0, 0x3CA0, 0x3CA0, 0x5DA7, 0x3CA0, 
    0x3CA0, 0x3CA0, 0x3CA0, 0x3CA0, 0x3CA0, 0x3CA0, 0x3CA0, 0x3CA0, 0x3CA0, 
    0x3CA0, 0x3CA0, 0x3CA0, 0x3CA0, 0x3CA0, 0x3CA0, 0x3CA0, 0x3CA0, 0x3CA0, 
    0x3CA0, 0x3CA0, 0x3CA0, 0x3CA0, 0x3CA0, 0x3CA0, 0x3CA0, 0x3CA0, 0x3CA0, 
    0x3CA0, 0x3CA0, 0x3CA0, 0x3CA0, 0x3CA0, 0x3CA0, 0x3CA0, 0x3CA0, 0x3CC7, 
    0x3CA0, 0x3CA0, 0x3CA0, 0x3CC7, 0x3CA0, 0x3CA0, 0x3CA0, 0x3CC7, 0x490A, 
    0x3CA0, 0x3CA0, 0x3CC7, 0x3CA0, 0x3CA0, 0x3CA0, 0x3CC7, 0x3CA0, 0x3CA0, 
    0x3CA0, 0x3CC7, 0x3CA0, 0x3CA0, 0x41B8, 0x3CC7, 0x3CA0, 0x3CA0, 0x3CA0, 
    0x3CC7, 0x3CA0, 0x3CA0, 0x3CA0, 0x3CC7, 0x3CA0, 0x3CA0, 0x3CA0, 0x3CC7, 
    0x3CA0, 0x3CA0, 0x3CA0, 0x3CC7, 0x3CA0, 0x3CC7, 0x3CA0, 0x3CC7, 0x3CA0, 
    0x3CC7, 0x3CA0, 0x3CC7, 0x3CA0, 0x3CC7, 0x3CA0, 0x3CC7, 0x3CA0, 0x3CC7, 
    0x3CA0, 0x3CC7, 0x3CA0, 0x3CC7, 0x3CA0, 0x3CC7, 0x3CA0, 0x3CC7, 0x3CA0, 
    0x3CC7, 0x3CA0, 0x3CC7, 0x3CA0, 0x3CC7, 0x3CA0, 0x3CC7, 0x3CA0, 0x3CC7, 
    0x490A, 0x3CC7, 0x3CA0, 0x3CC7, 0x3CA0, 0x3CC7, 0x3CA0, 0x3CC7, 0x3CA0, 
    0x3CC7, 0x3CA0, 0x3CC7, 0x3CA0, 0x3CC7, 0x41B8, 0x3CC7, 0x3CA0, 0x3CC7, 
    0x3CA0, 0x3CC7, 0x3CA0, 0x3CC7, 0x3CA0, 0x3CC7, 0x3CA0, 0x3CC7, 0x3CA0, 
    0x3CC7, 0x3CA0, 0x3CC7, 0x3CA0, 0x3CC7, 0x3CA0, 0x3CC7, 0x3CA0, 0x3CC7, 
    0x3CA0, 0x3CC7, 0x3CA0, 0x3CC7, 0x3CA0, 0x3CC7, 0x3CA0, 0x3CC7, 0x3CA0, 
    0x3CC7, 0x3CA0, 0x3CC7, 0x3CA0, 0x3CC7, 0x3CA0, 0x3CC7, 0x3CA0, 0x3CC7, 
    0x3CA0, 0x3CC7, 0x3CA0, 0x3CC7, 0x3CA0, 0x3CC7, 0x3CA0, 0x3CC7, 0x3CA0, 
    0x3CC7, 0x490A, 0x3CC7, 0x3CA0, 0x3CC7, 0x3CA0, 0x3CC7, 0x3CA0, 0x3CC7, 
    0x3CA0, 0x3CC7, 0x3CA0, 0x3CC7, 0x3CA0, 0x3CC7, 0x41B8, 0x3CC7, 0x3CA0, 
    0x3CC7, 0x3CA0, 0x3CC7, 0x3CA0, 0x3CC7, 0x3CA0, 0x3CC7, 0x3CA0, 0x3CC7, 
    0x3CA0, 0x3CC7, 0x3CA0, 0x3CC7, 0x3CC7, 0x3CC7, 0x3CA0, 0x3CC7, 0x3CA0, 
    0x3CC7, 0x3CA0, 0x3CC7, 0x3CA0, 0x3CA0, 0x3CC7, 0x3CA0, 0x3CA0, 0x3CA0, 
    0x3CC7, 0x3CA0, 0x3CA0, 0x3CA0, 0x5150, 0x3CA0, 0x3CA0, 0x3CA0, 0x3CC7, 
    0x3CA0, 0x3CA0, 0x3CA0, 0x3CC7, 0x3CA0, 0x3CA0, 0x3CA0, 0x3CC7, 0x3CA0, 
    0x3CA0, 0x3CA0, 0x3CC7, 0x3CA0, 0x3CA0, 0x5DA7, 0x3CC7, 0x3CA0, 0x3CA0, 
    0x3CA0, 0x3CC7, 0x3CA0, 0x3CA0, 0x3CA0, 0x3CC7, 0x3CA0, 0x3CC7, 0x3CA0, 
    0x3CC7, 0x3CA0, 0x3CA0, 0x3CA0, 0x3CC7, 0x3CA0, 0x3CC7, 0x3CA0, 0x3CC7, 
    0x3CA0, 0x3CC7, 0x3CA0, 0x3CC7, 0x3CA0, 0x557A, 0x3CA0, 0x3CC7, 0x3CA0, 
    0x3CC7, 0x3CA0, 0x3CC7, 0x3CA0, 0x3CC7, 0x3CA0, 0x3CC7, 0x3CA0, 0x3CC7, 
    0x3CA0, 0x3CC7, 0x3CA0, 0x3CC7, 0x3CA0, 0x5150, 0x3CA0, 0x3CC7, 0x3CA0, 
    0x3CC7, 0x3CA0, 0x3CC7, 0x3CA0, 0x3CC7, 0x3CA0, 0x3CC7, 0x3CA0, 0x3CC7, 
    0x3CA0, 0x3CC7, 0x3CA0, 0x3CC7, 0x3CA0, 0x3CC7, 0x3CA0, 0x3CC7, 0x3CA0, 
    0x3CC7, 0x3CA0, 0x3CC7, 0x3CA0, 0x3CC7, 0x3CA0, 0x3CC7, 0x3CA0, 0x3CC7, 
    0x3CA0, 0x3CC7, 0x3CA0, 0x3CC7, 0x3CA0, 0x3CC7, 0x3CA0, 0x3CC7, 0x3CA0, 
    0x3CC7, 0x3CA0, 0x3CC7, 0x3CA0, 0x3CC7, 0x3CA0, 0x557A, 0x3CA0, 0x3CC7, 
    0x3CA0, 0x3CC7, 0x3CA0, 0x3CC7, 0x3CA0, 0x3CC7, 0x3CA0, 0x3CC7, 0x3CA0, 
    0x3CC7, 0x3CA0, 0x3CC7, 0x3CA0, 0x3CC7, 0x3CA0, 0x5150, 0x3CA0, 0x3CC7, 
    0x3CA0, 0x3CC7, 0x3CA0, 0x3CC7, 0x3CA0, 0x3CC7, 0x3CA0, 0x3CC7, 0x3CA0, 
    0x3CC7, 0x3CA0, 0x3CC7, 0x3CA0, 0x3CC7, 0x3CA0, 0x3CC7, 0x3CA0, 0x3CC7, 
    0x3CA0, 0x3CC7, 0x3CA0, 0x3CC7, 0x3CC7, 0x3CC7, 0x3CA0, 0x3CC7, 0x3CA0, 
    0x3CC7, 0x3CA0, 0x3CC7, 0x3CC7, 0x3CC7, 0x3CA0, 0x3CC7, 0x3CC7, 0x3CC7, 
    0x3CA0, 0x3CC7, 0x3CC7, 0x3CC7, 0x3CA0, 0x3CC7, 0x3CC7, 0x557A, 0x3CA0, 
    0x3CC7, 0x3CC7, 0x3CC7, 0x3CA0, 0x3CC7, 0x3CC7, 0x3CC7, 0x3CA0, 0x3CC7, 
    0x3CC7, 0x3CC7, 0x3CA0, 0x3CC7, 0x3CC7, 0x3CC7, 0x3CA0, 0x5150, 0x3CC7, 
    0x3CC7, 0x3CA0, 0x3CC7, 0x3CC7, 0x3CC7, 0x3CC7, 0x3CC7, 0x3CC7, 0x3CC7, 
    0x3CA0, 0x3CC7, 0x3CC7, 0x3CC7, 0x3CC7, 0x3CC7, 0x3CC7, 0x3CC7, 0x3CC7, 
    0x3CC7, 0x3CC7, 0x3CC7, 0x3CC7, 0x3CC7, 0x3CC7, 0x3CC7, 0x3CC7, 0x3CC7, 
    0x3CC7, 0x3CC7, 0x3CC7, 0x3CC7, 0x3CC7, 0x3CC7, 0x3CC7, 0x3CC7, 0x3CC7, 
    0x3CA0, 0x3CA0, 0x3CA0, 0x3CA0, 0x3CA0, 0x3CA0, 0x3CA0, 0x3CA0, 0x3CA0, 
    0x3CA0, 0x65F7, 0x3CA0, 0x3CA0, 0x3CA0, 0x3CA0, 0x3CA0, 0x3CA0, 0x3CA0, 
    0x3CA0, 0x3CA0, 0x3CA0, 0x3CA0, 0x3CA0, 0x3CA0, 0x3CA0, 0x3CA0, 0x3CA0, 
    0x3CA0, 0x3CA0, 0x3CA0, 0x5DA7, 0x3CA0, 0x3CA0, 0x3CA0, 0x3CA0, 0x3CA0, 
    0x3CA0, 0x3CA0, 0x3CA0, 0x3CA0, 0x3CA0, 0x3CA0, 0x3CA0, 0x3CA0, 0x3CA0, 
    0x3CA0, 0x3CA0, 0x3CA0, 0x3CA0, 0x3CA0, 0x3CA0, 0x3CA0, 0x50F9, 0x3CA0, 
    0x3CA0, 0x3CA0, 0x41B8, 0x3CA0, 0x3CA0, 0x3CA0, 0x50F9, 0x3CA0, 0x3CA0, 
    0x3CA0, 0x3CA0, 0x3CA0, 0x3CA0, 0x3CA0, 0x3CA0, 0x3CA0, 0x3CA0, 0x3CA0, 
    0x3CA0, 0x3CA0, 0x65F7, 0x3CA0, 0x3CA0, 0x3CA0, 0x3CA0, 0x3CA0, 0x3CA0, 
    0x3CA0, 0x3CA0, 0x3CC7, 0x3CA0, 0x3CA0, 0x3CA0, 0x3CA0, 0x3CA0, 0x3CA0, 
    0x3CA0, 0x3CC7, 0x3CA0, 0x3CA0, 0x3CA0, 0x3CC7, 0x3CA0, 0x3CA0, 0x3CA0, 
    0x3CC7, 0x3CA0, 0x3CA0, 0x3CA0, 0x3CC7, 0x3CA0, 0x3CA0, 0x3CA0, 0x3CC7, 
    0x3CA0, 0x3CA0, 0x3CA0, 0x3CC7, 0x3CA0, 0x3CA0, 0x3CA0, 0x3CC7, 0x50F9, 
    0x3CA0, 0x3CA0, 0x3CC7, 0x41B8, 0x3CC7, 0x3CA0, 0x3CC7, 0x50F9, 0x3CA0, 
    0x3CA0, 0x3CC7, 0x3CA0, 0x3CC7, 0x3CA0, 0x3CC7, 0x3CA0, 0x3CC7, 0x3CA0, 
    0x3CC7, 0x3CA0, 0x3CC7, 0x65F7, 0x3CC7, 0x3CA0, 0x3CC7, 0x3CA0, 0x3CC7, 
    0x3CA0, 0x3CC7, 0x3CA0, 0x3CC7, 0x3CA0, 0x3CC7, 0x3CA0, 0x3CC7, 0x3CA0, 
    0x3CC7, 0x3CA0, 0x3CC7, 0x3CA0, 0x3CC7, 0x3CA0, 0x3CC7, 0x3CA0, 0x3CC7, 
    0x3CA0, 0x3CC7, 0x3CA0, 0x3CC7, 0x3CA0, 0x3CC7, 0x3CA0, 0x3CC7, 0x3CA0, 
    0x3CC7, 0x3CA0, 0x3CC7, 0x3CA0, 0x3CC7, 0x3CA0, 0x3CC7, 0x3CA0, 0x3CC7, 
    0x50F9, 0x3CC7, 0x3CA0, 0x3CC7, 0x41B8, 0x3CC7, 0x3CA0, 0x3CC7, 0x50F9, 
    0x3CC7, 0x3CA0, 0x3CC7, 0x3CA0, 0x3CC7, 0x3CA0, 0x3CC7, 0x3CA0, 0x3CC7, 
    0x3CA0, 0x3CC7, 0x3CA0, 0x3CC7, 0x65F7, 0x3CC7, 0x3CA0, 0x3CC7, 0x3CA0, 
    0x3CC7, 0x3CA0, 0x3CC7, 0x3CA0, 0x3CC7, 0x3CA0, 0x3CC7, 0x3CA0, 0x3CC7, 
    0x3CA0, 0x3CC7, 0x3CA0, 0x3CC7, 0x3CA0, 0x3CC7, 0x3CA0, 0x3CC7, 0x3CA0, 
    0x3CC7, 0x3CA0, 0x3CC7, 0x3CA0, 0x3CC7, 0x3CA0, 0x3CC7, 0x3CA0, 0x3CC7, 
    0x3CA0, 0x3CC7, 0x3CA0, 0x3CC7, 0x3CA0, 0x3CC7, 0x3CC7, 0x3CA0, 0x3CA0, 
    0x3CA0, 0x3CC7, 0x3CA0, 0x3CA0, 0x3CA0, 0x3CC7, 0x3CA0, 0x7275, 0x3CA0, 
    0x3CC7, 0x3CA0, 0x3CA0, 0x3CA0, 0x3CC7, 0x3CA0, 0x3CA0, 0x3CA0, 0x3CC7, 
    0x3CA0, 0x3CC7, 0x3CA0, 0x3CC7, 0x3CA0, 0x3CA0, 0x3CA0, 0x3CC7, 0x3CA0, 
    0x3CC7, 0x5DA7, 0x3CC7, 0x3CA0, 0x3CC7, 0x4E28, 0x3CC7, 0x3CA0, 0x3CC7, 
    0x3CA0, 0x3CC7, 0x3CA0, 0x3CC7, 0x3CA0, 0x3CC7, 0x3CA0, 0x3CC7, 0x3CA0, 
    0x3CC7, 0x3CA0, 0x3CC7, 0x3CA0, 0x3CC7, 0x3CA0, 0x3CC7, 0x45F8, 0x527A, 
    0x45F8, 0x3CC7, 0x3CA0, 0x3CC7, 0x3CA0, 0x3CC7, 0x3CA0, 0x3CC7, 0x3CA0, 
    0x3CC7, 0x3CA0, 0x3CC7, 0x3CA0, 0x3CC7, 0x3CA0, 0x3CC7, 0x3CA0, 0x7276, 
    0x3CA0, 0x3CC7, 0x3CA0, 0x3CC7, 0x3CA0, 0x3CC7, 0x3CA0, 0x3CC7, 0x3CA0, 
    0x3CC7, 0x3CA0, 0x3CC7, 0x3CA0, 0x3CC7, 0x3CA0, 0x3CC7, 0x3CA0, 0x3CC7, 
    0x3CA0, 0x3CC7, 0x3CA0, 0x3CC7, 0x3CA0, 0x3CC7, 0x4E28, 0x3CC7, 0x3CA0, 
    0x3CC7, 0x3CA0, 0x3CC7, 0x3CA0, 0x3CC7, 0x3CA0, 0x3CC7, 0x3CA0, 0x3CC7, 
    0x3CA0, 0x3CC7, 0x3CA0, 0x3CC7, 0x3CA0, 0x3CC7, 0x3CA0, 0x3CC7, 0x45F8, 
    0x527A, 0x45F8, 0x3CC7, 0x3CA0, 0x3CC7, 0x3CA0, 0x3CC7, 0x3CA0, 0x3CC7, 
    0x3CA0, 0x3CC7, 0x3CA0, 0x3CC7, 0x3CA0, 0x3CC7, 0x3CA0, 0x3CC7, 0x3CA0, 
    0x7276, 0x3CA0, 0x3CC7, 0x3CA0, 0x3CC7, 0x3CA0, 0x3CC7, 0x3CA0, 0x3CC7, 
    0x3CA0, 0x3CC7, 0x3CC7, 0x3CC7, 0x3CA0, 0x3CC7, 0x3CA0, 0x3CC7, 0x3CA0, 
    0x3CC7, 0x3CC7, 0x3CC7, 0x3CA0, 0x3CC7, 0x3CC7, 0x3CC7, 0x4E28, 0x3CC7, 
    0x3CC7, 0x3CC7, 0x3CA0, 0x3CC7, 0x3CC7, 0x3CC7, 0x3CA0, 0x3CC7, 0x3CC7, 
    0x3CC7, 0x3CA0, 0x3CC7, 0x3CC7, 0x3CC7, 0x3CA0, 0x3CC7, 0x3CC7, 0x3CC7, 
    0x45F8, 0x527A, 0x45FA, 0x3CC7, 0x3CA0, 0x3CC7, 0x3CC7, 0x3CC7, 0x3CC7, 
    0x3CC7, 0x3CC7, 0x3CC7, 0x3CA0, 0x3CC7, 0x3CC7, 0x3CC7, 0x3CC7, 0x3CC7, 
    0x3CC7, 0x7276, 0x3CC7, 0x3CC7, 0x3CC7, 0x3CC7, 0x3CC7, 0x3CC7, 0x3CC7, 
    0x3CC7, 0x3CC7, 0x3CC7, 0x3CC7, 0x3CC7, 0x3CC7, 0x3CC7, 0x3CC7, 0x3CC7, 
    0x3CC7, 0x3CC7, 0x3CC7, 0x3CC7, 0x3CC7, 0x3CC7, 0x3CC7, 0x3CC7, 0x4E29, 
    0x3CC7, 0x3CC7, 0x3CC7, 0x3CC7, 0x3CC7, 0x3CC7, 0x3CC7, 0x3CC7, 0x3CC7, 
    0x3CC7, 0x3CC7, 0x3CC7, 0x3CA0, 0x3CA0, 0x3CA0, 0x3CA0, 0x3CA0, 0x3CA0, 
    0x490A, 0x514E, 0x65F7, 0x7275, 0x5318, 0x7275, 0x65F7, 0x514E, 0x490A, 
    0x3CA0, 0x3CA0, 0x3CA0, 0x3CA0, 0x3CA0, 0x3CA0, 0x3CA0, 0x3CA0, 0x3CA0, 
    0x3CA0, 0x3CA0, 0x3CA0, 0x3CA0, 0x3CA0, 0x3CA0, 0x3CA0, 0x4E28, 0x5DA7, 
    0x3CA0, 0x3CA0, 0x3CA0, 0x3CA0, 0x3CA0, 0x3CA0, 0x4E28, 0x3CA0, 0x3CA0, 
    0x3CA0, 0x3CA0, 0x3CA0, 0x3CA0, 0x3CA0, 0x3CA0, 0x3CA0, 0x3CA0, 0x3CA0, 
    0x3CA0, 0x3CA0, 0x3CA0, 0x45F8, 0x3CA0, 0x4257, 0x3CA0, 0x45F8, 0x3CA0, 
    0x3CA0, 0x3CC7, 0x3CA0, 0x3CA0, 0x3CA0, 0x3CA0, 0x3CA0, 0x3CA0, 0x3CA0, 
    0x3CC7, 0x490A, 0x514E, 0x65F7, 0x7276, 0x5318, 0x7275, 0x65F7, 0x5150, 
    0x490A, 0x3CA0, 0x3CA0, 0x3CC7, 0x3CA0, 0x3CA0, 0x3CA0, 0x3CC7, 0x3CA0, 
    0x3CA0, 0x3CA0, 0x3CC7, 0x3CA0, 0x3CA0, 0x3CA0, 0x3CC7, 0x3CA0, 0x4E28, 
    0x3CA0, 0x3CC7, 0x3CA0, 0x3CA0, 0x3CA0, 0x3CC7, 0x3CA0, 0x4E29, 0x3CA0, 
    0x3CC7, 0x3CA0, 0x3CA0, 0x3CA0, 0x3CC7, 0x3CA0, 0x3CC7, 0x3CA0, 0x3CC7, 
    0x3CA0, 0x3CC7, 0x3CA0, 0x3CC7, 0x45F8, 0x3CC7, 0x4257, 0x3CC7, 0x45F8, 
    0x3CC7, 0x3CA0, 0x3CC7, 0x3CA0, 0x3CC7, 0x3CA0, 0x3CC7, 0x3CA0, 0x3CC7, 
    0x3CA0, 0x3CC7, 0x490A, 0x5150, 0x65F7, 0x7276, 0x5318, 0x7276, 0x65F7, 
    0x5150, 0x490A, 0x3CC7, 0x3CA0, 0x3CC7, 0x3CA0, 0x3CC7, 0x3CA0, 0x3CC7, 
    0x3CA0, 0x3CC7, 0x3CA0, 0x3CC7, 0x3CA0, 0x3CC7, 0x3CA0, 0x3CC7, 0x3CA0, 
    0x4E29, 0x3CA0, 0x3CC7, 0x3CA0, 0x3CC7, 0x3CA0, 0x3CC7, 0x3CA0, 0x4E29, 
    0x3CA0, 0x3CC7, 0x3CA0, 0x3CC7, 0x3CA0, 0x3CC7, 0x3CA0, 0x3CC7, 0x3CA0, 
    0x3CC7, 0x3CA0, 0x3CC7, 0x3CA0, 0x3CC7, 0x45F8, 0x3CC7, 0x4257, 0x3CC7, 
    0x45F8, 0x3CC7, 0x3CA0, 0x3CC7, 0x3CA0, 0x3CC7, 0x3CA0, 0x3CC7, 0x3CA0, 
    0x3CC7, 0x3CA0, 0x3CC7, 0x490A, 0x5150, 0x65F7, 0x7276, 0x5318, 0x7276, 
    0x65F7, 0x5150, 0x490A, 0x3CC7, 0x3CA0, 0x3CC7, 0x3CA0, 0x3CC7, 0x3CA0, 
    0x3CC7, 0x3CA0, 0x3CC7, 0x3CA0, 0x3CC7, 0x3CA0, 0x3CC7, 0x3CA0, 0x3CC7, 
    0x3CA0, 0x4E29, 0x3CA0, 0x3CC7, 0x3CA0, 0x3CC7, 0x3CA0, 0x3CC7, 0x3CA0, 
    0x4E29, 0x3CA0, 0x3CC7, 0x3CA0, 0x3CC7, 0x3CC7, 0x3CC7, 0x3CA0, 0x3CC7, 
    0x3CA0, 0x3CA0, 0x3CA0, 0x3CA0, 0x3CA0, 0x3CA0, 0x3CC7, 0x3CA0, 0x3CA0, 
    0x3CA0, 0x7276, 0x3CA0, 0x3CA0, 0x3CA0, 0x3CC7, 0x3CA0, 0x3CA0, 0x3CA0, 
    0x3CC7, 0x3CA0, 0x3CA0, 0x3CA0, 0x3CC7, 0x3CA0, 0x3CA0, 0x3CA0, 0x3CC7, 
    0x3CA0, 0x3CA0, 0x3CA0, 0x3CC7, 0x3CA0, 0x5EAB, 0x5DA7, 0x3CC7, 0x3CA0, 
    0x3CA0, 0x3CA0, 0x5ECC, 0x3CA0, 0x3CA0, 0x3CA0, 0x3CC7, 0x3CA0, 0x3CC7, 
    0x3CA0, 0x3CC7, 0x3CA0, 0x3CA0, 0x3CA0, 0x3CC7, 0x3CA0, 0x3CC7, 0x45F8, 
    0x3CC7, 0x3CA0, 0x531A, 0x3CA0, 0x3CC7, 0x45F8, 0x3CC7, 0x3CA0, 0x3CC7, 
    0x3CA0, 0x3CC7, 0x3CA0, 0x3CC7, 0x3CA0, 0x3CC7, 0x3CA0, 0x3CC7, 0x3CA0, 
    0x3CC7, 0x3CA0, 0x7276, 0x3CA0, 0x3CC7, 0x3CA0, 0x3CC7, 0x3CA0, 0x3CC7, 
    0x3CA0, 0x3CC7, 0x3CA0, 0x3CC7, 0x3CA0, 0x3CC7, 0x3CA0, 0x3CC7, 0x3CA0, 
    0x3CC7, 0x3CA0, 0x3CC7, 0x3CA0, 0x3CC7, 0x3CA0, 0x5ECC, 0x3CA0, 0x3CC7, 
    0x3CA0, 0x3CC7, 0x3CA0, 0x5ECC, 0x3CA0, 0x3CC7, 0x3CA0, 0x3CC7, 0x3CA0, 
    0x3CC7, 0x3CA0, 0x3CC7, 0x3CA0, 0x3CC7, 0x3CA0, 0x3CC7, 0x3CA0, 0x3CC7, 
    0x45F8, 0x3CC7, 0x3CA0, 0x531A, 0x3CA0, 0x3CC7, 0x45F8, 0x3CC7, 0x3CA0, 
    0x3CC7, 0x3CA0, 0x3CC7, 0x3CA0, 0x3CC7, 0x3CA0, 0x3CC7, 0x3CA0, 0x3CC7, 
    0x3CA0, 0x3CC7, 0x3CA0, 0x7276, 0x3CA0, 0x3CC7, 0x3CA0, 0x3CC7, 0x3CA0, 
    0x3CC7, 0x3CA0, 0x3CC7, 0x3CA0, 0x3CC7, 0x3CA0, 0x3CC7, 0x3CA0, 0x3CC7, 
    0x3CA0, 0x3CC7, 0x3CA0, 0x3CC7, 0x3CA0, 0x3CC7, 0x3CA0, 0x5ECC, 0x3CA0, 
    0x3CC7, 0x3CA0, 0x3CC7, 0x3CA0, 0x5ECC, 0x3CC7, 0x3CC7, 0x3CA0, 0x3CC7, 
    0x3CA0, 0x3CC7, 0x3CA0, 0x3CC7, 0x3CC7, 0x3CC7, 0x3CA0, 0x3CC7, 0x3CC7, 
    0x3CC7, 0x45F8, 0x3CC7, 0x3CC7, 0x531A, 0x3CA0, 0x3CC7, 0x45FA, 0x3CC7, 
    0x3CA0, 0x3CC7, 0x3CC7, 0x3CC7, 0x3CA0, 0x3CC7, 0x3CC7, 0x3CC7, 0x3CA0, 
    0x3CC7, 0x3CC7, 0x3CC7, 0x3CA0, 0x7276, 0x3CC7, 0x3CC7, 0x3CA0, 0x3CC7, 
    0x3CC7, 0x3CC7, 0x3CA0, 0x3CC7, 0x3CC7, 0x3CC7, 0x3CC7, 0x3CC7, 0x3CC7, 
    0x3CC7, 0x3CA0, 0x3CC7, 0x3CC7, 0x3CC7, 0x3CC7, 0x3CC7, 0x3CC7, 0x5ECC, 
    0x3CC7, 0x3CC7, 0x3CC7, 0x3CC7, 0x3CC7, 0x5ECC, 0x3CC7, 0x3CC7, 0x3CC7, 
    0x3CC7, 0x3CC7, 0x3CC7, 0x3CC7, 0x3CC7, 0x3CC7, 0x3CA0, 0x3CA0, 0x3CA0, 
    0x3CA0, 0x3CA0, 0x3CA0, 0x3CA0, 0x3CA0, 0x3CA0, 0x3CA0, 0x65F7, 0x3CA0, 
    0x3CA0, 0x3CA0, 0x3CA0, 0x3CA0, 0x3CA0, 0x3CA0, 0x3CA0, 0x3CA0, 0x3CA0, 
    0x3CA0, 0x3CA0, 0x3CA0, 0x3CA0, 0x3CA0, 0x3CA0, 0x3CA0, 0x3CA0, 0x3CA0, 
    0x3CA0, 0x3CA0, 0x3CA0, 0x6F50, 0x3CA0, 0x72CF, 0x3CA0, 0x6F50, 0x3CA0, 
    0x3CA0, 0x3CA0, 0x3CA0, 0x3CA0, 0x3CA0, 0x3CA0, 0x3CA0, 0x3CA0, 0x3CA0, 
    0x3CA0, 0x3CA0, 0x3CA0, 0x5579, 0x41B8, 0x5259, 0x4257, 0x5318, 0x5318, 
    0x5318, 0x4257, 0x5259, 0x41B8, 0x5579, 0x3CA0, 0x3CA0, 0x3CA0, 0x3CA0, 
    0x3CA0, 0x3CA0, 0x3CA0, 0x3CA0, 0x3CA0, 0x3CA0, 0x3CA0, 0x3CA0, 0x65F7, 
    0x3CA0, 0x3CA0, 0x3CA0, 0x3CA0, 0x3CA0, 0x3CA0, 0x3CA0, 0x3CA0, 0x3CA0, 
    0x3CA0, 0x3CA0, 0x3CA0, 0x3CC7, 0x3CA0, 0x3CA0, 0x3CA0, 0x3CC7, 0x3CA0, 
    0x3CA0, 0x3CA0, 0x3CC7, 0x3CA0, 0x6F50, 0x3CA0, 0x6F52, 0x3CA0, 0x6F50, 
    0x3CA0, 0x3CC7, 0x3CA0, 0x3CA0, 0x3CA0, 0x3CC7, 0x3CA0, 0x3CA0, 0x3CA0, 
    0x3CC7, 0x3CA0, 0x3CA0, 0x3CA0, 0x557A, 0x41B8, 0x5259, 0x4257, 0x531A, 
    0x5318, 0x5318, 0x4257, 0x527A, 0x41B8, 0x557A, 0x3CA0, 0x3CC7, 0x3CA0, 
    0x3CA0, 0x3CA0, 0x3CC7, 0x3CA0, 0x3CC7, 0x3CA0, 0x3CC7, 0x3CA0, 0x3CC7, 
    0x65F7, 0x3CC7, 0x3CA0, 0x3CC7, 0x3CA0, 0x3CC7, 0x3CA0, 0x3CC7, 0x3CA0, 
    0x3CC7, 0x3CA0, 0x3CC7, 0x3CA0, 0x3CC7, 0x3CA0, 0x3CC7, 0x3CA0, 0x3CC7, 
    0x3CA0, 0x3CC7, 0x3CA0, 0x3CC7, 0x3CA0, 0x6F52, 0x3CA0, 0x6F52, 0x3CA0, 
    0x6F52, 0x3CA0, 0x3CC7, 0x3CA0, 0x3CC7, 0x3CA0, 0x3CC7, 0x3CA0, 0x3CC7, 
    0x3CA0, 0x3CC7, 0x3CA0, 0x3CC7, 0x3CA0, 0x557A, 0x41B8, 0x527A, 0x4257, 
    0x531A, 0x5318, 0x531A, 0x4257, 0x527A, 0x41B8, 0x557A, 0x3CA0, 0x3CC7, 
    0x3CA0, 0x3CC7, 0x3CA0, 0x3CC7, 0x3CA0, 0x3CC7, 0x3CA0, 0x3CC7, 0x3CA0, 
    0x3CC7, 0x65F7, 0x3CC7, 0x3CA0, 0x3CC7, 0x3CA0, 0x3CC7, 0x3CA0, 0x3CC7, 
    0x3CA0, 0x3CC7, 0x3CA0, 0x3CC7, 0x3CA0, 0x3CC7, 0x3CA0, 0x3CC7, 0x3CA0, 
    0x3CC7, 0x3CA0, 0x3CC7, 0x3CA0, 0x3CC7, 0x3CA0, 0x6F52, 0x3CA0, 0x6F52, 
    0x3CA0, 0x6F52, 0x3CA0, 0x3CC7, 0x3CA0, 0x3CC7, 0x3CA0, 0x3CC7, 0x3CA0, 
    0x3CC7, 0x3CA0, 0x3CC7, 0x3CC7, 0x3CA0, 0x3CA0, 0x3CA0, 0x3CC7, 0x3CA0, 
    0x3CA0, 0x3CA0, 0x3CC7, 0x3CA0, 0x514E, 0x3CA0, 0x3CC7, 0x3CA0, 0x3CA0, 
    0x3CA0, 0x3CC7, 0x3CA0, 0x3CC7, 0x3CA0, 0x3CC7, 0x3CA0, 0x3CC7, 0x3CA0, 
    0x3CC7, 0x3CA0, 0x3CC7, 0x3CA0, 0x3CC7, 0x3CA0, 0x3CC7, 0x3CA0, 0x3CC7, 
    0x3CA0, 0x7311, 0x72F1, 0x7311, 0x3CA0, 0x3CC7, 0x3CA0, 0x3CC7, 0x3CA0, 
    0x3CC7, 0x3CA0, 0x3CC7, 0x3CA0, 0x3CC7, 0x3CA0, 0x3CC7, 0x3CA0, 0x3CC7, 
    0x3CA0, 0x3CC7, 0x45F8, 0x3CC7, 0x3CA0, 0x531A, 0x3CA0, 0x3CC7, 0x45F8, 
    0x3CC7, 0x3CA0, 0x3CC7, 0x3CA0, 0x3CC7, 0x3CA0, 0x3CC7, 0x3CA0, 0x3CC7, 
    0x3CA0, 0x3CC7, 0x3CA0, 0x3CC7, 0x3CA0, 0x5150, 0x3CA0, 0x3CC7, 0x3CA0, 
    0x3CC7, 0x3CA0, 0x3CC7, 0x3CA0, 0x3CC7, 0x3CA0, 0x3CC7, 0x3CA0, 0x3CC7, 
    0x3CA0, 0x3CC7, 0x3CA0, 0x3CC7, 0x3CA0, 0x3CC7, 0x3CA0, 0x3CC7, 0x3CA0, 
    0x3CC7, 0x3CA0, 0x6F52, 0x6F54, 0x6F52, 0x3CA0, 0x3CC7, 0x3CA0, 0x3CC7, 
    0x3CA0, 0x3CC7, 0x3CA0, 0x3CC7, 0x3CA0, 0x3CC7, 0x3CA0, 0x3CC7, 0x3CA0, 
    0x3CC7, 0x3CA0, 0x3CC7, 0x45F8, 0x3CC7, 0x3CA0, 0x531A, 0x3CA0, 0x3CC7, 
    0x45F8, 0x3CC7, 0x3CA0, 0x3CC7, 0x3CA0, 0x3CC7, 0x3CA0, 0x3CC7, 0x3CA0, 
    0x3CC7, 0x3CA0, 0x3CC7, 0x3CA0, 0x3CC7, 0x3CA0, 0x5150, 0x3CA0, 0x3CC7, 
    0x3CA0, 0x3CC7, 0x3CA0, 0x3CC7, 0x3CC7, 0x3CC7, 0x3CA0, 0x3CC7, 0x3CC7, 
    0x3CC7, 0x3CA0, 0x3CC7, 0x3CC7, 0x3CC7, 0x3CA0, 0x3CC7, 0x3CC7, 0x3CC7, 
    0x3CA0, 0x3CC7, 0x3CC7, 0x6F52, 0x6F54, 0x6F52, 0x3CC7, 0x3CC7, 0x3CA0, 
    0x3CC7, 0x3CC7, 0x3CC7, 0x3CA0, 0x3CC7, 0x3CC7, 0x3CC7, 0x3CA0, 0x3CC7, 
    0x3CC7, 0x3CC7, 0x3CA0, 0x3CC7, 0x45FA, 0x3CC7, 0x3CA0, 0x531A, 0x3CC7, 
    0x3CC7, 0x45FA, 0x3CC7, 0x3CC7, 0x3CC7, 0x3CC7, 0x3CC7, 0x3CC7, 0x3CC7, 
    0x3CC7, 0x3CC7, 0x3CC7, 0x3CC7, 0x3CC7, 0x3CC7, 0x3CC7, 0x5150, 0x3CC7, 
    0x3CC7, 0x3CC7, 0x3CC7, 0x3CC7, 0x3CC7, 0x3CC7, 0x3CC7, 0x3CC7, 0x3CC7, 
    0x3CC7, 0x3CC7, 0x3CC7, 0x3CC7, 0x3CC7, 0x3CC7, 0x3CC7, 0x3CC7, 0x3CC7, 
    0x3CC7, 0x3CC7, 0x3CC7, 0x3CC7, 0x6F52, 0x6F56, 0x6F52, 0x3CC7, 0x3CC7, 
    0x3CC7, 0x3CC7, 0x3CC7, 0x3CC7, 0x3CC7, 0x3CC7, 0x3CC7, 0x3CC7, 0x3CC7, 
    0x3CA0, 0x3CA0, 0x3CA0, 0x3CA0, 0x3CA0, 0x3CA0, 0x3CA0, 0x3CA0, 0x3CA0, 
    0x3CA0, 0x490A, 0x3CA0, 0x3CA0, 0x3CA0, 0x3CA0, 0x3CA0, 0x3CA0, 0x3CA0, 
    0x3CA0, 0x3CA0, 0x3CA0, 0x3CA0, 0x3CA0, 0x3CA0, 0x3CA0, 0x3CA0, 0x3CA0, 
    0x3CA0, 0x3CA0, 0x3CA0, 0x4E28, 0x3CA0, 0x3CA0, 0x72CF, 0x72F1, 0x72F1, 
    0x72F1, 0x72CF, 0x3CA0, 0x3CA0, 0x4E28, 0x3CA0, 0x3CA0, 0x3CA0, 0x3CA0, 
    0x3CA0, 0x3CA0, 0x3CA0, 0x3CA0, 0x3CA0, 0x3CA0, 0x3CA0, 0x3CA0, 0x3CA0, 
    0x45F8, 0x3CA0, 0x4257, 0x3CC7, 0x45F8, 0x3CA0, 0x3CA0, 0x3CA0, 0x3CA0, 
    0x3CA0, 0x3CA0, 0x3CC7, 0x3CA0, 0x3CA0, 0x3CA0, 0x3CC7, 0x3CA0, 0x3CA0, 
    0x3CA0, 0x3CC7, 0x490A, 0x3CA0, 0x3CA0, 0x3CC7, 0x3CA0, 0x3CA0, 0x3CA0, 
    0x3CC7, 0x3CA0, 0x3CA0, 0x3CA0, 0x3CC7, 0x3CA0, 0x3CA0, 0x3CA0, 0x3CC7, 
    0x3CA0, 0x3CA0, 0x3CA0, 0x3CC7, 0x4E28, 0x3CA0, 0x3CA0, 0x6F52, 0x6F54, 
    0x6F56, 0x6F54, 0x6F52, 0x3CA0, 0x3CA0, 0x4E28, 0x3CC7, 0x3CA0, 0x3CC7, 
    0x3CA0, 0x3CC7, 0x3CA0, 0x3CC7, 0x3CA0, 0x3CC7, 0x3CA0, 0x3CC7, 0x3CA0, 
    0x3CC7, 0x45F8, 0x3CC7, 0x4257, 0x3CC7, 0x45F8, 0x3CC7, 0x3CA0, 0x3CC7, 
    0x3CA0, 0x3CC7, 0x3CA0, 0x3CC7, 0x3CA0, 0x3CC7, 0x3CA0, 0x3CC7, 0x3CA0, 
    0x3CC7, 0x3CA0, 0x3CC7, 0x490A, 0x3CC7, 0x3CA0, 0x3CC7, 0x3CA0, 0x3CC7, 
    0x3CA0, 0x3CC7, 0x3CA0, 0x3CC7, 0x3CA0, 0x3CC7, 0x3CA0, 0x3CC7, 0x3CA0, 
    0x3CC7, 0x3CA0, 0x3CC7, 0x3CA0, 0x3CC7, 0x4E28, 0x3CC7, 0x3CA0, 0x6F52, 
    0x6F54, 0x6F56, 0x6F54, 0x6F52, 0x3CA0, 0x3CC7, 0x4E28, 0x3CC7, 0x3CA0, 
    0x3CC7, 0x3CA0, 0x3CC7, 0x3CA0, 0x3CC7, 0x3CA0, 0x3CC7, 0x3CA0, 0x3CC7, 
    0x3CA0, 0x3CC7, 0x45F8, 0x3CC7, 0x4257, 0x3CC7, 0x45F8, 0x3CC7, 0x3CA0, 
    0x3CC7, 0x3CA0, 0x3CC7, 0x3CA0, 0x3CC7, 0x3CA0, 0x3CC7, 0x3CA0, 0x3CC7, 
    0x3CA0, 0x3CC7, 0x3CA0, 0x3CC7, 0x490A, 0x3CC7, 0x3CA0, 0x3CC7, 0x3CA0, 
    0x3CC7, 0x3CA0, 0x3CC7, 0x3CA0, 0x3CC7, 0x3CA0, 0x3CC7, 0x3CA0, 0x3CC7, 
    0x3CA0, 0x3CC7, 0x3CA0, 0x3CC7, 0x3CA0, 0x3CC7, 0x4E28, 0x3CC7, 0x3CC7, 
    0x6F52, 0x6F54, 0x6F56, 0x6F54, 0x6F52, 0x3CA0, 0x3CC7, 0x4E29, 0x3CC7, 
    0x3CA0, 0x3CC7, 0x3CC7, 0x3CC7, 0x3CA0, 0x3CC7, 0x3CA0, 0x3CA0, 0x3CC7, 
    0x3CA0, 0x3CA0, 0x3CA0, 0x3CC7, 0x3CA0, 0x3CA0, 0x3CA0, 0x3CC7, 0x3CA0, 
    0x3CA0, 0x3CA0, 0x3CC7, 0x3CA0, 0x3CA0, 0x3CA0, 0x3CC7, 0x3CA0, 0x3CA0, 
    0x3CA0, 0x3CC7, 0x3CA0, 0x3CA0, 0x3CA0, 0x3CC7, 0x3CA0, 0x3CA0, 0x3CA0, 
    0x3CC7, 0x3CA0, 0x3CC7, 0x3CA0, 0x7311, 0x72F1, 0x7310, 0x3CA0, 0x3CC7, 
    0x3CA0, 0x3CC7, 0x3CA0, 0x3CC7, 0x3CA0, 0x3CC7, 0x3CA0, 0x3CC7, 0x3CA0, 
    0x3CC7, 0x3CA0, 0x3CC7, 0x3CA0, 0x3CC7, 0x3CA0, 0x3CC7, 0x45F8, 0x527A, 
    0x45F8, 0x3CC7, 0x3CA0, 0x3CC7, 0x3CA0, 0x3CC7, 0x3CA0, 0x3CC7, 0x3CA0, 
    0x3CC7, 0x3CA0, 0x3CC7, 0x3CA0, 0x3CC7, 0x3CA0, 0x3CC7, 0x3CA0, 0x3CC7, 
    0x3CA0, 0x3CC7, 0x3CA0, 0x3CC7, 0x3CA0, 0x3CC7, 0x3CA0, 0x3CC7, 0x3CA0, 
    0x3CC7, 0x3CA0, 0x3CC7, 0x3CA0, 0x3CC7, 0x3CA0, 0x3CC7, 0x3CA0, 0x3CC7, 
    0x3CA0, 0x3CC7, 0x3CA0, 0x3CC7, 0x3CA0, 0x6F52, 0x6F54, 0x6F52, 0x3CA0, 
    0x3CC7, 0x3CA0, 0x3CC7, 0x3CA0, 0x3CC7, 0x3CA0, 0x3CC7, 0x3CA0, 0x3CC7, 
    0x3CA0, 0x3CC7, 0x3CA0, 0x3CC7, 0x3CA0, 0x3CC7, 0x3CA0, 0x3CC7, 0x45F8, 
    0x527A, 0x45F8, 0x3CC7, 0x3CA0, 0x3CC7, 0x3CA0, 0x3CC7, 0x3CA0, 0x3CC7, 
    0x3CA0, 0x3CC7, 0x3CA0, 0x3CC7, 0x3CA0, 0x3CC7, 0x3CA0, 0x3CC7, 0x3CA0, 
    0x3CC7, 0x3CA0, 0x3CC7, 0x3CA0, 0x3CC7, 0x3CA0, 0x3CC7, 0x3CA0, 0x3CC7, 
    0x3CA0, 0x3CC7, 0x3CA0, 0x3CC7, 0x3CA0, 0x3CC7, 0x3CA0, 0x3CC7, 0x3CA0, 
    0x3CC7, 0x3CA0, 0x3CC7, 0x3CA0, 0x3CC7, 0x3CA0, 0x6F52, 0x6F56, 0x6F52, 
    0x3CA0, 0x3CC7, 0x3CA0, 0x3CC7, 0x3CA0, 0x3CC7, 0x3CC7, 0x3CC7, 0x3CA0, 
    0x3CC7, 0x3CC7, 0x3CC7, 0x3CA0, 0x3CC7, 0x3CC7, 0x3CC7, 0x3CA0, 0x3CC7, 
    0x45FA, 0x527A, 0x45F8, 0x3CC7, 0x3CC7, 0x3CC7, 0x3CA0, 0x3CC7, 0x3CC7, 
    0x3CC7, 0x3CA0, 0x3CC7, 0x3CC7, 0x3CC7, 0x3CA0, 0x3CC7, 0x3CC7, 0x3CC7, 
    0x3CC7, 0x3CC7, 0x3CC7, 0x3CC7, 0x3CA0, 0x3CC7, 0x3CC7, 0x3CC7, 0x3CC7, 
    0x3CC7, 0x3CC7, 0x3CC7, 0x3CC7, 0x3CC7, 0x3CC7, 0x3CC7, 0x3CC7, 0x3CC7, 
    0x3CC7, 0x3CC7, 0x3CC7, 0x3CC7, 0x3CC7, 0x3CC7, 0x3CC7, 0x6F52, 0x6F56, 
    0x6F52, 0x3CC7, 0x3CC7, 0x3CC7, 0x3CC7, 0x3CC7, 0x3CC7, 0x3CC7, 0x3CC7, 
    0x3CC7, 0x3CC7, 0x3CC7, 0x3CA0, 0x3CA0, 0x3CA0, 0x3CA0, 0x3CA0, 0x3CA0, 
    0x3CA0, 0x3CA0, 0x3CA0, 0x3CA0, 0x3CA0, 0x3CA0, 0x3CA0, 0x3CA0, 0x3CA0, 
    0x3CA0, 0x3CA0, 0x3CA0, 0x3CA0, 0x3CA0, 0x3CA0, 0x3CA0, 0x3CA0, 0x3CA0, 
    0x3CA0, 0x3CA0, 0x3CA0, 0x3CA0, 0x3CA0, 0x3CA0, 0x3CA0, 0x3CA0, 0x3CA0, 
    0x6F50, 0x3CA0, 0x72CF, 0x3CA0, 0x6F50, 0x3CA0, 0x3CA0, 0x3CA0, 0x3CA0, 
    0x3CA0, 0x3CA0, 0x3CA0, 0x3CA0, 0x5EAB, 0x5EAB, 0x3CA0, 0x3CA0, 0x3CA0, 
    0x3CA0, 0x50F9, 0x3CA0, 0x3CA0, 0x3CA0, 0x41B8, 0x3CA0, 0x3CA0, 0x3CA0, 
    0x50F9, 0x3CA0, 0x3CA0, 0x3CA0, 0x3CA0, 0x3CA0, 0x3CA0, 0x3CA0, 0x3CA0, 
    0x3CA0, 0x3CA0, 0x3CA0, 0x3CA0, 0x3CA0, 0x3CA0, 0x3CC7, 0x3CA0, 0x3CA0, 
    0x3CA0, 0x3CA0, 0x3CA0, 0x3CA0, 0x3CA0, 0x3CC7, 0x3CA0, 0x3CA0, 0x3CA0, 
    0x3CC7, 0x3CA0, 0x3CA0, 0x3CA0, 0x3CC7, 0x3CA0, 0x3CA0, 0x3CA0, 0x3CC7, 
    0x3CA0, 0x6F50, 0x3CA0, 0x6F52, 0x3CA0, 0x6F50, 0x3CA0, 0x3CC7, 0x3CA0, 
    0x3CA0, 0x3CA0, 0x3CC7, 0x3CA0, 0x3CA0, 0x5EAB, 0x5ECC, 0x3CA0, 0x3CA0, 
    0x3CA0, 0x3CC7, 0x50F9, 0x3CA0, 0x3CA0, 0x3CC7, 0x41B8, 0x3CC7, 0x3CA0, 
    0x3CC7, 0x50F9, 0x3CA0, 0x3CA0, 0x3CC7, 0x3CA0, 0x3CC7, 0x3CA0, 0x3CC7, 
    0x3CA0, 0x3CC7, 0x3CA0, 0x3CC7, 0x3CA0, 0x3CC7, 0x3CA0, 0x3CC7, 0x3CA0, 
    0x3CC7, 0x3CA0, 0x3CC7, 0x3CA0, 0x3CC7, 0x3CA0, 0x3CC7, 0x3CA0, 0x3CC7, 
    0x3CA0, 0x3CC7, 0x3CA0, 0x3CC7, 0x3CA0, 0x3CC7, 0x3CA0, 0x3CC7, 0x3CA0, 
    0x3CC7, 0x3CA0, 0x6F52, 0x3CA0, 0x6F52, 0x3CA0, 0x6F52, 0x3CA0, 0x3CC7, 
    0x3CA0, 0x3CC7, 0x3CA0, 0x3CC7, 0x3CA0, 0x3CC7, 0x5EAB, 0x5ECC, 0x3CA0, 
    0x3CC7, 0x3CA0, 0x3CC7, 0x50F9, 0x3CC7, 0x3CA0, 0x3CC7, 0x41B8, 0x3CC7, 
    0x3CA0, 0x3CC7, 0x50F9, 0x3CC7, 0x3CA0, 0x3CC7, 0x3CA0, 0x3CC7, 0x3CA0, 
    0x3CC7, 0x3CA0, 0x3CC7, 0x3CA0, 0x3CC7, 0x3CA0, 0x3CC7, 0x3CA0, 0x3CC7, 
    0x3CA0, 0x3CC7, 0x3CA0, 0x3CC7, 0x3CA0, 0x3CC7, 0x3CA0, 0x3CC7, 0x3CA0, 
    0x3CC7, 0x3CA0, 0x3CC7, 0x3CA0, 0x3CC7, 0x3CA0, 0x3CC7, 0x3CA0, 0x3CC7, 
    0x3CA0, 0x3CC7, 0x3CA0, 0x6F52, 0x3CA0, 0x6F52, 0x3CA0, 0x6F52, 0x3CA0, 
    0x3CC7, 0x3CA0, 0x3CC7, 0x3CA0, 0x3CC7, 0x3CA0, 0x3CC7, 0x5EAB, 0x5ECC, 
    0x3CC7, 0x3CA0, 0x3CA0, 0x3CA0, 0x3CC7, 0x4257, 0x3CA0, 0x3CA0, 0x3CC7, 
    0x3CA0, 0x3CA0, 0x3CA0, 0x3CC7, 0x3CA0, 0x3CC7, 0x3CA0, 0x3CC7, 0x3CA0, 
    0x3CA0, 0x3CA0, 0x69D9, 0x3CA0, 0x3CC7, 0x3CA0, 0x3CC7, 0x3CA0, 0x3CC7, 
    0x3CA0, 0x3CC7, 0x3CA0, 0x3CC7, 0x3CA0, 0x5ECC, 0x3CA0, 0x3CC7, 0x3CA0, 
    0x3CC7, 0x3CA0, 0x5ECC, 0x3CA0, 0x3CC7, 0x3CA0, 0x3CC7, 0x3CA0, 0x3CC7, 
    0x3CA0, 0x5ECC, 0x5EAB, 0x3CC7, 0x3CA0, 0x3CC7, 0x3CA0, 0x3CC7, 0x3CA0, 
    0x3CC7, 0x3CA0, 0x557A, 0x3CA0, 0x3CC7, 0x3CA0, 0x3CC7, 0x3CA0, 0x3CC7, 
    0x3CA0, 0x3CC7, 0x3CA0, 0x3CC7, 0x3CA0, 0x3CC7, 0x4257, 0x3CC7, 0x3CA0, 
    0x3CC7, 0x3CA0, 0x3CC7, 0x3CA0, 0x3CC7, 0x3CA0, 0x3CC7, 0x3CA0, 0x3CC7, 
    0x3CA0, 0x3CC7, 0x3CA0, 0x69D9, 0x3CA0, 0x3CC7, 0x3CA0, 0x3CC7, 0x3CA0, 
    0x3CC7, 0x3CA0, 0x3CC7, 0x3CA0, 0x3CC7, 0x3CA0, 0x5ECC, 0x3CA0, 0x3CC7, 
    0x3CA0, 0x3CC7, 0x3CA0, 0x5ECC, 0x3CA0, 0x3CC7, 0x3CA0, 0x3CC7, 0x3CA0, 
    0x3CC7, 0x3CA0, 0x5ECC, 0x5EAB, 0x3CC7, 0x3CA0, 0x3CC7, 0x3CA0, 0x3CC7, 
    0x3CA0, 0x3CC7, 0x3CA0, 0x557A, 0x3CA0, 0x3CC7, 0x3CA0, 0x3CC7, 0x3CA0, 
    0x3CC7, 0x3CA0, 0x3CC7, 0x3CA0, 0x3CC7, 0x3CA0, 0x3CC7, 0x4257, 0x3CC7, 
    0x3CA0, 0x3CC7, 0x3CA0, 0x3CC7, 0x3CA0, 0x3CC7, 0x3CC7, 0x3CC7, 0x3CA0, 
    0x3CC7, 0x3CA0, 0x3CC7, 0x3CA0, 0x69D9, 0x3CC7, 0x3CC7, 0x3CA0, 0x3CC7, 
    0x3CC7, 0x3CC7, 0x3CA0, 0x3CC7, 0x3CC7, 0x3CC7, 0x3CA0, 0x5ECC, 0x3CC7, 
    0x3CC7, 0x3CA0, 0x3CC7, 0x3CC7, 0x5ECC, 0x3CA0, 0x3CC7, 0x3CC7, 0x3CC7, 
    0x3CA0, 0x3CC7, 0x3CC7, 0x5ECC, 0x5EAB, 0x3CC7, 0x3CC7, 0x3CC7, 0x3CA0, 
    0x3CC7, 0x3CC7, 0x3CC7, 0x3CC7, 0x557A, 0x3CC7, 0x3CC7, 0x3CA0, 0x3CC7, 
    0x3CC7, 0x3CC7, 0x3CC7, 0x3CC7, 0x3CC7, 0x3CC7, 0x3CC7, 0x3CC7, 0x4278, 
    0x3CC7, 0x3CC7, 0x3CC7, 0x3CC7, 0x3CC7, 0x3CC7, 0x3CC7, 0x3CC7, 0x3CC7, 
    0x3CC7, 0x3CC7, 0x3CC7, 0x3CC7, 0x3CC7, 0x69D9, 0x3CC7, 0x3CC7, 0x3CC7, 
    0x3CC7, 0x3CC7, 0x3CC7, 0x3CC7, 0x3CC7, 0x3CC7, 0x3CC7, 0x3CC7, 0x5ECC, 
    0x3CC7, 0x3CC7, 0x3CC7, 0x3CC7, 0x3CC7, 0x5ECC, 0x3CC7, 0x3CC7, 0x3CC7, 
    0x3CC7, 0x3CC7, 0x3CC7, 0x3CC7, 0x5ECC, 0x5ECC, 0x3CA0, 0x3CA0, 0x3CA0, 
    0x3CA0, 0x3CA0, 0x3CA0, 0x3CA0, 0x3CA0, 0x3CA0, 0x3CA0, 0x3CA0, 0x3CA0, 
    0x3CA0, 0x3CA0, 0x3CA0, 0x3CA0, 0x3CA0, 0x3CA0, 0x3CA0, 0x3CA0, 0x3CA0, 
    0x3CA0, 0x3CA0, 0x3CA0, 0x3CA0, 0x3CA0, 0x3CA0, 0x3CA0, 0x3CA0, 0x3CA0, 
    0x3CA0, 0x4E28, 0x3CA0, 0x3CA0, 0x3CA0, 0x3CA0, 0x3CA0, 0x3CA0, 0x3CA0, 
    0x4E28, 0x3CA0, 0x3CA0, 0x3CA0, 0x3CA0, 0x3CA0, 0x3CA0, 0x3CA0, 0x3CA0, 
    0x3CA0, 0x3CA0, 0x3CA0, 0x3CA0, 0x3CA0, 0x3CA0, 0x3CA0, 0x3CA0, 0x3CA0, 
    0x3CA0, 0x3CA0, 0x3CA0, 0x3CA0, 0x3CC7, 0x3CA0, 0x3CA0, 0x3CA0, 0x3CA0, 
    0x3CA0, 0x3CA0, 0x3CA0, 0x3CC7, 0x3CA0, 0x3CA0, 0x3CA0, 0x3CC7, 0x3CA0, 
    0x3CA0, 0x3CA0, 0x3CC7, 0x3CA0, 0x3CA0, 0x3CA0, 0x3CC7, 0x3CA0, 0x3CA0, 
    0x3CA0, 0x3CC7, 0x3CA0, 0x3CA0, 0x3CA0, 0x3CC7, 0x3CA0, 0x3CA0, 0x3CA0, 
    0x3CC7, 0x3CA0, 0x4E28, 0x3CA0, 0x3CC7, 0x3CA0, 0x3CA0, 0x3CA0, 0x3CC7, 
    0x3CA0, 0x4E29, 0x3CA0, 0x3CC7, 0x3CA0, 0x3CA0, 0x3CA0, 0x3CC7, 0x3CA0, 
    0x3CC7, 0x3CA0, 0x3CC7, 0x3CA0, 0x3CC7, 0x3CA0, 0x3CC7, 0x3CA0, 0x3CC7, 
    0x3CA0, 0x3CC7, 0x3CA0, 0x3CC7, 0x3CA0, 0x3CC7, 0x3CA0, 0x3CC7, 0x3CA0, 
    0x3CC7, 0x3CA0, 0x3CC7, 0x3CA0, 0x3CC7, 0x3CA0, 0x3CC7, 0x3CA0, 0x3CC7, 
    0x3CA0, 0x3CC7, 0x3CA0, 0x3CC7, 0x3CA0, 0x3CC7, 0x3CA0, 0x3CC7, 0x3CA0, 
    0x3CC7, 0x3CA0, 0x3CC7, 0x3CA0, 0x3CC7, 0x3CA0, 0x3CC7, 0x3CA0, 0x3CC7, 
    0x3CA0, 0x3CC7, 0x3CA0, 0x4E29, 0x3CA0, 0x3CC7, 0x3CA0, 0x3CC7, 0x3CA0, 
    0x3CC7, 0x3CA0, 0x4E29, 0x3CA0, 0x3CC7, 0x3CA0, 0x3CC7, 0x3CA0, 0x3CC7, 
    0x3CA0, 0x3CC7, 0x3CA0, 0x3CC7, 0x3CA0, 0x3CC7, 0x3CA0, 0x3CC7, 0x3CA0, 
    0x3CC7, 0x3CA0, 0x3CC7, 0x3CA0, 0x3CC7, 0x3CA0, 0x3CC7, 0x3CA0, 0x3CC7, 
    0x3CA0, 0x3CC7, 0x3CA0, 0x3CC7, 0x3CA0, 0x3CC7, 0x3CA0, 0x3CC7, 0x3CA0, 
    0x3CC7, 0x3CA0, 0x3CC7, 0x3CA0, 0x3CC7, 0x3CA0, 0x3CC7, 0x3CA0, 0x3CC7, 
    0x3CA0, 0x3CC7, 0x3CA0, 0x3CC7, 0x3CA0, 0x3CC7, 0x3CA0, 0x3CC7, 0x3CA0, 
    0x3CC7, 0x3CA0, 0x3CC7, 0x3CA0, 0x4E29, 0x3CA0, 0x3CC7, 0x3CA0, 0x3CC7, 
    0x3CC7, 0x3CC7, 0x3CA0, 0x4E29, 0x3CA0, 0x3CC7, 0x3CA0, 0x3CC7, 0x3CC7, 
    0x3CC7, 0x3CA0, 0x3CC7, 0x3CA0, 0x3CA0, 0x3CC7, 0x3CA0, 0x3CA0, 0x3CA0, 
    0x3CC7, 0x3CA0, 0x3CA0, 0x3CA0, 0x3CC7, 0x3CA0, 0x3CA0, 0x3CA0, 0x3CC7, 
    0x3CA0, 0x3CA0, 0x3CA0, 0x3CC7, 0x3CA0, 0x3CA0, 0x3CA0, 0x3CC7, 0x3CA0, 
    0x3CA0, 0x3CA0, 0x3CC7, 0x3CA0, 0x3CA0, 0x3CA0, 0x3CC7, 0x3CA0, 0x3CA0, 
    0x3CA0, 0x3CC7, 0x4E28, 0x3CC7, 0x3CA0, 0x3CC7, 0x3CA0, 0x3CA0, 0x3CA0, 
    0x3CC7, 0x3CA0, 0x3CC7, 0x3CA0, 0x3CC7, 0x3CA0, 0x3CC7, 0x3CA0, 0x3CC7, 
    0x3CA0, 0x3CC7, 0x3CA0, 0x3CC7, 0x3CA0, 0x3CC7, 0x3CA0, 0x3CC7, 0x3CA0, 
    0x3CC7, 0x3CA0, 0x3CC7, 0x3CA0, 0x3CC7, 0x3CA0, 0x3CC7, 0x3CA0, 0x3CC7, 
    0x3CA0, 0x3CC7, 0x3CA0, 0x3CC7, 0x3CA0, 0x3CC7, 0x3CA0, 0x3CC7, 0x3CA0, 
    0x3CC7, 0x3CA0, 0x3CC7, 0x3CA0, 0x3CC7, 0x3CA0, 0x3CC7, 0x3CA0, 0x3CC7, 
    0x3CA0, 0x3CC7, 0x3CA0, 0x3CC7, 0x3CA0, 0x3CC7, 0x3CA0, 0x3CC7, 0x3CA0, 
    0x3CC7, 0x3CA0, 0x3CC7, 0x4E28, 0x3CC7, 0x3CA0, 0x3CC7, 0x3CA0, 0x3CC7, 
    0x3CA0, 0x3CC7, 0x3CA0, 0x3CC7, 0x3CA0, 0x3CC7, 0x3CA0, 0x3CC7, 0x3CA0, 
    0x3CC7, 0x3CA0, 0x3CC7, 0x3CA0, 0x3CC7, 0x3CA0, 0x3CC7, 0x3CA0, 0x3CC7, 
    0x3CA0, 0x3CC7, 0x3CA0, 0x3CC7, 0x3CA0, 0x3CC7, 0x3CA0, 0x3CC7, 0x3CA0, 
    0x3CC7, 0x3CA0, 0x3CC7, 0x3CA0, 0x3CC7, 0x3CA0, 0x3CC7, 0x3CA0, 0x3CC7, 
    0x3CA0, 0x3CC7, 0x3CA0, 0x3CC7, 0x3CA0, 0x3CC7, 0x3CA0, 0x3CC7, 0x3CA0, 
    0x3CC7, 0x3CA0, 0x3CC7, 0x3CA0, 0x3CC7, 0x3CA0, 0x3CC7, 0x3CA0, 0x3CC7, 
    0x3CA0, 0x3CC7, 0x3CA0, 0x3CC7, 0x4E28, 0x3CC7, 0x3CA0, 0x3CC7, 0x3CC7, 
    0x3CC7, 0x3CA0, 0x3CC7, 0x3CC7, 0x3CC7, 0x3CA0, 0x3CC7, 0x3CC7, 0x3CC7, 
    0x3CA0, 0x3CC7, 0x3CC7, 0x3CC7, 0x3CA0, 0x3CC7, 0x3CC7, 0x3CC7, 0x3CA0, 
    0x3CC7, 0x3CC7, 0x3CC7, 0x3CA0, 0x3CC7, 0x3CC7, 0x3CC7, 0x3CA0, 0x3CC7, 
    0x3CC7, 0x3CC7, 0x3CA0, 0x3CC7, 0x3CC7, 0x3CC7, 0x3CA0, 0x3CC7, 0x3CC7, 
    0x3CC7, 0x3CC7, 0x3CC7, 0x3CC7, 0x3CC7, 0x3CA0, 0x3CC7, 0x3CC7, 0x3CC7, 
    0x3CC7, 0x3CC7, 0x3CC7, 0x3CC7, 0x3CC7, 0x3CC7, 0x3CC7, 0x3CC7, 0x3CC7, 
    0x3CC7, 0x3CC7, 0x3CC7, 0x3CC7, 0x3CC7, 0x4E29, 0x3CC7, 0x3CC7, 0x3CC7, 
    0x3CC7, 0x3CC7, 0x3CC7, 0x3CC7, 0x3CC7, 0x3CC7, 0x3CC7, 0x3CC7, 0x3CC7, 
    0x3CA0, 0x3CA0, 0x3CA0, 0x3CA0, 0x3CA0, 0x3CA0, 0x3CA0, 0x3CA0, 0x3CA0, 
    0x3CA0, 0x3CA0, 0x3CA0, 0x3CA0, 0x3CA0, 0x3CA0, 0x3CA0, 0x3CA0, 0x3CA0, 
    0x3CA0, 0x3CA0, 0x3CA0, 0x3CA0, 0x3CA0, 0x3CA0, 0x3CA0, 0x3CA0, 0x3CA0, 
    0x3CA0, 0x3CA0, 0x3CA0, 0x3CA0, 0x3CA0, 0x3CA0, 0x3CA0, 0x3CA0, 0x3CA0, 
    0x3CA0, 0x3CA0, 0x3CA0, 0x3CA0, 0x3CA0, 0x3CA0, 0x3CA0, 0x3CA0, 0x3CA0, 
    0x3CA0, 0x3CA0, 0x3CA0, 0x3CA0, 0x3CA0, 0x3CA0, 0x3CA0, 0x3CA0, 0x3CA0, 
    0x3CA0, 0x3CA0, 0x3CA0, 0x3CA0, 0x3CA0, 0x3CA0, 0x3CA0, 0x3CA0, 0x3CA0, 
    0x3CA0, 0x3CA0, 0x3CA0, 0x3CA0, 0x3CA0, 0x3CA0, 0x3CA0, 0x3CA0, 0x3CA0, 
    0x3CA0, 0x3CA0, 0x3CA0, 0x3CA0, 0x3CA0, 0x3CA0, 0x3CA0, 0x3CC7, 0x3CA0, 
    0x3CA0, 0x3CA0, 0x3CA0, 0x3CA0, 0x3CA0, 0x3CA0, 0x3CC7, 0x3CA0, 0x3CA0, 
    0x3CA0, 0x3CC7, 0x3CA0, 0x3CA0, 0x3CA0, 0x3CC7, 0x3CA0, 0x3CA0, 0x3CA0, 
    0x3CC7, 0x3CA0, 0x3CA0, 0x3CA0, 0x3CC7, 0x3CA0, 0x3CA0, 0x3CA0, 0x3CC7, 
    0x3CA0, 0x3CA0, 0x3CA0, 0x3CC7, 0x3CA0, 0x3CA0, 0x3CA0, 0x3CC7, 0x3CA0, 
    0x3CA0, 0x3CA0, 0x3CC7, 0x3CA0, 0x3CA0, 0x3CA0, 0x3CC7, 0x3CA0, 0x3CC7, 
    0x3CA0, 0x3CC7, 0x3CA0, 0x3CC7, 0x3CA0, 0x3CC7, 0x3CA0, 0x3CC7, 0x3CA0, 
    0x3CC7, 0x3CA0, 0x3CC7, 0x3CA0, 0x3CC7, 0x3CA0, 0x3CC7, 0x3CA0, 0x3CC7, 
    0x3CA0, 0x3CC7, 0x3CA0, 0x3CC7, 0x3CA0, 0x3CC7, 0x3CA0, 0x3CC7, 0x3CA0, 
    0x3CC7, 0x3CA0, 0x3CC7, 0x3CA0, 0x3CC7, 0x3CA0, 0x3CC7, 0x3CA0, 0x3CC7, 
    0x3CA0, 0x3CC7, 0x3CA0, 0x3CC7, 0x3CA0, 0x3CC7, 0x3CA0, 0x3CC7, 0x3CA0, 
    0x3CC7, 0x3CA0, 0x3CC7, 0x3CA0, 0x3CC7, 0x3CA0, 0x3CC7, 0x3CA0, 0x3CC7, 
    0x3CA0, 0x3CC7, 0x3CA0, 0x3CC7, 0x3CA0, 0x3CC7, 0x3CA0, 0x3CC7, 0x3CA0, 
    0x3CC7, 0x3CA0, 0x3CC7, 0x3CA0, 0x3CC7, 0x3CA0, 0x3CC7, 0x3CA0, 0x3CC7, 
    0x3CA0, 0x3CC7, 0x3CA0, 0x3CC7, 0x3CA0, 0x3CC7, 0x3CA0, 0x3CC7, 0x3CA0, 
    0x3CC7, 0x3CA0, 0x3CC7, 0x3CA0, 0x3CC7, 0x3CA0, 0x3CC7, 0x3CA0, 0x3CC7, 
    0x3CA0, 0x3CC7, 0x3CA0, 0x3CC7, 0x3CA0, 0x3CC7, 0x3CA0, 0x3CC7, 0x3CA0, 
    0x3CC7, 0x3CA0, 0x3CC7, 0x3CA0, 0x3CC7, 0x3CA0, 0x3CC7, 0x3CA0, 0x3CC7, 
    0x3CA0, 0x3CC7, 0x3CA0, 0x3CC7, 0x3CA0, 0x3CC7, 0x3CC7, 0x3CA0, 0x3CA0, 
    0x3CA0, 0x3CC7, 0x3CA0, 0x3CA0, 0x3CA0, 0x3CC7, 0x3CA0, 0x3CC7, 0x3CA0, 
    0x3CC7, 0x3CA0, 0x3CA0, 0x3CA0, 0x3CC7, 0x3CA0, 0x3CC7, 0x3CA0, 0x3CC7, 
    0x3CA0, 0x3CC7, 0x3CA0, 0x3CC7, 0x3CA0, 0x3CC7, 0x3CA0, 0x3CC7, 0x3CA0, 
    0x3CC7, 0x3CA0, 0x3CC7, 0x3CA0, 0x3CC7, 0x3CA0, 0x3CC7, 0x3CA0, 0x3CC7, 
    0x3CA0, 0x3CC7, 0x3CA0, 0x3CC7, 0x3CA0, 0x3CC7, 0x3CA0, 0x3CC7, 0x3CA0, 
    0x3CC7, 0x3CA0, 0x3CC7, 0x3CA0, 0x3CC7, 0x3CA0, 0x3CC7, 0x3CA0, 0x3CC7, 
    0x3CA0, 0x3CC7, 0x3CA0, 0x3CC7, 0x3CA0, 0x3CC7, 0x3CA0, 0x3CC7, 0x3CA0, 
    0x3CC7, 0x3CA0, 0x3CC7, 0x3CA0, 0x3CC7, 0x3CA0, 0x3CC7, 0x3CA0, 0x3CC7, 
    0x3CA0, 0x3CC7, 0x3CA0, 0x3CC7, 0x3CA0, 0x3CC7, 0x3CA0, 0x3CC7, 0x3CA0, 
    0x3CC7, 0x3CA0, 0x3CC7, 0x3CA0, 0x3CC7, 0x3CA0, 0x3CC7, 0x3CA0, 0x3CC7, 
    0x3CA0, 0x3CC7, 0x3CA0, 0x3CC7, 0x3CA0, 0x3CC7, 0x3CA0, 0x3CC7, 0x3CA0, 
    0x3CC7, 0x3CA0, 0x3CC7, 0x3CA0, 0x3CC7, 0x3CA0, 0x3CC7, 0x3CA0, 0x3CC7, 
    0x3CA0, 0x3CC7, 0x3CA0, 0x3CC7, 0x3CA0, 0x3CC7, 0x3CA0, 0x3CC7, 0x3CA0, 
    0x3CC7, 0x3CA0, 0x3CC7, 0x3CA0, 0x3CC7, 0x3CA0, 0x3CC7, 0x3CA0, 0x3CC7, 
    0x3CA0, 0x3CC7, 0x3CA0, 0x3CC7, 0x3CA0, 0x3CC7, 0x3CA0, 0x3CC7, 0x3CC7, 
    0x3CC7, 0x3CA0, 0x3CC7, 0x3CA0, 0x3CC7, 0x3CA0, 0x3CC7, 0x3CC7, 0x3CC7, 
    0x3CA0, 0x3CC7, 0x3CC7, 0x3CC7, 0x3CA0, 0x3CC7, 0x3CC7, 0x3CC7, 0x3CA0, 
    0x3CC7, 0x3CC7, 0x3CC7, 0x3CA0, 0x3CC7, 0x3CC7, 0x3CC7, 0x3CA0, 0x3CC7, 
    0x3CC7, 0x3CC7, 0x3CA0, 0x3CC7, 0x3CC7, 0x3CC7, 0x3CA0, 0x3CC7, 0x3CC7, 
    0x3CC7, 0x3CA0, 0x3CC7, 0x3CC7, 0x3CC7, 0x3CC7, 0x3CC7, 0x3CC7, 0x3CC7, 
    0x3CA0, 0x3CC7, 0x3CC7, 0x3CC7, 0x3CC7, 0x3CC7, 0x3CC7, 0x3CC7, 0x3CC7, 
    0x3CC7, 0x3CC7, 0x3CC7, 0x3CC7, 0x3CC7, 0x3CC7, 0x3CC7, 0x3CC7, 0x3CC7, 
    0x3CC7, 0x3CC7, 0x3CC7, 0x3CC7, 0x3CC7, 0x3CC7, 0x3CC7, 0x3CC7, 0x3CC7, 
    0x3CC7, 0x3CC7, 0x3CC7, 0x3CC7, 0x3CC7, 0x3CC7, 0x3CC7, 0x3CC7, 0x3CC7, 
    0x3CC7, 0x3CC7, 0x3CC7, 0x3CC7, 0x3CC7, 0x3CC7, 0x3CC7, 0x3CC7, 0x3CC7, 
    0x3CC7, 0x3CC7, 0x3CC7, 0x3CC7, 0x3CC7, 0x3CC7, 0x3CC7, 0x3CC7, 0x3CC7, 
    0x3CC7, 0x3CC7, 0x3CC7, 0x3CA0, 0x3CA0, 0x3CA0, 0x3CA0, 0x3CA0, 0x3CA0, 
    0x3CA0, 0x3CA0, 0x3CA0, 0x3CA0, 0x3CA0, 0x3CA0, 0x3CA0, 0x3CA0, 0x3CA0, 
    0x3CA0, 0x3CA0, 0x3CA0, 0x3CA0, 0x3CA0, 0x3CA0, 0x3CA0, 0x3CA0, 0x3CA0, 
    0x3CA0, 0x3CA0, 0x3CA0, 0x3CA0, 0x3CA0, 0x3CA0, 0x3CA0, 0x3CA0, 0x3CA0, 
    0x3CA0, 0x3CA0, 0x3CA0, 0x3CA0, 0x3CA0, 0x3CA0, 0x3CA0, 0x3CA0, 0x3CA0, 
    0x3CA0, 0x3CA0, 0x3CA0, 0x3CA0, 0x3CA0, 0x3CA0, 0x3CA0, 0x3CC7, 0x3CA0, 
    0x3CA0, 0x3CA0, 0x3CA0, 0x3CA0, 0x3CA0, 0x3CA0, 0x3CC7, 0x3CA0, 0x3CA0, 
    0x3CA0, 0x3CC7, 0x3CA0, 0x3CA0, 0x3CA0, 0x3CC7, 0x3CA0, 0x3CA0, 0x3CA0, 
    0x3CC7, 0x3CA0, 0x3CA0, 0x3CA0, 0x3CC7, 0x3CA0, 0x3CA0, 0x3CA0, 0x3CC7, 
    0x3CA0, 0x3CA0, 0x3CA0, 0x3CC7, 0x3CA0, 0x3CA0, 0x3CA0, 0x3CC7, 0x3CA0, 
    0x3CA0, 0x3CA0, 0x3CC7, 0x3CA0, 0x3CC7, 0x3CA0, 0x3CC7, 0x3CA0, 0x3CA0, 
    0x3CA0, 0x3CC7, 0x3CA0, 0x3CC7, 0x3CA0, 0x3CC7, 0x3CA0, 0x3CC7, 0x3CA0, 
    0x3CC7, 0x3CA0, 0x3CC7, 0x3CA0, 0x3CC7, 0x3CA0, 0x3CC7, 0x3CA0, 0x3CC7, 
    0x3CA0, 0x3CC7, 0x3CA0, 0x3CC7, 0x3CA0, 0x3CC7, 0x3CA0, 0x3CC7, 0x3CA0, 
    0x3CC7, 0x3CA0, 0x3CC7, 0x3CA0, 0x3CC7, 0x3CA0, 0x3CC7, 0x3CA0, 0x3CC7, 
    0x3CA0, 0x3CC7, 0x3CA0, 0x3CC7, 0x3CA0, 0x3CC7, 0x3CA0, 0x3CC7, 0x3CA0, 
    0x3CC7, 0x3CA0, 0x3CC7, 0x3CA0, 0x3CC7, 0x3CA0, 0x3CC7, 0x3CA0, 0x3CC7, 
    0x3CA0, 0x3CC7, 0x3CA0, 0x3CC7, 0x3CA0, 0x3CC7, 0x3CA0, 0x3CC7, 0x3CA0, 
    0x3CC7, 0x3CA0, 0x3CC7, 0x3CA0, 0x3CC7, 0x3CA0, 0x3CC7, 0x3CA0, 0x3CC7, 
    0x3CA0, 0x3CC7, 0x3CA0, 0x3CC7, 0x3CA0, 0x3CC7, 0x3CA0, 0x3CC7, 0x3CA0, 
    0x3CC7, 0x3CA0, 0x3CC7, 0x3CA0, 0x3CC7, 0x3CA0, 0x3CC7, 0x3CA0, 0x3CC7, 
    0x3CA0, 0x3CC7, 0x3CA0, 0x3CC7, 0x3CA0, 0x3CC7, 0x3CA0, 0x3CC7, 0x3CA0, 
    0x3CC7, 0x3CA0, 0x3CC7, 0x3CA0, 0x3CC7, 0x3CA0, 0x3CC7, 0x3CA0, 0x3CC7, 
    0x3CA0, 0x3CC7, 0x3CA0, 0x3CC7, 0x3CA0, 0x3CC7, 0x3CA0, 0x3CC7, 0x3CA0, 
    0x3CC7, 0x3CA0, 0x3CC7, 0x3CA0, 0x3CC7, 0x3CA0, 0x3CC7, 0x3CA0, 0x3CC7, 
    0x3CA0, 0x3CC7, 0x3CC7, 0x3CC7, 0x3CA0, 0x3CC7, 0x3CC7, 0x3CC7, 0x3CA0, 
    0x3CC7, 0x3CC7, 0x3CC7, 0x3CA0, 0x3CC7, 0x3CC7, 0x3CC7, 0x3CA0, 0x3CC7, 
    0x3CA0, 0x3CA0, 0x3CC7, 0x5EAB, 0x3CA0, 0x3CA0, 0x3CC7, 0x3CA0, 0x3CA0, 
    0x3CA0, 0x3CC7, 0x3CA0, 0x3CA0, 0x3CA0, 0x3CC7, 0x3CA0, 0x3CA0, 0x3CA0, 
    0x3CC7, 0x3CA0, 0x3CA0, 0x3CA0, 0x3CC7, 0x3CA0, 0x3CA0, 0x3CA0, 0x3CC7, 
    0x3CA0, 0x3CA0, 0x3CA0, 0x3CC7, 0x3CA0, 0x3CC7, 0x3CA0, 0x3CC7, 0x3CA0, 
    0x3CC7, 0x3CA0, 0x3CC7, 0x3CA0, 0x3CC7, 0x3CA0, 0x3CC7, 0x3CA0, 0x3CC7, 
    0x3CA0, 0x3CC7, 0x3CA0, 0x3CC7, 0x3CA0, 0x3CC7, 0x3CA0, 0x3CC7, 0x3CA0, 
    0x3CC7, 0x3CA0, 0x3CC7, 0x3CA0, 0x3CC7, 0x3CA0, 0x3CC7, 0x3CA0, 0x3CC7, 
    0x3CA0, 0x3CC7, 0x3CA0, 0x3CC7, 0x5EAB, 0x3CC7, 0x3CA0, 0x3CC7, 0x3CA0, 
    0x3CC7, 0x3CA0, 0x3CC7, 0x3CA0, 0x3CC7, 0x3CA0, 0x3CC7, 0x3CA0, 0x3CC7, 
    0x3CA0, 0x3CC7, 0x3CA0, 0x3CC7, 0x3CA0, 0x3CC7, 0x3CA0, 0x3CC7, 0x3CA0, 
    0x3CC7, 0x3CA0, 0x3CC7, 0x3CA0, 0x3CC7, 0x3CA0, 0x3CC7, 0x3CA0, 0x3CC7, 
    0x3CA0, 0x3CC7, 0x3CA0, 0x3CC7, 0x3CA0, 0x3CC7, 0x3CA0, 0x3CC7, 0x3CA0, 
    0x3CC7, 0x3CA0, 0x3CC7, 0x3CA0, 0x3CC7, 0x3CA0, 0x3CC7, 0x3CA0, 0x3CC7, 
    0x3CA0, 0x3CC7, 0x3CA0, 0x3CC7, 0x3CA0, 0x3CC7, 0x3CA0, 0x3CC7, 0x3CA0, 
    0x3CC7, 0x3CA0, 0x3CC7, 0x3CA0, 0x3CC7, 0x5EAB, 0x3CC7, 0x3CA0, 0x3CC7, 
    0x3CA0, 0x3CC7, 0x3CA0, 0x3CC7, 0x3CA0, 0x3CC7, 0x3CA0, 0x3CC7, 0x3CA0, 
    0x3CC7, 0x3CA0, 0x3CC7, 0x3CA0, 0x3CC7, 0x3CA0, 0x3CC7, 0x3CA0, 0x3CC7, 
    0x3CA0, 0x3CC7, 0x3CC7, 0x3CC7, 0x3CA0, 0x3CC7, 0x3CA0, 0x3CC7, 0x3CA0, 
    0x3CC7, 0x3CC7, 0x3CC7, 0x3CA0, 0x3CC7, 0x3CC7, 0x3CC7, 0x3CA0, 0x3CC7, 
    0x3CC7, 0x3CC7, 0x3CA0, 0x3CC7, 0x3CC7, 0x3CC7, 0x3CA0, 0x3CC7, 0x3CC7, 
    0x3CC7, 0x3CA0, 0x3CC7, 0x3CC7, 0x3CC7, 0x3CA0, 0x3CC7, 0x3CC7, 0x3CC7, 
    0x3CA0, 0x3CC7, 0x3CC7, 0x3CC7, 0x3CA0, 0x3CC7, 0x5ECC, 0x3CC7, 0x3CA0, 
    0x3CC7, 0x3CC7, 0x3CC7, 0x3CC7, 0x3CC7, 0x3CC7, 0x3CC7, 0x3CA0, 0x3CC7, 
    0x3CC7, 0x3CC7, 0x3CC7, 0x3CC7, 0x3CC7, 0x3CC7, 0x3CC7, 0x3CC7, 0x3CC7, 
    0x3CC7, 0x3CC7, 0x3CC7, 0x3CC7, 0x3CC7, 0x3CC7, 0x3CC7, 0x3CC7, 0x3CC7, 
    0x3CC7, 0x3CC7, 0x3CC7, 0x3CC7, 0x3CC7, 0x3CC7, 0x3CC7, 0x3CC7, 0x3CC7, 
    0x3CC7, 0x3CC7, 0x3CC7, 0x3CC7, 0x3CC7, 0x3CC7, 0x3CA0, 0x3CA0, 0x3CA0, 
    0x3CA0, 0x3CA0, 0x3CA0, 0x3CA0, 0x3CA0, 0x3CA0, 0x3CA0, 0x3CA0, 0x3CA0, 
    0x3CA0, 0x3CA0, 0x3CA0, 0x3CA0, 0x3CA0, 0x3CA0, 0x3CA0, 0x3CA0, 0x3CA0, 
    0x3CA0, 0x3CA0, 0x3CA0, 0x3CA0, 0x3CA0, 0x3CA0, 0x3CA0, 0x3CA0, 0x3CA0, 
    0x3CA0, 0x3CA0, 0x3CA0, 0x3CA0, 0x3CA0, 0x3CA0, 0x3CA0, 0x3CA0, 0x3CA0, 
    0x3CA0, 0x3CA0, 0x3CA0, 0x3CA0, 0x3CA0, 0x3CA0, 0x3CA0, 0x3CA0, 0x3CA0, 
    0x3CA0, 0x3CA0, 0x3CA0, 0x3CA0, 0x3CA0, 0x3CA0, 0x3CA0, 0x3CA0, 0x3CA0, 
    0x3CA0, 0x4257, 0x3CA0, 0x3CA0, 0x3CA0, 0x3CA0, 0x3CA0, 0x3CA0, 0x3CA0, 
    0x3CA0, 0x3CC7, 0x3CA0, 0x3CA0, 0x3CA0, 0x3CA0, 0x3CA0, 0x3CA0, 0x3CA0, 
    0x3CC7, 0x3CA0, 0x3CA0, 0x3CA0, 0x3CC7, 0x3CA0, 0x3CA0, 0x3CA0, 0x3CC7, 
    0x3CA0, 0x3CA0, 0x3CA0, 0x3CC7, 0x3CA0, 0x3CA0, 0x3CA0, 0x3CC7, 0x3CA0, 
    0x3CA0, 0x3CA0, 0x3CC7, 0x3CA0, 0x3CA0, 0x3CA0, 0x3CC7, 0x3CA0, 0x3CA0, 
    0x3CA0, 0x3CC7, 0x3CA0, 0x3CA0, 0x3CA0, 0x3CC7, 0x3CA0, 0x3CA0, 0x3CA0, 
    0x3CC7, 0x3CA0, 0x3CC7, 0x3CA0, 0x3CC7, 0x3CA0, 0x3CA0, 0x3CA0, 0x3CC7, 
    0x3CA0, 0x3CC7, 0x4257, 0x3CC7, 0x3CA0, 0x3CC7, 0x3CA0, 0x3CC7, 0x3CA0, 
    0x3CC7, 0x3CA0, 0x3CC7, 0x3CA0, 0x3CC7, 0x3CA0, 0x3CC7, 0x3CA0, 0x3CC7, 
    0x3CA0, 0x3CC7, 0x3CA0, 0x3CC7, 0x3CA0, 0x3CC7, 0x3CA0, 0x3CC7, 0x3CA0, 
    0x3CC7, 0x3CA0, 0x3CC7, 0x3CA0, 0x3CC7, 0x3CA0, 0x3CC7, 0x3CA0, 0x3CC7, 
    0x3CA0, 0x3CC7, 0x3CA0, 0x3CC7, 0x3CA0, 0x3CC7, 0x3CA0, 0x3CC7, 0x3CA0, 
    0x3CC7, 0x3CA0, 0x3CC7, 0x3CA0, 0x3CC7, 0x3CA0, 0x3CC7, 0x3CA0, 0x3CC7, 
    0x3CA0, 0x3CC7, 0x3CA0, 0x3CC7, 0x3CA0, 0x3CC7, 0x3CA0, 0x3CC7, 0x3CA0, 
    0x3CC7, 0x3CA0, 0x3CC7, 0x4257, 0x3CC7, 0x3CA0, 0x3CC7, 0x3CA0, 0x3CC7, 
    0x3CA0, 0x3CC7, 0x3CA0, 0x3CC7, 0x3CA0, 0x3CC7, 0x3CA0, 0x3CC7, 0x3CA0, 
    0x3CC7, 0x3CA0, 0x3CC7, 0x3CA0, 0x3CC7, 0x3CA0, 0x3CC7, 0x3CA0, 0x3CC7, 
    0x3CA0, 0x3CC7, 0x3CA0, 0x3CC7, 0x3CA0, 0x3CC7, 0x3CA0, 0x3CC7, 0x3CA0, 
    0x3CC7, 0x3CA0, 0x3CC7, 0x3CA0, 0x3CC7, 0x3CA0, 0x3CC7, 0x3CA0, 0x3CC7, 
    0x3CA0, 0x3CC7, 0x3CA0, 0x3CC7, 0x3CA0, 0x3CC7, 0x3CA0, 0x3CC7, 0x3CA0, 
    0x3CC7, 0x3CA0, 0x3CC7, 0x3CC7, 0x3CA0, 0x3CA0, 0x3CA0, 0x3CC7, 0x3CA0, 
    0x3CA0, 0x3CA0, 0x3CC7, 0x3CA0, 0x3CA0, 0x3CA0, 0x3CC7, 0x3CA0, 0x3CC7, 
    0x3CA0, 0x3CC7, 0x3CA0, 0x3CA0, 0x3CA0, 0x3CC7, 0x3CA0, 0x3CC7, 0x3CA0, 
    0x3CC7, 0x3CA0, 0x3CC7, 0x3CA0, 0x3CC7, 0x3CA0, 0x3CC7, 0x3CA0, 0x3CC7, 
    0x3CA0, 0x3CC7, 0x5EAB, 0x3CC7, 0x3CA0, 0x3CC7, 0x3CA0, 0x3CC7, 0x3CA0, 
    0x3CC7, 0x3CA0, 0x3CC7, 0x3CA0, 0x3CC7, 0x5EAB, 0x5ECC, 0x3CA0, 0x3CC7, 
    0x3CA0, 0x3CC7, 0x3CA0, 0x3CC7, 0x3CA0, 0x3CC7, 0x3CA0, 0x3CC7, 0x3CA0, 
    0x3CC7, 0x3CA0, 0x3CC7, 0x3CA0, 0x3CC7, 0x3CA0, 0x3CC7, 0x3CA0, 0x3CC7, 
    0x3CA0, 0x3CC7, 0x3CA0, 0x3CC7, 0x3CA0, 0x3CC7, 0x3CA0, 0x3CC7, 0x3CA0, 
    0x3CC7, 0x3CA0, 0x3CC7, 0x3CA0, 0x3CC7, 0x3CA0, 0x3CC7, 0x3CA0, 0x3CC7, 
    0x3CA0, 0x3CC7, 0x3CA0, 0x3CC7, 0x3CA0, 0x3CC7, 0x3CA0, 0x3CC7, 0x3CA0, 
    0x3CC7, 0x3CA0, 0x3CC7, 0x5EAB, 0x3CC7, 0x3CA0, 0x3CC7, 0x3CA0, 0x3CC7, 
    0x3CA0, 0x3CC7, 0x3CA0, 0x3CC7, 0x3CA0, 0x3CC7, 0x5EAB, 0x5ECC, 0x3CA0, 
    0x3CC7, 0x3CA0, 0x3CC7, 0x3CA0, 0x3CC7, 0x3CA0, 0x3CC7, 0x3CA0, 0x3CC7, 
    0x3CA0, 0x3CC7, 0x3CA0, 0x3CC7, 0x3CA0, 0x3CC7, 0x3CA0, 0x3CC7, 0x3CA0, 
    0x3CC7, 0x3CA0, 0x3CC7, 0x3CA0, 0x3CC7, 0x3CA0, 0x3CC7, 0x3CA0, 0x3CC7, 
    0x3CC7, 0x3CC7, 0x3CA0, 0x3CC7, 0x3CA0, 0x3CC7, 0x3CA0, 0x3CC7, 0x3CC7, 
    0x3CC7, 0x3CA0, 0x3CC7, 0x3CC7, 0x3CC7, 0x3CA0, 0x3CC7, 0x3CC7, 0x3CC7, 
    0x3CA0, 0x3CC7, 0x3CC7, 0x3CC7, 0x5EAB, 0x3CC7, 0x3CC7, 0x3CC7, 0x3CA0, 
    0x3CC7, 0x3CC7, 0x3CC7, 0x3CA0, 0x3CC7, 0x3CC7, 0x3CC7, 0x5EAB, 0x5ECC, 
    0x3CC7, 0x3CC7, 0x3CA0, 0x3CC7, 0x3CC7, 0x3CC7, 0x3CC7, 0x3CC7, 0x3CC7, 
    0x3CC7, 0x3CA0, 0x3CC7, 0x3CC7, 0x3CC7, 0x3CC7, 0x3CC7, 0x3CC7, 0x3CC7, 
    0x3CC7, 0x3CC7, 0x3CC7, 0x3CC7, 0x3CC7, 0x3CC7, 0x3CC7, 0x3CC7, 0x3CC7, 
    0x3CC7, 0x3CC7, 0x3CC7, 0x3CC7, 0x3CC7, 0x3CC7, 0x3CC7, 0x3CC7, 0x3CC7, 
    0x3CC7, 0x3CC7, 0x3CC7, 0x3CC7, 0x3CC7, 0x3CC7, 0x3CC7, 0x3CC7, 0x3CC7, 
    0x3CC7, 0x3CC7, 0x3CC7, 0x3CC7, 0x3CC7, 0x5ECC, 0x3CC7, 0x3CC7, 0x3CC7, 
    0x3CC7, 0x3CC7, 0x3CC7, 0x3CC7, 0x3CC7, 0x3CC7, 0x3CC7, 0x3CC7, 0x5ECC, 
    0x3CA0, 0x3CA0, 0x3CA0, 0x3CA0, 0x3CA0, 0x3CA0, 0x3CA0, 0x3CA0, 0x3CA0, 
    0x3CA0, 0x3CA0, 0x3CA0, 0x3CA0, 0x3CA0, 0x3CA0, 0x3CA0, 0x3CA0, 0x3CA0, 
    0x3CA0, 0x3CA0, 0x3CA0, 0x3CA0, 0x3CA0, 0x3CA0, 0x3CA0, 0x3CA0, 0x3CA0, 
    0x3CA0, 0x3CA0, 0x3CA0, 0x3CA0, 0x3CA0, 0x3CA0, 0x3CA0, 0x3CA0, 0x3CA0, 
    0x3CA0, 0x3CA0, 0x3CA0, 0x3CA0, 0x3CA0, 0x3CA0, 0x3CA0, 0x69D7, 0x3CA0, 
    0x3CA0, 0x3CA0, 0x5EAB, 0x5EAB, 0x3CA0, 0x3CA0, 0x3CA0, 0x3CA0, 0x3CC7, 
    0x3CA0, 0x3CA0, 0x3CA0, 0x3CA0, 0x3CA0, 0x3CA0, 0x3CA0, 0x3CC7, 0x3CA0, 
    0x3CA0, 0x3CA0, 0x3CC7, 0x3CA0, 0x3CA0, 0x3CA0, 0x3CC7, 0x3CA0, 0x3CA0, 
    0x3CA0, 0x3CC7, 0x3CA0, 0x3CA0, 0x3CA0, 0x3CC7, 0x3CA0, 0x3CA0, 0x3CA0, 
    0x3CC7, 0x3CA0, 0x3CA0, 0x3CA0, 0x3CC7, 0x3CA0, 0x3CA0, 0x3CA0, 0x3CC7, 
    0x3CA0, 0x3CA0, 0x3CA0, 0x3CC7, 0x3CA0, 0x3CC7, 0x3CA0, 0x3CC7, 0x3CA0, 
    0x3CA0, 0x3CA0, 0x3CC7, 0x3CA0, 0x3CC7, 0x3CA0, 0x3CC7, 0x3CA0, 0x69D9, 
    0x3CA0, 0x3CC7, 0x3CA0, 0x5ECC, 0x5EAB, 0x3CC7, 0x3CA0, 0x3CC7, 0x3CA0, 
    0x3CC7, 0x3CA0, 0x3CC7, 0x3CA0, 0x3CC7, 0x3CA0, 0x3CC7, 0x3CA0, 0x3CC7, 
    0x3CA0, 0x3CC7, 0x3CA0, 0x3CC7, 0x3CA0, 0x3CC7, 0x3CA0, 0x3CC7, 0x3CA0, 
    0x3CC7, 0x3CA0, 0x3CC7, 0x3CA0, 0x3CC7, 0x3CA0, 0x3CC7, 0x3CA0, 0x3CC7, 
    0x3CA0, 0x3CC7, 0x3CA0, 0x3CC7, 0x3CA0, 0x3CC7, 0x3CA0, 0x3CC7, 0x3CA0, 
    0x3CC7, 0x3CA0, 0x3CC7, 0x3CA0, 0x3CC7, 0x3CA0, 0x3CC7, 0x3CA0, 0x3CC7, 
    0x3CA0, 0x3CC7, 0x3CA0, 0x3CC7, 0x3CA0, 0x3CC7, 0x3CA0, 0x3CC7, 0x3CA0, 
    0x69D9, 0x3CA0, 0x3CC7, 0x3CA0, 0x5ECC, 0x5EAB, 0x3CC7, 0x3CA0, 0x3CC7, 
    0x3CA0, 0x3CC7, 0x3CA0, 0x3CC7, 0x3CA0, 0x3CC7, 0x3CA0, 0x3CC7, 0x3CA0, 
    0x3CC7, 0x3CA0, 0x3CC7, 0x3CA0, 0x3CC7, 0x3CA0, 0x3CC7, 0x3CA0, 0x3CC7, 
    0x3CA0, 0x3CC7, 0x3CA0, 0x3CC7, 0x3CA0, 0x3CC7, 0x3CA0, 0x3CC7, 0x3CA0, 
    0x3CC7, 0x3CA0, 0x3CC7, 0x3CA0, 0x3CC7, 0x3CA0, 0x3CC7, 0x3CA0, 0x3CC7, 
    0x3CA0, 0x3CC7, 0x3CA0, 0x3CC7, 0x3CC7, 0x3CC7, 0x3CA0, 0x3CC7, 0x3CA0, 
    0x3CC7, 0x3CA0, 0x3CC7, 0x3CC7, 0x3CC7, 0x3CA0, 0x3CC7, 0x3CC7, 0x3CC7, 
    0x3CA0, 0x69D9, 0x3CC7, 0x3CC7, 0x3CA0, 0x5ECC, 0x3CA0, 0x3CA0, 0x3CC7, 
    0x3CA0, 0x3CA0, 0x3CA0, 0x3CC7, 0x3CA0, 0x3CA0, 0x3CA0, 0x3CC7, 0x3CA0, 
    0x3CA0, 0x3CA0, 0x3CC7, 0x3CA0, 0x3CA0, 0x3CA0, 0x3CC7, 0x3CA0, 0x3CA0, 
    0x3CA0, 0x3CC7, 0x3CA0, 0x3CA0, 0x3CA0, 0x3CC7, 0x3CA0, 0x3CC7, 0x3CA0, 
    0x3CC7, 0x3CA0, 0x3CA0, 0x3CA0, 0x3CC7, 0x3CA0, 0x3CC7, 0x3CA0, 0x3CC7, 
    0x3CA0, 0x3CC7, 0x3CA0, 0x3CC7, 0x3CA0, 0x3CC7, 0x3CA0, 0x3CC7, 0x3CA0, 
    0x3CC7, 0x3CA0, 0x3CC7, 0x3CA0, 0x3CC7, 0x3CA0, 0x3CC7, 0x3CA0, 0x3CC7, 
    0x3CA0, 0x3CC7, 0x3CA0, 0x3CC7, 0x3CA0, 0x3CC7, 0x3CA0, 0x3CC7, 0x3CA0, 
    0x3CC7, 0x3CA0, 0x3CC7, 0x3CA0, 0x3CC7, 0x3CA0, 0x3CC7, 0x3CA0, 0x3CC7, 
    0x3CA0, 0x3CC7, 0x3CA0, 0x3CC7, 0x3CA0, 0x3CC7, 0x3CA0, 0x3CC7, 0x3CA0, 
    0x3CC7, 0x3CA0, 0x3CC7, 0x3CA0, 0x3CC7, 0x3CA0, 0x3CC7, 0x3CA0, 0x3CC7, 
    0x3CA0, 0x3CC7, 0x3CA0, 0x3CC7, 0x3CA0, 0x3CC7, 0x3CA0, 0x3CC7, 0x3CA0, 
    0x3CC7, 0x3CA0, 0x3CC7, 0x3CA0, 0x3CC7, 0x3CA0, 0x3CC7, 0x3CA0, 0x3CC7, 
    0x3CA0, 0x3CC7, 0x3CA0, 0x3CC7, 0x3CA0, 0x3CC7, 0x3CA0, 0x3CC7, 0x3CA0, 
    0x3CC7, 0x3CA0, 0x3CC7, 0x3CA0, 0x3CC7, 0x3CA0, 0x3CC7, 0x3CA0, 0x3CC7, 
    0x3CA0, 0x3CC7, 0x3CA0, 0x3CC7, 0x3CA0, 0x3CC7, 0x3CA0, 0x3CC7, 0x3CA0, 
    0x3CC7, 0x3CA0, 0x3CC7, 0x3CA0, 0x3CC7, 0x3CA0, 0x3CC7, 0x3CA0, 0x3CC7, 
    0x3CA0, 0x3CC7, 0x3CA0, 0x3CC7, 0x3CA0, 0x3CC7, 0x3CA0, 0x3CC7, 0x3CA0, 
    0x3CC7, 0x3CA0, 0x3CC7, 0x3CC7, 0x3CC7, 0x3CA0, 0x3CC7, 0x3CA0, 0x3CC7, 
    0x3CA0, 0x3CC7, 0x3CC7, 0x3CC7, 0x3CA0, 0x3CC7, 0x3CC7, 0x3CC7, 0x3CA0, 
    0x3CC7, 0x3CC7, 0x3CC7, 0x3CA0, 0x3CC7, 0x3CC7, 0x3CC7, 0x3CA0, 0x3CC7, 
    0x3CC7, 0x3CC7, 0x3CA0, 0x3CC7, 0x3CC7, 0x3CC7, 0x3CA0, 0x3CC7, 0x3CC7, 
    0x3CC7, 0x3CA0, 0x3CC7, 0x3CC7, 0x3CC7, 0x3CA0, 0x3CC7, 0x3CC7, 0x3CC7, 
    0x3CA0, 0x3CC7, 0x3CC7, 0x3CC7, 0x3CC7, 0x3CC7, 0x3CC7, 0x3CC7, 0x3CC7, 
    0x3CC7, 0x3CC7, 0x3CC7, 0x3CC7, 0x3CC7, 0x3CC7, 0x3CC7, 0x3CC7, 0x3CC7, 
    0x3CC7, 0x3CC7, 0x3CC7, 0x3CC7, 0x3CC7, 0x3CC7, 0x3CC7, 0x3CC7, 0x3CC7, 
    0x3CC7, 0x3CC7, 0x3CC7, 0x3CC7, 0x3CC7, 0x3CC7, 0x3CC7, 0x3CC7, 0x3CC7, 
    0x3CC7, 0x3CC7, 0x3CC7, 0x3CA0, 0x3CA0, 0x3CA0, 0x3CA0, 0x3CA0, 0x3CA0, 
    0x3CA0, 0x3CA0, 0x3CA0, 0x3CA0, 0x3CA0, 0x3CA0, 0x3CA0, 0x3CA0, 0x3CA0, 
    0x3CA0, 0x3CA0, 0x3CA0, 0x3CA0, 0x3CA0, 0x3CA0, 0x3CA0, 0x3CA0, 0x3CA0, 
    0x3CA0, 0x3CA0, 0x3CA0, 0x3CA0, 0x3CA0, 0x3CA0, 0x3CA0, 0x3CA0, 0x3CA0, 
    0x3CA0, 0x3CA0, 0x3CA0, 0x3CA0, 0x3CA0, 0x3CA0, 0x3CA0, 0x3CA0, 0x3CA0, 
    0x3CA0, 0x3CA0, 0x3CA0, 0x3CA0, 0x3CA0, 0x3CA0, 0x3CA0, 0x3CA0, 0x3CA0, 
    0x3CA0, 0x3CA0, 0x3CA0, 0x3CA0, 0x3CA0, 0x3CA0, 0x3CA0, 0x3CA0, 0x3CA0, 
    0x3CA0, 0x3CA0, 0x3CA0, 0x3CA0, 0x3CA0, 0x3CA0, 0x3CA0, 0x3CA0, 0x3CA0, 
    0x3CA0, 0x3CA0, 0x3CC7, 0x3CA0, 0x3CA0, 0x3CA0, 0x3CA0, 0x3CA0, 0x3CA0, 
    0x3CA0, 0x3CC7, 0x3CA0, 0x3CA0, 0x3CA0, 0x3CC7, 0x3CA0, 0x3CA0, 0x3CA0, 
    0x3CC7, 0x3CA0, 0x3CA0, 0x3CA0, 0x3CC7, 0x3CA0, 0x3CA0, 0x3CA0, 0x3CC7, 
    0x3CA0, 0x3CA0, 0x3CA0, 0x3CC7, 0x3CA0, 0x3CA0, 0x3CA0, 0x3CC7, 0x3CA0, 
    0x3CA0, 0x3CA0, 0x3CC7, 0x3CA0, 0x3CA0, 0x3CA0, 0x3CC7, 0x3CA0, 0x3CA0, 
    0x3CA0, 0x3CC7, 0x3CA0, 0x3CC7, 0x3CA0, 0x3CC7, 0x3CA0, 0x3CA0, 0x3CA0, 
    0x3CC7, 0x3CA0, 0x3CC7, 0x3CA0, 0x3CC7, 0x3CA0, 0x3CC7, 0x3CA0, 0x3CC7, 
    0x3CA0, 0x3CC7, 0x3CA0, 0x3CC7, 0x3CA0, 0x3CC7, 0x3CA0, 0x3CC7, 0x3CA0, 
    0x3CC7, 0x3CA0, 0x3CC7, 0x3CA0, 0x3CC7, 0x3CA0, 0x3CC7, 0x3CA0, 0x3CC7, 
    0x3CA0, 0x3CC7, 0x3CA0, 0x3CC7, 0x3CA0, 0x3CC7, 0x3CA0, 0x3CC7, 0x3CA0, 
    0x3CC7, 0x3CA0, 0x3CC7, 0x3CA0, 0x3CC7, 0x3CA0, 0x3CC7, 0x3CA0, 0x3CC7, 
    0x3CA0, 0x3CC7, 0x3CA0, 0x3CC7, 0x3CA0, 0x3CC7, 0x3CA0, 0x3CC7, 0x3CA0, 
    0x3CC7, 0x3CA0, 0x3CC7, 0x3CA0, 0x3CC7, 0x3CA0, 0x3CC7, 0x3CA0, 0x3CC7, 
    0x3CA0, 0x3CC7, 0x3CA0, 0x3CC7, 0x3CA0, 0x3CC7, 0x3CA0, 0x3CC7, 0x3CA0, 
    0x3CC7, 0x3CA0, 0x3CC7, 0x3CA0, 0x3CC7, 0x3CA0, 0x3CC7, 0x3CA0, 0x3CC7, 
    0x3CA0, 0x3CC7, 0x3CA0, 0x3CC7, 0x3CA0, 0x3CC7, 0x3CA0, 0x3CC7, 0x3CA0, 
    0x3CC7, 0x3CA0, 0x3CC7, 0x3CA0, 0x3CC7, 0x3CA0, 0x3CC7, 0x3CA0, 0x3CC7, 
    0x3CA0, 0x3CC7, 0x3CA0, 0x3CC7, 0x3CA0, 0x3CC7, 0x3CA0, 0x3CC7, 0x3CA0, 
    0x3CC7, 0x3CA0, 0x3CC7, 0x3CA0, 0x3CC7, 0x3CA0, 0x3CC7, 0x3CA0, 0x3CC7, 
    0x3CC7, 0x3CA0, 0x3CC7, 0x3CA0, 0x3CC7, 0x3CA0, 0x3CA0, 0x3CA0, 0x3CC7, 
    0x3CA0, 0x3CC7, 0x3CA0, 0x3CC7, 0x3CA0, 0x3CC7, 0x3CA0, 0x3CC7, 0x3CA0, 
    0x3CC7, 0x3CA0, 0x3CC7, 0x3CA0, 0x3CC7, 0x3CA0, 0x3CC7, 0x3CA0, 0x3CC7, 
    0x3CA0, 0x3CC7, 0x3CA0, 0x3CC7, 0x3CA0, 0x3CC7, 0x3CA0, 0x3CC7, 0x3CA0, 
    0x3CC7, 0x3CA0, 0x3CC7, 0x3CA0, 0x3CC7, 0x3CA0, 0x3CC7, 0x3CA0, 0x3CC7, 
    0x3CA0, 0x3CC7, 0x3CA0, 0x3CC7, 0x3CA0, 0x3CC7, 0x3CA0, 0x3CC7, 0x3CA0, 
    0x3CC7, 0x3CA0, 0x3CC7, 0x3CA0, 0x3CC7, 0x3CA0, 0x3CC7, 0x3CA0, 0x3CC7, 
    0x3CA0, 0x3CC7, 0x3CA0, 0x3CC7, 0x3CA0, 0x3CC7, 0x3CA0, 0x3CC7, 0x3CA0, 
    0x3CC7, 0x3CA0, 0x3CC7, 0x3CA0, 0x3CC7, 0x3CA0, 0x3CC7, 0x3CA0, 0x3CC7, 
    0x3CA0, 0x3CC7, 0x3CA0, 0x3CC7, 0x3CA0, 0x3CC7, 0x3CA0, 0x3CC7, 0x3CA0, 
    0x3CC7, 0x3CA0, 0x3CC7, 0x3CA0, 0x3CC7, 0x3CA0, 0x3CC7, 0x3CA0, 0x3CC7, 
    0x3CA0, 0x3CC7, 0x3CA0, 0x3CC7, 0x3CA0, 0x3CC7, 0x3CA0, 0x3CC7, 0x3CA0, 
    0x3CC7, 0x3CA0, 0x3CC7, 0x3CA0, 0x3CC7, 0x3CA0, 0x3CC7, 0x3CA0, 0x3CC7, 
    0x3CA0, 0x3CC7, 0x3CA0, 0x3CC7, 0x3CA0, 0x3CC7, 0x3CA0, 0x3CC7, 0x3CA0, 
    0x3CC7, 0x3CA0, 0x3CC7, 0x3CC7, 0x3CC7, 0x3CA0, 0x3CC7, 0x3CA0, 0x3CC7, 
    0x3CA0, 0x3CC7, 0x3CC7, 0x3CC7, 0x3CA0, 0x3CC7, 0x3CC7, 0x3CC7, 0x3CA0, 
    0x3CC7, 0x3CC7, 0x3CC7, 0x3CA0, 0x3CC7, 0x3CC7, 0x3CC7, 0x3CA0, 0x3CC7, 
    0x3CC7, 0x3CC7, 0x3CA0, 0x3CC7, 0x3CC7, 0x3CC7, 0x3CA0, 0x3CC7, 0x3CC7, 
    0x3CC7, 0x3CA0, 0x3CC7, 0x3CC7, 0x3CC7, 0x3CA0, 0x3CC7, 0x3CC7, 0x3CC7, 
    0x3CC7, 0x3CC7, 0x3CC7, 0x3CC7, 0x3CA0, 0x3CC7, 0x3CC7, 0x3CC7, 0x3CC7, 
    0x3CC7, 0x3CC7, 0x3CC7, 0x3CC7, 0x3CC7, 0x3CC7, 0x3CC7, 0x3CC7, 0x3CC7, 
    0x3CC7, 0x3CC7, 0x3CC7, 0x3CC7, 0x3CC7, 0x3CC7, 0x3CC7, 0x3CC7, 0x3CC7, 
    0x3CC7, 0x3CC7, 0x3CC7, 0x3CC7, 0x3CC7, 0x3CC7, 0x3CC7, 0x3CC7, 0x3CC7, 
    0x3CC7, 0x3CC7, 0x3CC7, 0x3CC7, 0x3CC7, 0x3CC7, 0x3CC7, 0x3CC7, 0x3CC7, 
    0x3CC7, 0x3CC7, 0x3CC7, 0x3CC7, 0x3CC7, 0x3CC7, 0x3CC7, 0x3CC7, 0x3CC7, 
    0x3CC7, 0x3CC7, 0x3CC7, 0x3CC7, 0x3CC7, 0x3CC7, 0x3CC7, 0x3CC7, 0x3CC7, 
    0x3CC7, 0x3CC7, 0x3CC7, 0x3CC7, 0x3CC7, 0x3CC7, 0x3CA0, 0x3CA0, 0x3CA0, 
    0x3CA0, 0x3CA0, 0x3CA0, 0x3CA0, 0x3CA0, 0x3CA0, 0x3CA0, 0x3CA0, 0x3CA0, 
    0x3CA0, 0x3CA0, 0x3CA0, 0x3CA0, 0x3CA0, 0x3CA0, 0x3CA0, 0x3CA0, 0x3CA0, 
    0x3CA0, 0x3CA0, 0x3CA0, 0x3CA0, 0x3CA0, 0x3CA0, 0x514E, 0x514E, 0x3CA0, 
    0x3CA0, 0x3CA0, 0x3CA0, 0x3CA0, 0x3CA0, 0x3CA0, 0x3CA0, 0x3CA0, 0x3CA0, 
    0x3CA0, 0x3CA0, 0x3CA0, 0x3CA0, 0x3CA0, 0x3CA0, 0x3CA0, 0x3CA0, 0x3CA0, 
    0x3CA0, 0x3CC7, 0x3CA0, 0x3CA0, 0x3CA0, 0x3CC7, 0x3CA0, 0x3CA0, 0x3CA0, 
    0x3CC7, 0x3CA0, 0x3CA0, 0x3CA0, 0x3CC7, 0x3CA0, 0x3CA0, 0x3CA0, 0x3CC7, 
    0x3CA0, 0x3CA0, 0x3CA0, 0x3CC7, 0x3CA0, 0x3CA0, 0x3CA0, 0x3CC7, 0x3CA0, 
    0x3CA0, 0x3CA0, 0x3CC7, 0x3CA0, 0x3CA0, 0x3CA0, 0x3CC7, 0x3CA0, 0x3CA0, 
    0x3CA0, 0x3CC7, 0x3CA0, 0x3CA0, 0x3CA0, 0x3CC7, 0x3CA0, 0x5150, 0x514E, 
    0x3CC7, 0x3CA0, 0x3CC7, 0x3CA0, 0x3CC7, 0x3CA0, 0x3CC7, 0x3CA0, 0x3CC7, 
    0x3CA0, 0x3CC7, 0x3CA0, 0x3CC7, 0x3CA0, 0x3CC7, 0x3CA0, 0x3CC7, 0x3CA0, 
    0x3CC7, 0x3CA0, 0x3CC7, 0x3CA0, 0x3CC7, 0x3CA0, 0x3CC7, 0x3CA0, 0x3CC7, 
    0x3CA0, 0x3CC7, 0x3CA0, 0x3CC7, 0x3CA0, 0x3CC7, 0x3CA0, 0x3CC7, 0x3CA0, 
    0x3CC7, 0x3CA0, 0x3CC7, 0x3CA0, 0x3CC7, 0x3CA0, 0x3CC7, 0x3CA0, 0x3CC7, 
    0x3CA0, 0x3CC7, 0x3CA0, 0x3CC7, 0x3CA0, 0x3CC7, 0x3CA0, 0x3CC7, 0x3CA0, 
    0x3CC7, 0x3CA0, 0x3CC7, 0x3CA0, 0x3CC7, 0x3CA0, 0x3CC7, 0x3CA0, 0x5150, 
    0x514E, 0x3CC7, 0x3CA0, 0x3CC7, 0x3CA0, 0x3CC7, 0x3CA0, 0x3CC7, 0x3CA0, 
    0x3CC7, 0x3CA0, 0x3CC7, 0x3CA0, 0x3CC7, 0x3CA0, 0x3CC7, 0x3CA0, 0x3CC7, 
    0x3CA0, 0x3CC7, 0x3CA0, 0x3CC7, 0x3CA0, 0x3CC7, 0x3CA0, 0x3CC7, 0x3CA0, 
    0x3CC7, 0x3CA0, 0x3CC7, 0x3CA0, 0x3CC7, 0x3CA0, 0x3CC7, 0x3CA0, 0x3CC7, 
    0x3CA0, 0x3CC7, 0x3CA0, 0x3CC7, 0x3CA0, 0x3CC7, 0x3CA0, 0x3CC7, 0x3CA0, 
    0x3CC7, 0x3CA0, 0x3CC7, 0x3CA0, 0x3CC7, 0x3CA0, 0x3CC7, 0x3CA0, 0x3CC7, 
    0x3CA0, 0x3CC7, 0x3CA0, 0x3CC7, 0x3CA0, 0x3CC7, 0x3CC7, 0x3CC7, 0x3CA0, 
    0x5150, 0x514E, 0x3CC7, 0x3CA0, 0x3CC7, 0x3CC7, 0x3CC7, 0x3CA0, 0x3CC7, 
    0x3CC7, 0x3CC7, 0x3CA0, 0x3CC7, 0x3CC7, 0x3CC7, 0x3CA0, 0x3CC7, 0x3CC7, 
    0x3CC7, 0x3CA0, 0x3CC7, 0x3CA0, 0x3CA0, 0x3CC7, 0x3CA0, 0x3CA0, 0x3CA0, 
    0x3CC7, 0x3CA0, 0x3CA0, 0x3CA0, 0x3CC7, 0x3CA0, 0x3CA0, 0x3CA0, 0x3CC7, 
    0x3CA0, 0x3CA0, 0x3CA0, 0x3CC7, 0x3CA0, 0x3CA0, 0x3CA0, 0x3CC7, 0x3CA0, 
    0x3CC7, 0x3CA0, 0x3CC7, 0x514E, 0x514E, 0x3CA0, 0x3CC7, 0x3CA0, 0x3CC7, 
    0x3CA0, 0x3CC7, 0x3CA0, 0x3CC7, 0x3CA0, 0x3CC7, 0x3CA0, 0x3CC7, 0x3CA0, 
    0x3CC7, 0x3CA0, 0x3CC7, 0x3CA0, 0x3CC7, 0x3CA0, 0x3CC7, 0x3CA0, 0x3CC7, 
    0x3CA0, 0x3CC7, 0x3CA0, 0x3CC7, 0x3CA0, 0x3CC7, 0x3CA0, 0x3CC7, 0x3CA0, 
    0x3CC7, 0x3CA0, 0x3CC7, 0x3CA0, 0x3CC7, 0x3CA0, 0x3CC7, 0x3CA0, 0x3CC7, 
    0x3CA0, 0x3CC7, 0x3CA0, 0x3CC7, 0x3CA0, 0x3CC7, 0x3CA0, 0x3CC7, 0x3CA0, 
    0x3CC7, 0x3CA0, 0x3CC7, 0x3CA0, 0x3CC7, 0x3CA0, 0x3CC7, 0x3CA0, 0x3CC7, 
    0x3CA0, 0x3CC7, 0x3CA0, 0x3CC7, 0x514E, 0x5150, 0x3CA0, 0x3CC7, 0x3CA0, 
    0x3CC7, 0x3CA0, 0x3CC7, 0x3CA0, 0x3CC7, 0x3CA0, 0x3CC7, 0x3CA0, 0x3CC7, 
    0x3CA0, 0x3CC7, 0x3CA0, 0x3CC7, 0x3CA0, 0x3CC7, 0x3CA0, 0x3CC7, 0x3CA0, 
    0x3CC7, 0x3CA0, 0x3CC7, 0x3CA0, 0x3CC7, 0x3CA0, 0x3CC7, 0x3CA0, 0x3CC7, 
    0x3CA0, 0x3CC7, 0x3CA0, 0x3CC7, 0x3CA0, 0x3CC7, 0x3CA0, 0x3CC7, 0x3CA0, 
    0x3CC7, 0x3CA0, 0x3CC7, 0x3CA0, 0x3CC7, 0x3CA0, 0x3CC7, 0x3CA0, 0x3CC7, 
    0x3CA0, 0x3CC7, 0x3CA0, 0x3CC7, 0x3CA0, 0x3CC7, 0x3CA0, 0x3CC7, 0x3CA0, 
    0x3CC7, 0x3CA0, 0x3CC7, 0x3CA0, 0x3CC7, 0x5150, 0x5150, 0x3CA0, 0x3CC7, 
    0x3CC7, 0x3CC7, 0x3CA0, 0x3CC7, 0x3CC7, 0x3CC7, 0x3CA0, 0x3CC7, 0x3CC7, 
    0x3CC7, 0x3CA0, 0x3CC7, 0x3CC7, 0x3CC7, 0x3CA0, 0x3CC7, 0x3CC7, 0x3CC7, 
    0x3CA0, 0x3CC7, 0x3CC7, 0x3CC7, 0x3CA0, 0x3CC7, 0x3CC7, 0x3CC7, 0x3CA0, 
    0x3CC7, 0x3CC7, 0x3CC7, 0x3CA0, 0x3CC7, 0x3CC7, 0x3CC7, 0x3CC7, 0x3CC7, 
    0x3CC7, 0x3CC7, 0x3CA0, 0x3CC7, 0x3CC7, 0x3CC7, 0x3CC7, 0x3CC7, 0x3CC7, 
    0x3CC7, 0x3CC7, 0x3CC7, 0x3CC7, 0x3CC7, 0x3CC7, 0x3CC7, 0x3CC7, 0x3CC7, 
    0x3CC7, 0x3CC7, 0x3CC7, 0x3CC7, 0x3CC7, 0x3CC7, 0x5150, 0x5150, 0x3CC7, 
    0x3CC7, 0x3CC7, 0x3CC7, 0x3CC7, 0x3CC7, 0x3CC7, 0x3CC7, 0x3CC7, 0x3CC7, 
    0x3CC7, 0x3CC7, 0x3CC7, 0x3CC7, 0x3CC7, 0x3CC7, 0x3CC7, 0x3CC7, 0x3CC7, 
    0x3CA0, 0x3CA0, 0x3CA0, 0x3CA0, 0x3CA0, 0x3CA0, 0x3CA0, 0x3CA0, 0x3CA0, 
    0x3CA0, 0x3CA0, 0x3CA0, 0x3CA0, 0x3CA0, 0x3CA0, 0x3CA0, 0x3CA0, 0x3CA0, 
    0x3CA0, 0x3CA0, 0x3CA0, 0x3CA0, 0x3CA0, 0x3CA0, 0x3CA0, 0x3CA0, 0x3CA0, 
    0x3CA0, 0x3CA0, 0x3CA0, 0x3CA0, 0x3CA0, 0x3CA0, 0x3CA0, 0x3CA0, 0x3CA0, 
    0x3CA0, 0x3CA0, 0x3CA0, 0x3CA0, 0x3CA0, 0x3CA0, 0x4D23, 0x3CA0, 0x3CA0, 
    0x3CA0, 0x3CA0, 0x3CA0, 0x3CA0, 0x4D23, 0x3CA0, 0x3CA0, 0x3CA0, 0x3CA0, 
    0x3CA0, 0x3CA0, 0x3CA0, 0x3CA0, 0x3CA0, 0x3CA0, 0x3CA0, 0x514E, 0x3CA0, 
    0x3CA0, 0x3CA0, 0x3CA0, 0x3CA0, 0x3CC7, 0x3CA0, 0x3CA0, 0x3CA0, 0x3CA0, 
    0x3CA0, 0x3CA0, 0x3CA0, 0x3CC7, 0x3CA0, 0x3CA0, 0x3CA0, 0x3CC7, 0x3CA0, 
    0x3CA0, 0x3CA0, 0x3CC7, 0x3CA0, 0x3CA0, 0x3CA0, 0x3CC7, 0x3CA0, 0x3CA0, 
    0x3CA0, 0x3CC7, 0x3CA0, 0x3CA0, 0x3CA0, 0x3CC7, 0x3CA0, 0x3CA0, 0x3CA0, 
    0x3CC7, 0x3CA0, 0x3CA0, 0x3CA0, 0x3CC7, 0x3CA0, 0x3CC7, 0x4D23, 0x3CC7, 
    0x3CA0, 0x3CA0, 0x3CA0, 0x3CC7, 0x3CA0, 0x4D25, 0x3CA0, 0x3CC7, 0x3CA0, 
    0x3CC7, 0x3CA0, 0x3CC7, 0x3CA0, 0x3CC7, 0x3CA0, 0x3CC7, 0x3CA0, 0x5150, 
    0x3CA0, 0x3CC7, 0x3CA0, 0x3CC7, 0x3CA0, 0x3CC7, 0x3CA0, 0x3CC7, 0x3CA0, 
    0x3CC7, 0x3CA0, 0x3CC7, 0x3CA0, 0x3CC7, 0x3CA0, 0x3CC7, 0x3CA0, 0x3CC7, 
    0x3CA0, 0x3CC7, 0x3CA0, 0x3CC7, 0x3CA0, 0x3CC7, 0x3CA0, 0x3CC7, 0x3CA0, 
    0x3CC7, 0x3CA0, 0x3CC7, 0x3CA0, 0x3CC7, 0x3CA0, 0x3CC7, 0x3CA0, 0x3CC7, 
    0x3CA0, 0x3CC7, 0x3CA0, 0x3CC7, 0x3CA0, 0x3CC7, 0x3CA0, 0x3CC7, 0x4D23, 
    0x3CC7, 0x3CA0, 0x3CC7, 0x3CA0, 0x3CC7, 0x3CA0, 0x4D25, 0x3CA0, 0x3CC7, 
    0x3CA0, 0x3CC7, 0x3CA0, 0x3CC7, 0x3CA0, 0x3CC7, 0x3CA0, 0x3CC7, 0x3CA0, 
    0x5150, 0x3CA0, 0x3CC7, 0x3CA0, 0x3CC7, 0x3CA0, 0x3CC7, 0x3CA0, 0x3CC7, 
    0x3CA0, 0x3CC7, 0x3CA0, 0x3CC7, 0x3CA0, 0x3CC7, 0x3CA0, 0x3CC7, 0x3CA0, 
    0x3CC7, 0x3CA0, 0x3CC7, 0x3CA0, 0x3CC7, 0x3CA0, 0x3CC7, 0x3CA0, 0x3CC7, 
    0x3CA0, 0x3CC7, 0x3CA0, 0x3CC7, 0x3CA0, 0x3CC7, 0x3CA0, 0x3CC7, 0x3CA0, 
    0x3CC7, 0x3CA0, 0x3CC7, 0x3CA0, 0x3CC7, 0x3CA0, 0x3CC7, 0x3CA0, 0x3CC7, 
    0x4D25, 0x3CC7, 0x3CA0, 0x3CC7, 0x3CA0, 0x3CC7, 0x3CC7, 0x3CA0, 0x3CA0, 
    0x3CA0, 0x3CC7, 0x3CA0, 0x3CC7, 0x3CA0, 0x3CC7, 0x3CA0, 0x3CA0, 0x3CA0, 
    0x3CC7, 0x3CA0, 0x3CC7, 0x3CA0, 0x3CC7, 0x3CA0, 0x3CC7, 0x3CA0, 0x3CC7, 
    0x3CA0, 0x3CC7, 0x3CA0, 0x3CC7, 0x3CA0, 0x3CC7, 0x3CA0, 0x3CC7, 0x3CA0, 
    0x3CC7, 0x3CA0, 0x3CC7, 0x3CA0, 0x3CC7, 0x3CA0, 0x3CC7, 0x3CA0, 0x3CC7, 
    0x3CA0, 0x3CC7, 0x3CA0, 0x3CC7, 0x5987, 0x3CC7, 0x61C8, 0x61CA, 0x3CA0, 
    0x59A8, 0x3CA0, 0x3CC7, 0x3CA0, 0x3CC7, 0x3CA0, 0x3CC7, 0x3CA0, 0x3CC7, 
    0x3CA0, 0x3CC7, 0x3CA0, 0x5150, 0x3CA0, 0x3CC7, 0x3CA0, 0x3CC7, 0x3CA0, 
    0x3CC7, 0x3CA0, 0x3CC7, 0x3CA0, 0x3CC7, 0x3CA0, 0x3CC7, 0x3CA0, 0x3CC7, 
    0x3CA0, 0x3CC7, 0x3CA0, 0x3CC7, 0x3CA0, 0x3CC7, 0x3CA0, 0x3CC7, 0x3CA0, 
    0x3CC7, 0x3CA0, 0x3CC7, 0x3CA0, 0x3CC7, 0x3CA0, 0x3CC7, 0x3CA0, 0x3CC7, 
    0x3CA0, 0x3CC7, 0x3CA0, 0x3CC7, 0x3CA0, 0x3CC7, 0x3CA0, 0x3CC7, 0x3CA0, 
    0x3CC7, 0x3CA0, 0x3CC7, 0x3CA0, 0x3CC7, 0x5987, 0x3CC7, 0x61C8, 0x61CA, 
    0x3CA0, 0x59A8, 0x3CA0, 0x3CC7, 0x3CA0, 0x3CC7, 0x3CA0, 0x3CC7, 0x3CA0, 
    0x3CC7, 0x3CA0, 0x3CC7, 0x3CA0, 0x5150, 0x3CA0, 0x3CC7, 0x3CA0, 0x3CC7, 
    0x3CA0, 0x3CC7, 0x3CA0, 0x3CC7, 0x3CC7, 0x3CC7, 0x3CA0, 0x3CC7, 0x3CA0, 
    0x3CC7, 0x3CA0, 0x3CC7, 0x3CC7, 0x3CC7, 0x3CA0, 0x3CC7, 0x3CC7, 0x3CC7, 
    0x3CA0, 0x3CC7, 0x3CC7, 0x3CC7, 0x3CA0, 0x3CC7, 0x3CC7, 0x3CC7, 0x3CA0, 
    0x3CC7, 0x3CC7, 0x3CC7, 0x3CA0, 0x3CC7, 0x3CC7, 0x3CC7, 0x3CA0, 0x3CC7, 
    0x3CC7, 0x3CC7, 0x3CA0, 0x3CC7, 0x3CC7, 0x3CC7, 0x5987, 0x3CC7, 0x61CA, 
    0x61CA, 0x3CC7, 0x59A8, 0x3CC7, 0x3CC7, 0x3CA0, 0x3CC7, 0x3CC7, 0x3CC7, 
    0x3CC7, 0x3CC7, 0x3CC7, 0x3CC7, 0x3CC7, 0x5150, 0x3CC7, 0x3CC7, 0x3CC7, 
    0x3CC7, 0x3CC7, 0x3CC7, 0x3CC7, 0x3CC7, 0x3CC7, 0x3CC7, 0x3CC7, 0x3CC7, 
    0x3CC7, 0x3CC7, 0x3CC7, 0x3CC7, 0x3CC7, 0x3CC7, 0x3CC7, 0x3CC7, 0x3CC7, 
    0x3CC7, 0x3CC7, 0x3CC7, 0x3CC7, 0x3CC7, 0x3CC7, 0x3CC7, 0x3CC7, 0x3CC7, 
    0x3CC7, 0x3CC7, 0x3CC7, 0x3CC7, 0x3CC7, 0x3CC7, 0x3CC7, 0x3CC7, 0x3CC7, 
    0x3CC7, 0x3CC7, 0x3CC7, 0x3CC7, 0x3CC7, 0x3CC7, 0x3CC7, 0x59A8, 0x3CC7, 
    0x61CA, 0x61CA, 0x3CC7, 0x3CA0, 0x3CA0, 0x3CA0, 0x3CA0, 0x3CA0, 0x3CA0, 
    0x3CA0, 0x3CA0, 0x3CA0, 0x3CA0, 0x3CA0, 0x3CA0, 0x3CA0, 0x3CA0, 0x3CA0, 
    0x3CA0, 0x3CA0, 0x3CA0, 0x3CA0, 0x3CA0, 0x3CA0, 0x3CA0, 0x3CA0, 0x3CA0, 
    0x3CA0, 0x3CA0, 0x3CA0, 0x3CA0, 0x3CA0, 0x3CA0, 0x3CA0, 0x3CA0, 0x3CA0, 
    0x3CA0, 0x3CA0, 0x3CA0, 0x3CA0, 0x3CA0, 0x3CA0, 0x3CA0, 0x3CA0, 0x3CA0, 
    0x3CA0, 0x3CA0, 0x6A0A, 0x6E4D, 0x724C, 0x6A0A, 0x3CA0, 0x3CA0, 0x3CA0, 
    0x3CA0, 0x3CA0, 0x3CC7, 0x3CA0, 0x3CA0, 0x3CA0, 0x3CC7, 0x3CA0, 0x5D93, 
    0x3CA0, 0x3CC7, 0x3CA0, 0x3CA0, 0x3CA0, 0x3CC7, 0x3CA0, 0x3CA0, 0x3CA0, 
    0x3CC7, 0x3CA0, 0x3CA0, 0x3CA0, 0x3CC7, 0x3CA0, 0x3CA0, 0x3CA0, 0x3CC7, 
    0x3CA0, 0x3CA0, 0x3CA0, 0x3CC7, 0x3CA0, 0x3CA0, 0x3CA0, 0x3CC7, 0x3CA0, 
    0x3CC7, 0x3CA0, 0x3CC7, 0x3CA0, 0x3CA0, 0x3CA0, 0x3CC7, 0x3CA0, 0x3CC7, 
    0x3CA0, 0x3CC7, 0x3CA0, 0x3CC7, 0x3CA0, 0x3CC7, 0x3CA0, 0x3CC7, 0x3CA0, 
    0x3CC7, 0x3CA0, 0x3CC7, 0x6A0A, 0x6E4D, 0x724C, 0x6A0C, 0x3CA0, 0x3CC7, 
    0x3CA0, 0x3CC7, 0x3CA0, 0x3CC7, 0x3CA0, 0x3CC7, 0x3CA0, 0x3CC7, 0x3CA0, 
    0x5D94, 0x3CA0, 0x3CC7, 0x3CA0, 0x3CC7, 0x3CA0, 0x3CC7, 0x3CA0, 0x3CC7, 
    0x3CA0, 0x3CC7, 0x3CA0, 0x3CC7, 0x3CA0, 0x3CC7, 0x3CA0, 0x3CC7, 0x3CA0, 
    0x3CC7, 0x3CA0, 0x3CC7, 0x3CA0, 0x3CC7, 0x3CA0, 0x3CC7, 0x3CA0, 0x3CC7, 
    0x3CA0, 0x3CC7, 0x3CA0, 0x3CC7, 0x3CA0, 0x3CC7, 0x3CA0, 0x3CC7, 0x3CA0, 
    0x3CC7, 0x3CA0, 0x3CC7, 0x3CA0, 0x3CC7, 0x3CA0, 0x3CC7, 0x3CA0, 0x3CC7, 
    0x3CA0, 0x3CC7, 0x3CA0, 0x3CC7, 0x6A0A, 0x6E4D, 0x724C, 0x6A0C, 0x3CA0, 
    0x3CC7, 0x3CA0, 0x3CC7, 0x3CA0, 0x3CC7, 0x3CA0, 0x3CC7, 0x3CA0, 0x3CC7, 
    0x3CA0, 0x5D94, 0x3CA0, 0x3CC7, 0x3CA0, 0x3CC7, 0x3CA0, 0x3CC7, 0x3CA0, 
    0x3CC7, 0x3CA0, 0x3CC7, 0x3CA0, 0x3CC7, 0x3CA0, 0x3CC7, 0x3CA0, 0x3CC7, 
    0x3CA0, 0x3CC7, 0x3CA0, 0x3CC7, 0x3CA0, 0x3CC7, 0x3CA0, 0x3CC7, 0x3CA0, 
    0x3CC7, 0x3CA0, 0x3CC7, 0x3CA0, 0x3CC7, 0x3CA0, 0x3CC7, 0x3CC7, 0x3CC7, 
    0x3CA0, 0x3CC7, 0x3CA0, 0x3CC7, 0x3CA0, 0x3CC7, 0x3CC7, 0x3CC7, 0x3CA0, 
    0x3CC7, 0x3CC7, 0x3CC7, 0x3CA0, 0x3CC7, 0x6A0C, 0x6E4D, 0x724C, 0x6A0C, 
    0x4257, 0x3CA0, 0x3CC7, 0x3CA0, 0x3CA0, 0x3CA0, 0x3CC7, 0x3CA0, 0x3CA0, 
    0x3CA0, 0x3CC7, 0x3CA0, 0x3CA0, 0x3CA0, 0x3CC7, 0x3CA0, 0x3CA0, 0x3CA0, 
    0x3CC7, 0x3CA0, 0x3CA0, 0x3CA0, 0x3CC7, 0x3CA0, 0x3CA0, 0x3CA0, 0x3CC7, 
    0x3CA0, 0x3CC7, 0x3CA0, 0x3CC7, 0x3CA0, 0x3CA0, 0x3CA0, 0x3CC7, 0x3CA0, 
    0x3CC7, 0x3CA0, 0x3CC7, 0x3CA0, 0x3CC7, 0x3CA0, 0x3CC7, 0x61C8, 0x6E4D, 
    0x7310, 0x7312, 0x724C, 0x61CA, 0x3CA0, 0x3CC7, 0x3CA0, 0x3CC7, 0x3CA0, 
    0x3CC7, 0x3CA0, 0x3CC7, 0x3CA0, 0x3CC7, 0x3CA0, 0x3CC7, 0x3CA0, 0x3CC7, 
    0x3CA0, 0x4278, 0x3CA0, 0x3CC7, 0x3CA0, 0x3CC7, 0x3CA0, 0x3CC7, 0x3CA0, 
    0x3CC7, 0x3CA0, 0x3CC7, 0x3CA0, 0x3CC7, 0x3CA0, 0x3CC7, 0x3CA0, 0x3CC7, 
    0x3CA0, 0x3CC7, 0x3CA0, 0x3CC7, 0x3CA0, 0x3CC7, 0x3CA0, 0x3CC7, 0x3CA0, 
    0x3CC7, 0x3CA0, 0x3CC7, 0x3CA0, 0x3CC7, 0x3CA0, 0x3CC7, 0x3CA0, 0x3CC7, 
    0x3CA0, 0x3CC7, 0x3CA0, 0x3CC7, 0x3CA0, 0x3CC7, 0x3CA0, 0x3CC7, 0x61C8, 
    0x6E4D, 0x7310, 0x7312, 0x724C, 0x61CA, 0x3CA0, 0x3CC7, 0x3CA0, 0x3CC7, 
    0x3CA0, 0x3CC7, 0x3CA0, 0x3CC7, 0x3CA0, 0x3CC7, 0x3CA0, 0x3CC7, 0x3CA0, 
    0x3CC7, 0x3CA0, 0x4278, 0x3CA0, 0x3CC7, 0x3CA0, 0x3CC7, 0x3CA0, 0x3CC7, 
    0x3CA0, 0x3CC7, 0x3CA0, 0x3CC7, 0x3CA0, 0x3CC7, 0x3CA0, 0x3CC7, 0x3CA0, 
    0x3CC7, 0x3CA0, 0x3CC7, 0x3CA0, 0x3CC7, 0x3CA0, 0x3CC7, 0x3CC7, 0x3CC7, 
    0x3CA0, 0x3CC7, 0x3CA0, 0x3CC7, 0x3CA0, 0x3CC7, 0x3CC7, 0x3CC7, 0x3CA0, 
    0x3CC7, 0x3CC7, 0x3CC7, 0x3CA0, 0x3CC7, 0x3CC7, 0x3CC7, 0x3CA0, 0x3CC7, 
    0x61CA, 0x6E4D, 0x7310, 0x7312, 0x6E4D, 0x61CA, 0x3CA0, 0x3CC7, 0x3CC7, 
    0x3CC7, 0x3CA0, 0x3CC7, 0x3CC7, 0x3CC7, 0x3CA0, 0x3CC7, 0x3CC7, 0x3CC7, 
    0x3CA0, 0x3CC7, 0x3CC7, 0x4278, 0x3CA0, 0x3CC7, 0x3CC7, 0x3CC7, 0x3CC7, 
    0x3CC7, 0x3CC7, 0x3CC7, 0x3CA0, 0x3CC7, 0x3CC7, 0x3CC7, 0x3CC7, 0x3CC7, 
    0x3CC7, 0x3CC7, 0x3CC7, 0x3CC7, 0x3CC7, 0x3CC7, 0x3CC7, 0x3CC7, 0x3CC7, 
    0x3CC7, 0x3CC7, 0x3CC7, 0x3CC7, 0x3CC7, 0x3CC7, 0x3CC7, 0x3CC7, 0x3CC7, 
    0x3CC7, 0x3CC7, 0x3CC7, 0x3CC7, 0x3CC7, 0x3CC7, 0x3CC7, 0x3CC7, 0x3CC7, 
    0x3CC7, 0x61CA, 0x6E4D, 0x7312, 0x7312, 0x6E4D, 0x3CA0, 0x3CA0, 0x3CA0, 
    0x3CA0, 0x3CA0, 0x3CA0, 0x3CA0, 0x3CA0, 0x3CA0, 0x3CA0, 0x3CA0, 0x3CA0, 
    0x3CA0, 0x3CA0, 0x3CA0, 0x3CA0, 0x3CA0, 0x3CA0, 0x3CA0, 0x3CA0, 0x3CA0, 
    0x3CA0, 0x3CA0, 0x3CA0, 0x3CA0, 0x3CA0, 0x3CA0, 0x3CA0, 0x3CA0, 0x3CA0, 
    0x3CA0, 0x3CA0, 0x3CA0, 0x3CA0, 0x3CA0, 0x3CA0, 0x3CA0, 0x3CA0, 0x3CA0, 
    0x3CA0, 0x3CA0, 0x3CA0, 0x3CA0, 0x61C8, 0x724C, 0x7310, 0x7310, 0x724C, 
    0x61C8, 0x3CA0, 0x3CA0, 0x3CA0, 0x3CA0, 0x3CA0, 0x3CA0, 0x3CA0, 0x3CA0, 
    0x5D93, 0x3CA0, 0x3CA0, 0x3CA0, 0x3CA0, 0x3CA0, 0x3CA0, 0x3CA0, 0x3CA0, 
    0x3CA0, 0x3CA0, 0x3CA0, 0x3CA0, 0x3CA0, 0x3CC7, 0x3CA0, 0x3CA0, 0x3CA0, 
    0x3CC7, 0x3CA0, 0x3CA0, 0x3CA0, 0x3CC7, 0x3CA0, 0x3CA0, 0x3CA0, 0x3CC7, 
    0x3CA0, 0x3CA0, 0x3CA0, 0x3CC7, 0x3CA0, 0x3CA0, 0x3CA0, 0x3CC7, 0x3CA0, 
    0x3CA0, 0x3CA0, 0x3CC7, 0x3CA0, 0x3CA0, 0x3CA0, 0x3CC7, 0x3CA0, 0x3CA0, 
    0x3CA0, 0x3CC7, 0x3CA0, 0x3CA0, 0x3CA0, 0x61CA, 0x724C, 0x7312, 0x7310, 
    0x6E4D, 0x61C8, 0x3CA0, 0x3CA0, 0x3CC7, 0x3CA0, 0x3CC7, 0x3CA0, 0x3CC7, 
    0x3CA0, 0x5D94, 0x3CA0, 0x3CC7, 0x3CA0, 0x3CC7, 0x3CA0, 0x3CC7, 0x3CA0, 
    0x3CC7, 0x3CA0, 0x3CC7, 0x3CA0, 0x3CC7, 0x3CA0, 0x3CC7, 0x3CA0, 0x3CC7, 
    0x3CA0, 0x3CC7, 0x3CA0, 0x3CC7, 0x3CA0, 0x3CC7, 0x3CA0, 0x3CC7, 0x3CA0, 
    0x3CC7, 0x3CA0, 0x3CC7, 0x3CA0, 0x3CC7, 0x3CA0, 0x3CC7, 0x3CA0, 0x3CC7, 
    0x3CA0, 0x3CC7, 0x3CA0, 0x3CC7, 0x3CA0, 0x3CC7, 0x3CA0, 0x3CC7, 0x3CA0, 
    0x3CC7, 0x3CA0, 0x3CC7, 0x3CA0, 0x3CC7, 0x3CA0, 0x61CA, 0x724C, 0x7312, 
    0x7310, 0x6E4D, 0x61C8, 0x3CC7, 0x3CA0, 0x3CC7, 0x3CA0, 0x3CC7, 0x3CA0, 
    0x3CC7, 0x3CA0, 0x5D94, 0x3CA0, 0x3CC7, 0x3CA0, 0x3CC7, 0x3CA0, 0x3CC7, 
    0x3CA0, 0x3CC7, 0x3CA0, 0x3CC7, 0x3CA0, 0x3CC7, 0x3CA0, 0x3CC7, 0x3CA0, 
    0x3CC7, 0x3CA0, 0x3CC7, 0x3CA0, 0x3CC7, 0x3CA0, 0x3CC7, 0x3CA0, 0x3CC7, 
    0x3CA0, 0x3CC7, 0x3CA0, 0x3CC7, 0x3CA0, 0x3CC7, 0x3CA0, 0x3CC7, 0x3CA0, 
    0x3CC7, 0x3CA0, 0x3CC7, 0x3CA0, 0x3CC7, 0x3CA0, 0x3CC7, 0x3CA0, 0x3CC7, 
    0x3CA0, 0x3CC7, 0x3CA0, 0x3CC7, 0x3CA0, 0x3CC7, 0x3CA0, 0x61CA, 0x724C, 
    0x7312, 0x7312, 0x6E4D, 0x3CC7, 0x3CA0, 0x3CC7, 0x3CA0, 0x3CC7, 0x3CA0, 
    0x3CC7, 0x3CA0, 0x3CC7, 0x3CA0, 0x3CC7, 0x3CA0, 0x3CC7, 0x3CA0, 0x3CC7, 
    0x3CA0, 0x3CC7, 0x3CA0, 0x3CC7, 0x3CA0, 0x3CC7, 0x3CA0, 0x3CC7, 0x3CA0, 
    0x3CC7, 0x3CA0, 0x3CC7, 0x3CA0, 0x3CC7, 0x3CA0, 0x3CC7, 0x3CA0, 0x3CC7, 
    0x3CA0, 0x3CC7, 0x3CA0, 0x3CC7, 0x3CA0, 0x3CC7, 0x3CA0, 0x3CC7, 0x3CA0, 
    0x3CC7, 0x3CA0, 0x6A0C, 0x724C, 0x6E4D, 0x6A0A, 0x3CC7, 0x3CA0, 0x3CC7, 
    0x3CA0, 0x3CC7, 0x3CA0, 0x3CC7, 0x3CA0, 0x69D9, 0x3CA0, 0x3CC7, 0x3CA0, 
    0x3CC7, 0x3CA0, 0x3CC7, 0x3CA0, 0x3CC7, 0x3CA0, 0x3CC7, 0x3CA0, 0x3CC7, 
    0x3CA0, 0x3CC7, 0x3CA0, 0x3CC7, 0x3CA0, 0x3CC7, 0x3CA0, 0x3CC7, 0x3CA0, 
    0x3CC7, 0x3CA0, 0x3CC7, 0x3CA0, 0x3CC7, 0x3CA0, 0x3CC7, 0x3CA0, 0x3CC7, 
    0x3CA0, 0x3CC7, 0x3CA0, 0x3CC7, 0x3CA0, 0x3CC7, 0x3CA0, 0x3CC7, 0x3CA0, 
    0x3CC7, 0x3CA0, 0x3CC7, 0x3CA0, 0x3CC7, 0x3CA0, 0x3CC7, 0x3CA0, 0x3CC7, 
    0x3CA0, 0x3CC7, 0x3CA0, 0x6A0C, 0x724C, 0x6E4D, 0x6A0A, 0x3CC7, 0x3CA0, 
    0x3CC7, 0x3CA0, 0x3CC7, 0x3CA0, 0x3CC7, 0x3CA0, 0x69D9, 0x3CA0, 0x3CC7, 
    0x3CA0, 0x3CC7, 0x3CA0, 0x3CC7, 0x3CA0, 0x3CC7, 0x3CC7, 0x3CC7, 0x3CA0, 
    0x3CC7, 0x3CC7, 0x3CC7, 0x3CA0, 0x3CC7, 0x3CC7, 0x3CC7, 0x3CA0, 0x3CC7, 
    0x3CC7, 0x3CC7, 0x3CA0, 0x3CC7, 0x3CC7, 0x3CC7, 0x3CA0, 0x3CC7, 0x3CC7, 
    0x3CC7, 0x3CA0, 0x3CC7, 0x3CC7, 0x3CC7, 0x3CA0, 0x3CC7, 0x3CC7, 0x3CC7, 
    0x3CA0, 0x3CC7, 0x3CC7, 0x3CC7, 0x3CA0, 0x3CC7, 0x3CC7, 0x3CC7, 0x3CA0, 
    0x3CC7, 0x3CC7, 0x3CC7, 0x3CC7, 0x6A0C, 0x6E4D, 0x6E4D, 0x6A0C, 0x3CC7, 
    0x3CC7, 0x3CC7, 0x3CC7, 0x3CC7, 0x3CC7, 0x3CC7, 0x3CC7, 0x69D9, 0x3CC7, 
    0x3CC7, 0x3CC7, 0x3CC7, 0x3CC7, 0x3CC7, 0x3CC7, 0x3CC7, 0x3CC7, 0x3CC7, 
    0x3CC7, 0x3CC7, 0x3CC7, 0x3CC7, 0x3CC7, 0x3CC7, 0x3CC7, 0x3CC7, 0x3CC7, 
    0x3CC7, 0x3CC7, 0x3CC7, 0x3CC7, 0x3CC7, 0x3CC7, 0x3CC7, 0x3CC7, 0x3CC7, 
    0x3CC7, 0x3CC7, 0x3CC7, 0x3CC7, 0x3CC7, 0x3CC7, 0x3CC7, 0x3CC7, 0x3CC7, 
    0x3CC7, 0x3CC7, 0x3CC7, 0x3CC7, 0x3CC7, 0x3CC7, 0x3CC7, 0x3CC7, 0x3CC7, 
    0x3CC7, 0x3CC7, 0x3CC7, 0x3CC7, 0x3CC7, 0x6A0C, 0x6E4D, 0x6E4D, 0x6A0C, 
    0x3CA0, 0x3CA0, 0x3CA0, 0x3CA0, 0x3CA0, 0x3CA0, 0x3CA0, 0x3CA0, 0x3CA0, 
    0x3CA0, 0x3CA0, 0x3CA0, 0x3CA0, 0x3CA0, 0x3CA0, 0x3CA0, 0x3CA0, 0x3CA0, 
    0x3CA0, 0x3CA0, 0x3CA0, 0x3CA0, 0x3CA0, 0x3CA0, 0x3CA0, 0x3CA0, 0x3CA0, 
    0x3CA0, 0x3CA0, 0x3CA0, 0x3CA0, 0x3CA0, 0x3CA0, 0x3CA0, 0x3CA0, 0x3CA0, 
    0x3CA0, 0x3CA0, 0x3CA0, 0x3CA0, 0x3CA0, 0x3CC7, 0x3CA0, 0x5987, 0x3CA0, 
    0x61C8, 0x61C8, 0x3CA0, 0x5987, 0x3CC7, 0x3CA0, 0x3CA0, 0x3CA0, 0x3CC7, 
    0x3CA0, 0x5D93, 0x3CA0, 0x3CC7, 0x3CA0, 0x3CA0, 0x3CA0, 0x3CC7, 0x3CA0, 
    0x3CA0, 0x3CA0, 0x3CC7, 0x3CA0, 0x3CA0, 0x3CA0, 0x3CC7, 0x3CA0, 0x3CA0, 
    0x3CA0, 0x3CC7, 0x3CA0, 0x3CA0, 0x3CA0, 0x3CC7, 0x3CA0, 0x3CA0, 0x3CA0, 
    0x3CC7, 0x3CA0, 0x3CC7, 0x3CA0, 0x3CC7, 0x3CA0, 0x3CA0, 0x3CA0, 0x3CC7, 
    0x3CA0, 0x3CC7, 0x3CA0, 0x3CC7, 0x3CA0, 0x3CC7, 0x3CA0, 0x3CC7, 0x3CA0, 
    0x3CC7, 0x3CA0, 0x3CC7, 0x3CA0, 0x3CC7, 0x3CA0, 0x3CC7, 0x3CA0, 0x59A8, 
    0x3CA0, 0x61CA, 0x61C8, 0x3CC7, 0x5987, 0x3CC7, 0x3CA0, 0x3CC7, 0x3CA0, 
    0x3CC7, 0x3CA0, 0x5D94, 0x3CA0, 0x3CC7, 0x3CA0, 0x3CC7, 0x3CA0, 0x3CC7, 
    0x3CA0, 0x3CC7, 0x3CA0, 0x3CC7, 0x3CA0, 0x3CC7, 0x3CA0, 0x3CC7, 0x3CA0, 
    0x3CC7, 0x3CA0, 0x3CC7, 0x3CA0, 0x3CC7, 0x3CA0, 0x3CC7, 0x3CA0, 0x3CC7, 
    0x3CA0, 0x3CC7, 0x3CA0, 0x3CC7, 0x3CA0, 0x3CC7, 0x3CA0, 0x3CC7, 0x3CA0, 
    0x3CC7, 0x3CA0, 0x3CC7, 0x3CA0, 0x3CC7, 0x3CA0, 0x3CC7, 0x3CA0, 0x3CC7, 
    0x3CA0, 0x3CC7, 0x3CA0, 0x3CC7, 0x3CA0, 0x3CC7, 0x3CA0, 0x3CC7, 0x3CA0, 
    0x59A8, 0x3CA0, 0x61CA, 0x61C8, 0x3CC7, 0x5987, 0x3CC7, 0x3CA0, 0x3CC7, 
    0x3CA0, 0x3CC7, 0x3CA0, 0x5D94, 0x3CA0, 0x3CC7, 0x3CA0, 0x3CC7, 0x3CA0, 
    0x3CC7, 0x3CA0, 0x3CC7, 0x3CA0, 0x3CC7, 0x3CA0, 0x3CC7, 0x3CA0, 0x3CC7, 
    0x3CA0, 0x3CC7, 0x3CA0, 0x3CC7, 0x3CA0, 0x3CC7, 0x3CA0, 0x3CC7, 0x3CA0, 
    0x3CC7, 0x3CC7, 0x3CC7, 0x3CA0, 0x3CC7, 0x3CA0, 0x3CC7, 0x3CA0, 0x3CC7, 
    0x3CC7, 0x3CC7, 0x3CA0, 0x3CC7, 0x3CC7, 0x3CC7, 0x3CA0, 0x3CC7, 0x3CC7, 
    0x3CC7, 0x3CA0, 0x3CC7, 0x3CC7, 0x3CC7, 0x3CA0, 0x3CC7, 0x3CC7, 0x3CC7, 
    0x3CA0, 0x59A8, 0x3CC7, 0x61CA, 0x61C8, 0x3CC7, 0x3CA0, 0x3CA0, 0x3CC7, 
    0x3CA0, 0x3CA0, 0x3CA0, 0x3CC7, 0x3CA0, 0x3CA0, 0x3CA0, 0x3CC7, 0x3CA0, 
    0x3CA0, 0x3CA0, 0x3CC7, 0x3CA0, 0x3CC7, 0x3CA0, 0x3CC7, 0x3CA0, 0x3CA0, 
    0x3CA0, 0x3CC7, 0x3CA0, 0x3CC7, 0x3CA0, 0x3CC7, 0x3CA0, 0x3CC7, 0x3CA0, 
    0x3CC7, 0x3CA0, 0x3CC7, 0x3CA0, 0x3CC7, 0x3CA0, 0x3CC7, 0x3CA0, 0x3CC7, 
    0x3CA0, 0x3CC7, 0x3CA0, 0x4D25, 0x3CA0, 0x3CC7, 0x3CA0, 0x3CC7, 0x3CA0, 
    0x3CC7, 0x4D23, 0x3CC7, 0x3CA0, 0x3CC7, 0x3CA0, 0x69D9, 0x3CA0, 0x3CC7, 
    0x3CA0, 0x3CC7, 0x3CA0, 0x3CC7, 0x3CA0, 0x3CC7, 0x3CA0, 0x3CC7, 0x3CA0, 
    0x3CC7, 0x3CA0, 0x3CC7, 0x3CA0, 0x3CC7, 0x3CA0, 0x3CC7, 0x3CA0, 0x3CC7, 
    0x3CA0, 0x3CC7, 0x3CA0, 0x3CC7, 0x3CA0, 0x3CC7, 0x3CA0, 0x3CC7, 0x3CA0, 
    0x3CC7, 0x3CA0, 0x3CC7, 0x3CA0, 0x3CC7, 0x3CA0, 0x3CC7, 0x3CA0, 0x3CC7, 
    0x3CA0, 0x3CC7, 0x3CA0, 0x3CC7, 0x3CA0, 0x3CC7, 0x3CA0, 0x3CC7, 0x3CA0, 
    0x3CC7, 0x3CA0, 0x3CC7, 0x3CA0, 0x4D25, 0x3CA0, 0x3CC7, 0x3CA0, 0x3CC7, 
    0x3CA0, 0x3CC7, 0x4D23, 0x3CC7, 0x3CA0, 0x3CC7, 0x3CA0, 0x69D9, 0x3CA0, 
    0x3CC7, 0x3CA0, 0x3CC7, 0x3CA0, 0x3CC7, 0x3CA0, 0x3CC7, 0x3CA0, 0x3CC7, 
    0x3CA0, 0x3CC7, 0x3CA0, 0x3CC7, 0x3CA0, 0x3CC7, 0x3CA0, 0x3CC7, 0x3CA0, 
    0x3CC7, 0x3CA0, 0x3CC7, 0x3CA0, 0x3CC7, 0x3CA0, 0x3CC7, 0x3CA0, 0x3CC7, 
    0x3CC7, 0x3CC7, 0x3CA0, 0x3CC7, 0x3CA0, 0x3CC7, 0x3CA0, 0x3CC7, 0x3CC7, 
    0x3CC7, 0x3CA0, 0x3CC7, 0x3CC7, 0x3CC7, 0x3CA0, 0x3CC7, 0x3CC7, 0x3CC7, 
    0x3CA0, 0x3CC7, 0x3CC7, 0x3CC7, 0x3CA0, 0x4D25, 0x3CC7, 0x3CC7, 0x3CA0, 
    0x3CC7, 0x3CC7, 0x3CC7, 0x4D23, 0x3CC7, 0x3CC7, 0x3CC7, 0x3CA0, 0x69D9, 
    0x3CC7, 0x3CC7, 0x3CC7, 0x3CC7, 0x3CC7, 0x3CC7, 0x3CA0, 0x3CC7, 0x3CC7, 
    0x3CC7, 0x3CC7, 0x3CC7, 0x3CC7, 0x3CC7, 0x3CC7, 0x3CC7, 0x3CC7, 0x3CC7, 
    0x3CC7, 0x3CC7, 0x3CC7, 0x3CC7, 0x3CC7, 0x3CC7, 0x3CC7, 0x3CC7, 0x3CC7, 
    0x3CC7, 0x3CC7, 0x3CC7, 0x3CC7, 0x3CC7, 0x3CC7, 0x3CC7, 0x3CC7, 0x3CC7, 
    0x3CC7, 0x3CC7, 0x3CC7, 0x3CC7, 0x3CC7, 0x3CC7, 0x3CC7, 0x3CC7, 0x3CC7, 
    0x3CC7, 0x3CC7, 0x3CC7, 0x3CC7, 0x3CC7, 0x3CC7, 0x4D25, 0x3CC7, 0x3CC7, 
    0x3CC7, 0x3CC7, 0x3CC7, 0x3CA0, 0x3CA0, 0x3CA0, 0x3CA0, 0x3CA0, 0x3CA0, 
    0x3CA0, 0x3CA0, 0x3CA0, 0x3CA0, 0x3CA0, 0x3CA0, 0x3CA0, 0x3CA0, 0x3CA0, 
    0x3CA0, 0x3CA0, 0x3CA0, 0x3CA0, 0x3CA0, 0x3CA0, 0x3CA0, 0x3CA0, 0x3CA0, 
    0x3CA0, 0x3CA0, 0x3CA0, 0x3CA0, 0x3CA0, 0x3CA0, 0x3CA0, 0x3CA0, 0x3CA0, 
    0x3CA0, 0x3CA0, 0x3CA0, 0x3CA0, 0x3CA0, 0x3CA0, 0x3CA0, 0x3CA0, 0x3CA0, 
    0x3CA0, 0x3CA0, 0x3CA0, 0x3CA0, 0x3CA0, 0x3CA0, 0x3CA0, 0x3CA0, 0x3CA0, 
    0x3CA0, 0x69D7, 0x69D7, 0x3CA0, 0x3CA0, 0x3CA0, 0x3CA0, 0x3CA0, 0x3CC7, 
    0x3CA0, 0x3CA0, 0x3CA0, 0x3CA0, 0x3CA0, 0x3CA0, 0x3CA0, 0x3CC7, 0x3CA0, 
    0x3CA0, 0x3CA0, 0x3CC7, 0x3CA0, 0x3CA0, 0x3CA0, 0x3CC7, 0x3CA0, 0x3CA0, 
    0x3CA0, 0x3CC7, 0x3CA0, 0x3CA0, 0x3CA0, 0x3CC7, 0x3CA0, 0x3CA0, 0x3CA0, 
    0x3CC7, 0x3CA0, 0x3CA0, 0x3CA0, 0x3CC7, 0x3CA0, 0x3CA0, 0x3CA0, 0x3CC7, 
    0x3CA0, 0x3CA0, 0x3CA0, 0x3CC7, 0x3CA0, 0x3CA0, 0x3CA0, 0x3CC7, 0x3CA0, 
    0x3CC7, 0x3CA0, 0x3CC7, 0x3CA0, 0x3CA0, 0x3CA0, 0x3CC7, 0x3CA0, 0x3CC7, 
    0x3CA0, 0x3CC7, 0x69D7, 0x69D9, 0x3CA0, 0x3CC7, 0x3CA0, 0x3CC7, 0x3CA0, 
    0x3CC7, 0x3CA0, 0x3CC7, 0x3CA0, 0x3CC7, 0x3CA0, 0x3CC7, 0x3CA0, 0x3CC7, 
    0x3CA0, 0x3CC7, 0x3CA0, 0x3CC7, 0x3CA0, 0x3CC7, 0x3CA0, 0x3CC7, 0x3CA0, 
    0x3CC7, 0x3CA0, 0x3CC7, 0x3CA0, 0x3CC7, 0x3CA0, 0x3CC7, 0x3CA0, 0x3CC7, 
    0x3CA0, 0x3CC7, 0x3CA0, 0x3CC7, 0x3CA0, 0x3CC7, 0x3CA0, 0x3CC7, 0x3CA0, 
    0x3CC7, 0x3CA0, 0x3CC7, 0x3CA0, 0x3CC7, 0x3CA0, 0x3CC7, 0x3CA0, 0x3CC7, 
    0x3CA0, 0x3CC7, 0x3CA0, 0x3CC7, 0x3CA0, 0x3CC7, 0x3CA0, 0x3CC7, 0x3CA0, 
    0x3CC7, 0x3CA0, 0x3CC7, 0x69D7, 0x69D9, 0x3CA0, 0x3CC7, 0x3CA0, 0x3CC7, 
    0x3CA0, 0x3CC7, 0x3CA0, 0x3CC7, 0x3CA0, 0x3CC7, 0x3CA0, 0x3CC7, 0x3CA0, 
    0x3CC7, 0x3CA0, 0x3CC7, 0x3CA0, 0x3CC7, 0x3CA0, 0x3CC7, 0x3CA0, 0x3CC7, 
    0x3CA0, 0x3CC7, 0x3CA0, 0x3CC7, 0x3CA0, 0x3CC7, 0x3CA0, 0x3CC7, 0x3CA0, 
    0x3CC7, 0x3CA0, 0x3CC7, 0x3CA0, 0x3CC7, 0x3CA0, 0x3CC7, 0x3CA0, 0x3CC7, 
    0x3CA0, 0x3CC7, 0x3CA0, 0x3CC7, 0x3CC7, 0x3CC7, 0x3CA0, 0x3CC7, 0x3CA0, 
    0x3CC7, 0x3CA0, 0x3CC7, 0x3CC7, 0x3CC7, 0x3CA0, 0x3CC7, 0x3CC7, 0x3CC7, 
    0x3CC7, 0x3CA0, 0x3CA0, 0x3CA0, 0x3CC7, 0x3CA0, 0x3CC7, 0x3CA0, 0x3CC7, 
    0x3CA0, 0x3CC7, 0x3CA0, 0x3CC7, 0x3CA0, 0x3CC7, 0x3CA0, 0x3CC7, 0x3CA0, 
    0x3CC7, 0x3CA0, 0x3CC7, 0x3CA0, 0x3CC7, 0x3CA0, 0x3CC7, 0x3CA0, 0x3CC7, 
    0x3CA0, 0x3CC7, 0x3CA0, 0x3CC7, 0x3CA0, 0x3CC7, 0x3CA0, 0x3CC7, 0x3CA0, 
    0x3CC7, 0x3CA0, 0x3CC7, 0x3CA0, 0x3CC7, 0x3CA0, 0x3CC7, 0x3CA0, 0x3CC7, 
    0x3CA0, 0x3CC7, 0x3CA0, 0x3CC7, 0x3CA0, 0x3CC7, 0x6739, 0x673A, 0x69D7, 
    0x3CC7, 0x3CA0, 0x3CC7, 0x3CA0, 0x3CC7, 0x3CA0, 0x3CC7, 0x3CA0, 0x3CC7, 
    0x3CA0, 0x3CC7, 0x3CA0, 0x3CC7, 0x3CA0, 0x3CC7, 0x3CA0, 0x3CC7, 0x3CA0, 
    0x3CC7, 0x3CA0, 0x3CC7, 0x3CA0, 0x3CC7, 0x3CA0, 0x3CC7, 0x3CA0, 0x3CC7, 
    0x3CA0, 0x3CC7, 0x3CA0, 0x3CC7, 0x3CA0, 0x3CC7, 0x3CA0, 0x3CC7, 0x3CA0, 
    0x3CC7, 0x3CA0, 0x3CC7, 0x3CA0, 0x3CC7, 0x3CA0, 0x3CC7, 0x3CA0, 0x3CC7, 
    0x3CA0, 0x3CC7, 0x3CA0, 0x3CC7, 0x3CA0, 0x3CC7, 0x3CA0, 0x3CC7, 0x3CA0, 
    0x3CC7, 0x3CA0, 0x3CC7, 0x3CA0, 0x3CC7, 0x3CA0, 0x3CC7, 0x6739, 0x673A, 
    0x69D7, 0x3CC7, 0x3CA0, 0x3CC7, 0x3CA0, 0x3CC7, 0x3CA0, 0x3CC7, 0x3CC7, 
    0x3CC7, 0x3CA0, 0x3CC7, 0x3CA0, 0x3CC7, 0x3CA0, 0x3CC7, 0x3CC7, 0x3CC7, 
    0x3CA0, 0x3CC7, 0x3CC7, 0x3CC7, 0x3CA0, 0x3CC7, 0x3CC7, 0x3CC7, 0x3CA0, 
    0x3CC7, 0x3CC7, 0x3CC7, 0x3CA0, 0x3CC7, 0x3CC7, 0x3CC7, 0x3CA0, 0x3CC7, 
    0x3CC7, 0x3CC7, 0x3CA0, 0x3CC7, 0x3CC7, 0x3CC7, 0x3CA0, 0x3CC7, 0x3CC7, 
    0x3CC7, 0x3CA0, 0x3CC7, 0x3CC7, 0x3CC7, 0x3CC7, 0x3CC7, 0x3CC7, 0x3CC7, 
    0x3CA0, 0x3CC7, 0x3CC7, 0x3CC7, 0x3CC7, 0x3CC7, 0x3CC7, 0x3CC7, 0x673A, 
    0x673A, 0x69D9, 0x3CC7, 0x3CC7, 0x3CC7, 0x3CC7, 0x3CC7, 0x3CC7, 0x3CC7, 
    0x3CC7, 0x3CC7, 0x3CC7, 0x3CC7, 0x3CC7, 0x3CC7, 0x3CC7, 0x3CC7, 0x3CC7, 
    0x3CC7, 0x3CC7, 0x3CC7, 0x3CC7, 0x3CC7, 0x3CC7, 0x3CC7, 0x3CC7, 0x3CC7, 
    0x3CC7, 0x3CC7, 0x3CC7, 0x3CC7, 0x3CC7, 0x3CC7, 0x3CC7, 0x3CC7, 0x3CC7, 
    0x3CC7, 0x3CC7, 0x3CC7, 0x3CC7, 0x3CC7, 0x3CC7, 0x3CC7, 0x3CC7, 0x3CC7, 
    0x3CC7, 0x3CC7, 0x3CC7, 0x3CC7, 0x3CC7, 0x3CC7, 0x3CC7, 0x3CC7, 0x3CC7, 
    0x3CC7, 0x3CC7, 0x3CC7, 0x3CC7, 0x3CC7, 0x3CC7, 0x3CA0, 0x3CA0, 0x3CA0, 
    0x3CA0, 0x3CA0, 0x3CA0, 0x3CA0, 0x3CA0, 0x3CA0, 0x3CA0, 0x3CA0, 0x3CA0, 
    0x3CA0, 0x3CA0, 0x3CA0, 0x3CA0, 0x3CA0, 0x3CA0, 0x3CA0, 0x3CA0, 0x3CA0, 
    0x3CA0, 0x3CA0, 0x3CA0, 0x3CA0, 0x3CA0, 0x3CA0, 0x3CA0, 0x3CA0, 0x3CA0, 
    0x3CA0, 0x3CA0, 0x3CA0, 0x3CA0, 0x3CA0, 0x3CA0, 0x31B5, 0x3CA0, 0x3CA0, 
    0x3CA0, 0x3CA0, 0x3CA0, 0x3CA0, 0x3CA0, 0x3CA0, 0x3CC7, 0x3CA0, 0x3CA0, 
    0x3CA0, 0x3CA0, 0x3CA0, 0x5B19, 0x5B19, 0x3CC7, 0x3CA0, 0x3CA0, 0x3CA0, 
    0x3CC7, 0x3CA0, 0x3CA0, 0x3CA0, 0x3CC7, 0x3CA0, 0x3CA0, 0x3CA0, 0x3CC7, 
    0x3CA0, 0x3CA0, 0x3CA0, 0x3CC7, 0x3CA0, 0x3CA0, 0x3CA0, 0x3CC7, 0x3CA0, 
    0x3CA0, 0x3CA0, 0x3CC7, 0x3CA0, 0x3CA0, 0x3CA0, 0x3CC7, 0x3CA0, 0x3CA0, 
    0x3CA0, 0x3CC7, 0x3CA0, 0x3CC7, 0x3CA0, 0x3CC7, 0x3CA0, 0x3CA0, 0x3CA0, 
    0x3CC7, 0x3CA0, 0x3CC7, 0x3CA0, 0x3CC7, 0x3CA0, 0x3CC7, 0x31B5, 0x3CC7, 
    0x3CA0, 0x3CC7, 0x3CA0, 0x3CC7, 0x3CA0, 0x3CC7, 0x3CA0, 0x3CC7, 0x3CA0, 
    0x3CC7, 0x3CA0, 0x3CC7, 0x3CA0, 0x5B1A, 0x5B19, 0x3CC7, 0x3CA0, 0x3CC7, 
    0x3CA0, 0x3CC7, 0x3CA0, 0x3CC7, 0x3CA0, 0x3CC7, 0x3CA0, 0x3CC7, 0x3CA0, 
    0x3CC7, 0x3CA0, 0x3CC7, 0x3CA0, 0x3CC7, 0x3CA0, 0x3CC7, 0x3CA0, 0x3CC7, 
    0x3CA0, 0x3CC7, 0x3CA0, 0x3CC7, 0x3CA0, 0x3CC7, 0x3CA0, 0x3CC7, 0x3CA0, 
    0x3CC7, 0x3CA0, 0x3CC7, 0x3CA0, 0x3CC7, 0x3CA0, 0x3CC7, 0x3CA0, 0x3CC7, 
    0x3CA0, 0x3CC7, 0x3CA0, 0x3CC7, 0x3CA0, 0x3CC7, 0x3CA0, 0x3CC7, 0x31B5, 
    0x3CC7, 0x3CA0, 0x3CC7, 0x3CA0, 0x3CC7, 0x3CA0, 0x3CC7, 0x3CA0, 0x3CC7, 
    0x3CA0, 0x3CC7, 0x3CA0, 0x3CC7, 0x3CA0, 0x5B1A, 0x5B19, 0x3CC7, 0x3CA0, 
    0x3CC7, 0x3CA0, 0x3CC7, 0x3CA0, 0x3CC7, 0x3CA0, 0x3CC7, 0x3CA0, 0x3CC7, 
    0x3CA0, 0x3CC7, 0x3CA0, 0x3CC7, 0x3CA0, 0x3CC7, 0x3CA0, 0x3CC7, 0x3CA0, 
    0x3CC7, 0x3CA0, 0x3CC7, 0x3CA0, 0x3CC7, 0x3CA0, 0x3CC7, 0x3CA0, 0x3CC7, 
    0x3CA0, 0x3CC7, 0x3CC7, 0x3CC7, 0x3CA0, 0x3CC7, 0x3CA0, 0x3CC7, 0x3CA0, 
    0x3CC7, 0x3CC7, 0x3CC7, 0x3CA0, 0x3CC7, 0x3CC7, 0x3CC7, 0x3CA0, 0x3CC7, 
    0x31B6, 0x3CC7, 0x3CA0, 0x3CC7, 0x3CC7, 0x3CC7, 0x3CA0, 0x3CC7, 0x3CC7, 
    0x3CC7, 0x3CA0, 0x3CC7, 0x3CA0, 0x3CA0, 0x3CC7, 0x3CA0, 0x3CA0, 0x3CA0, 
    0x3CC7, 0x3CA0, 0x3CA0, 0x3CA0, 0x3CC7, 0x3CA0, 0x3CA0, 0x3CA0, 0x3CC7, 
    0x3CA0, 0x3CA0, 0x3CA0, 0x3CC7, 0x3CA0, 0x3CC7, 0x4257, 0x3CC7, 0x3CA0, 
    0x3CA0, 0x3CA0, 0x3CC7, 0x3CA0, 0x3CC7, 0x3CA0, 0x3CC7, 0x3CA0, 0x3CC7, 
    0x3CA0, 0x3CC7, 0x3CA0, 0x3CC7, 0x3CA0, 0x3CC7, 0x3CA0, 0x3CC7, 0x3CA0, 
    0x3CC7, 0x3CA0, 0x3CC7, 0x3CA0, 0x3CC7, 0x3CA0, 0x3CC7, 0x3CA0, 0x3CC7, 
    0x3CA0, 0x3CC7, 0x3CA0, 0x3CC7, 0x3CA0, 0x3CC7, 0x3CA0, 0x3CC7, 0x3CA0, 
    0x3CC7, 0x3CA0, 0x3CC7, 0x3CA0, 0x3CC7, 0x3CA0, 0x3CC7, 0x3CA0, 0x3CC7, 
    0x3CA0, 0x3CC7, 0x3CA0, 0x3CC7, 0x3CA0, 0x3CC7, 0x3CA0, 0x3CC7, 0x3CA0, 
    0x3CC7, 0x3CA0, 0x3CC7, 0x3CA0, 0x3CC7, 0x3CA0, 0x3CC7, 0x4257, 0x3CC7, 
    0x3CA0, 0x3CC7, 0x3CA0, 0x3CC7, 0x3CA0, 0x3CC7, 0x3CA0, 0x3CC7, 0x3CA0, 
    0x3CC7, 0x3CA0, 0x3CC7, 0x3CA0, 0x3CC7, 0x3CA0, 0x3CC7, 0x3CA0, 0x3CC7, 
    0x3CA0, 0x3CC7, 0x3CA0, 0x3CC7, 0x3CA0, 0x3CC7, 0x3CA0, 0x3CC7, 0x3CA0, 
    0x3CC7, 0x3CA0, 0x3CC7, 0x3CA0, 0x3CC7, 0x3CA0, 0x3CC7, 0x3CA0, 0x3CC7, 
    0x3CA0, 0x3CC7, 0x3CA0, 0x3CC7, 0x3CA0, 0x3CC7, 0x3CA0, 0x3CC7, 0x3CA0, 
    0x3CC7, 0x3CA0, 0x3CC7, 0x3CA0, 0x3CC7, 0x3CA0, 0x3CC7, 0x3CA0, 0x3CC7, 
    0x3CA0, 0x3CC7, 0x3CA0, 0x3CC7, 0x3CA0, 0x3CC7, 0x3CA0, 0x3CC7, 0x4257, 
    0x3CC7, 0x3CC7, 0x3CC7, 0x3CA0, 0x3CC7, 0x3CC7, 0x3CC7, 0x3CA0, 0x3CC7, 
    0x3CC7, 0x3CC7, 0x3CA0, 0x3CC7, 0x3CC7, 0x3CC7, 0x3CA0, 0x3CC7, 0x3CC7, 
    0x3CC7, 0x3CA0, 0x3CC7, 0x3CC7, 0x3CC7, 0x3CA0, 0x3CC7, 0x3CC7, 0x3CC7, 
    0x3CA0, 0x3CC7, 0x3CC7, 0x3CC7, 0x3CA0, 0x3CC7, 0x3CC7, 0x3CC7, 0x3CA0, 
    0x3CC7, 0x3CC7, 0x3CC7, 0x3CC7, 0x3CC7, 0x3CC7, 0x3CC7, 0x3CA0, 0x3CC7, 
    0x3CC7, 0x3CC7, 0x3CC7, 0x3CC7, 0x3CC7, 0x3CC7, 0x3CC7, 0x3CC7, 0x3CC7, 
    0x3CC7, 0x3CC7, 0x3CC7, 0x3CC7, 0x3CC7, 0x3CC7, 0x3CC7, 0x3CC7, 0x3CC7, 
    0x4278, 0x3CC7, 0x3CC7, 0x3CC7, 0x3CC7, 0x3CC7, 0x3CC7, 0x3CC7, 0x3CC7, 
    0x3CC7, 0x3CC7, 0x3CC7, 0x3CC7, 0x3CC7, 0x3CC7, 0x3CC7, 0x3CC7, 0x3CC7, 
    0x3CC7, 0x3CC7, 0x3CC7, 0x3CC7, 0x3CC7, 0x3CC7, 0x3CC7, 0x3CC7, 0x3CC7, 
    0x3CA0, 0x3CA0, 0x3CA0, 0x3CA0, 0x3CA0, 0x3CA0, 0x3CA0, 0x3CA0, 0x3CA0, 
    0x3CA0, 0x3CA0, 0x3CA0, 0x3CA0, 0x3CA0, 0x3CA0, 0x3CA0, 0x3CA0, 0x3CA0, 
    0x3CA0, 0x3CA0, 0x3CA0, 0x3CA0, 0x3CA0, 0x3CA0, 0x3CA0, 0x3CA0, 0x3CA0, 
    0x3CA0, 0x3CA0, 0x3CA0, 0x3CA0, 0x3CA0, 0x3CA0, 0x3CA0, 0x3CA0, 0x3CA0, 
    0x3A16, 0x3CA0, 0x3CA0, 0x3CA0, 0x3CA0, 0x3CA0, 0x3CA0, 0x3CA0, 0x3CA0, 
    0x3CA0, 0x3CA0, 0x3CA0, 0x3CA0, 0x3CA0, 0x3CA0, 0x3CA0, 0x3CA0, 0x3CA0, 
    0x3CA0, 0x3CA0, 0x3CA0, 0x3CA0, 0x3CA0, 0x3CA0, 0x3CA0, 0x3CA0, 0x3CA0, 
    0x3CC7, 0x3CA0, 0x3CA0, 0x3CA0, 0x3CA0, 0x3CA0, 0x3CA0, 0x3CA0, 0x3CC7, 
    0x3CA0, 0x3CA0, 0x3CA0, 0x3CC7, 0x3CA0, 0x3CA0, 0x3CA0, 0x3CC7, 0x3CA0, 
    0x3CA0, 0x3CA0, 0x3CC7, 0x3CA0, 0x3CA0, 0x3CA0, 0x3CC7, 0x3CA0, 0x3CA0, 
    0x3CA0, 0x3CC7, 0x3CA0, 0x3CA0, 0x3CA0, 0x3CC7, 0x3CA0, 0x3CA0, 0x3CA0, 
    0x3CC7, 0x3A16, 0x3CA0, 0x3CA0, 0x3CC7, 0x3CA0, 0x3CA0, 0x3CA0, 0x3CC7, 
    0x3CA0, 0x3CC7, 0x3CA0, 0x3CC7, 0x3CA0, 0x3CC7, 0x3CA0, 0x3CC7, 0x3CA0, 
    0x3CC7, 0x3CA0, 0x3CC7, 0x3CA0, 0x3CC7, 0x3CA0, 0x3CC7, 0x3CA0, 0x3CC7, 
    0x3CA0, 0x3CC7, 0x3CA0, 0x3CC7, 0x3CA0, 0x3CC7, 0x3CA0, 0x3CC7, 0x3CA0, 
    0x3CC7, 0x3CA0, 0x3CC7, 0x3CA0, 0x3CC7, 0x3CA0, 0x3CC7, 0x3CA0, 0x3CC7, 
    0x3CA0, 0x3CC7, 0x3CA0, 0x3CC7, 0x3CA0, 0x3CC7, 0x3CA0, 0x3CC7, 0x3CA0, 
    0x3CC7, 0x3CA0, 0x3CC7, 0x3CA0, 0x3CC7, 0x3CA0, 0x3CC7, 0x3CA0, 0x3CC7, 
    0x3CA0, 0x3CC7, 0x3A16, 0x3CC7, 0x3CA0, 0x3CC7, 0x3CA0, 0x3CC7, 0x3CA0, 
    0x3CC7, 0x3CA0, 0x3CC7, 0x3CA0, 0x3CC7, 0x3CA0, 0x3CC7, 0x3CA0, 0x3CC7, 
    0x3CA0, 0x3CC7, 0x3CA0, 0x3CC7, 0x3CA0, 0x3CC7, 0x3CA0, 0x3CC7, 0x3CA0, 
    0x3CC7, 0x3CA0, 0x3CC7, 0x3CA0, 0x3CC7, 0x3CA0, 0x3CC7, 0x3CA0, 0x3CC7, 
    0x3CA0, 0x3CC7, 0x3CA0, 0x3CC7, 0x3CA0, 0x3CC7, 0x3CA0, 0x3CC7, 0x3CA0, 
    0x3CC7, 0x3CA0, 0x3CC7, 0x3CA0, 0x3CC7, 0x3CA0, 0x3CC7, 0x3CA0, 0x3CC7, 
    0x3CA0, 0x3CC7, 0x3CA0, 0x3CC7, 0x3CA0, 0x3CC7, 0x3CA0, 0x3CC7, 0x3CA0, 
    0x3CC7, 0x3CA0, 0x3CC7, 0x3A16, 0x3CC7, 0x3CC7, 0x3CC7, 0x3CA0, 0x3CC7, 
    0x3CA0, 0x3CC7, 0x3CA0, 0x3CC7, 0x3CC7, 0x3CC7, 0x3CC7, 0x3CA0, 0x3CC7, 
    0x3CA0, 0x3CC7, 0x3CA0, 0x3CC7, 0x3CA0, 0x3CC7, 0x3CA0, 0x3CC7, 0x3CA0, 
    0x3CC7, 0x3CA0, 0x3CC7, 0x3CA0, 0x3CC7, 0x3CA0, 0x3CC7, 0x3CA0, 0x3CC7, 
    0x3CA0, 0x3CC7, 0x3CA0, 0x3CC7, 0x3CA0, 0x3CC7, 0x3CA0, 0x3CC7, 0x3CA0, 
    0x3CC7, 0x3CA0, 0x3CC7, 0x3CA0, 0x3CC7, 0x3CA0, 0x4278, 0x3CA0, 0x3CC7, 
    0x3CA0, 0x3CC7, 0x3CA0, 0x3CC7, 0x3CA0, 0x3CC7, 0x3CA0, 0x3CC7, 0x3CA0, 
    0x3CC7, 0x3CA0, 0x3CC7, 0x3CA0, 0x3CC7, 0x3CA0, 0x3CC7, 0x3CA0, 0x3CC7, 
    0x3CA0, 0x3CC7, 0x3CA0, 0x3CC7, 0x3CA0, 0x69D9, 0x3CA0, 0x3CC7, 0x3CA0, 
    0x3CC7, 0x3CA0, 0x3CC7, 0x3CA0, 0x3CC7, 0x3CA0, 0x3CC7, 0x3CA0, 0x3CC7, 
    0x3CA0, 0x3CC7, 0x3CA0, 0x3CC7, 0x3CA0, 0x3CC7, 0x3CA0, 0x3CC7, 0x3CA0, 
    0x3CC7, 0x3CA0, 0x3CC7, 0x3CA0, 0x3CC7, 0x3CA0, 0x3CC7, 0x3CA0, 0x3CC7, 
    0x3CA0, 0x3CC7, 0x3CA0, 0x3CC7, 0x3CA0, 0x3CC7, 0x3CA0, 0x4278, 0x3CA0, 
    0x3CC7, 0x3CA0, 0x3CC7, 0x3CA0, 0x3CC7, 0x3CA0, 0x3CC7, 0x3CA0, 0x3CC7, 
    0x3CA0, 0x3CC7, 0x3CA0, 0x3CC7, 0x3CA0, 0x3CC7, 0x3CA0, 0x3CC7, 0x3CA0, 
    0x3CC7, 0x3CC7, 0x3CC7, 0x3CA0, 0x3CC7, 0x3CA0, 0x69D9, 0x3CA0, 0x3CC7, 
    0x3CC7, 0x3CC7, 0x3CA0, 0x3CC7, 0x3CC7, 0x3CC7, 0x3CA0, 0x3CC7, 0x3CC7, 
    0x3CC7, 0x3CA0, 0x3CC7, 0x3CC7, 0x3CC7, 0x3CA0, 0x3CC7, 0x3CC7, 0x3CC7, 
    0x3CA0, 0x3CC7, 0x3CC7, 0x3CC7, 0x3CA0, 0x3CC7, 0x3CC7, 0x3CC7, 0x3CA0, 
    0x3CC7, 0x3CC7, 0x3CC7, 0x3CA0, 0x3CC7, 0x3CC7, 0x3CC7, 0x3CC7, 0x4278, 
    0x3CC7, 0x3CC7, 0x3CA0, 0x3CC7, 0x3CC7, 0x3CC7, 0x3CC7, 0x3CC7, 0x3CC7, 
    0x3CC7, 0x3CC7, 0x3CC7, 0x3CC7, 0x3CC7, 0x3CC7, 0x3CC7, 0x3CC7, 0x3CC7, 
    0x3CC7, 0x3CC7, 0x3CC7, 0x3CC7, 0x3CC7, 0x3CC7, 0x3CC7, 0x69D9, 0x3CC7, 
    0x3CC7, 0x3CC7, 0x3CC7, 0x3CC7, 0x3CC7, 0x3CC7, 0x3CC7, 0x3CC7, 0x3CC7, 
    0x3CC7, 0x3CC7, 0x3CC7, 0x3CC7, 0x3CC7, 0x3CC7, 0x3CC7, 0x3CC7, 0x3CC7, 
    0x3CC7, 0x3CC7, 0x3CC7, 0x3CC7, 0x3CC7, 0x3CC7, 0x3CC7, 0x3CC7, 0x3CC7, 
    0x3CC7, 0x3CC7, 0x3CC7, 0x3CC7, 0x3CC7, 0x3CC7, 0x3CC7, 0x3CC7, 0x3CC7, 
    0x4278, 0x3CC7, 0x3CC7, 0x3CC7, 0x3CC7, 0x3CC7, 0x3CC7, 0x3CC7, 0x3CC7, 
    0x3CC7, 0x3CC7, 0x3CC7, 0x3CA0, 0x5EAB, 0x5EAB, 0x3CA0, 0x3CA0, 0x3CA0, 
    0x3CA0, 0x3CA0, 0x3CA0, 0x3CA0, 0x3CA0, 0x3CA0, 0x3CA0, 0x3CA0, 0x3CA0, 
    0x3CA0, 0x3CA0, 0x3CA0, 0x3CA0, 0x3CA0, 0x3CA0, 0x3CA0, 0x3CA0, 0x3CA0, 
    0x3CA0, 0x3CA0, 0x3CA0, 0x3CA0, 0x3CA0, 0x3CA0, 0x3CA0, 0x3CA0, 0x3CA0, 
    0x3CC7, 0x3CA0, 0x3CA0, 0x4AB8, 0x3CA0, 0x3CA0, 0x3CA0, 0x3CA0, 0x3CC7, 
    0x3CA0, 0x3CA0, 0x3CA0, 0x3CC7, 0x3CA0, 0x3CA0, 0x3CA0, 0x3CC7, 0x3CA0, 
    0x3CA0, 0x3CA0, 0x3CC7, 0x3CA0, 0x3CA0, 0x3CA0, 0x3CC7, 0x3CA0, 0x3CA0, 
    0x3CA0, 0x3CC7, 0x3CA0, 0x3CA0, 0x3CA0, 0x5ECC, 0x5EAB, 0x3CA0, 0x3CA0, 
    0x3CC7, 0x3CA0, 0x3CA0, 0x3CA0, 0x3CC7, 0x3CA0, 0x3CC7, 0x3CA0, 0x3CC7, 
    0x3CA0, 0x3CA0, 0x3CA0, 0x3CC7, 0x3CA0, 0x3CC7, 0x3CA0, 0x3CC7, 0x3CA0, 
    0x3CC7, 0x3CA0, 0x3CC7, 0x3CA0, 0x3CC7, 0x3CA0, 0x3CC7, 0x3CA0, 0x3CC7, 
    0x3CA0, 0x3CC7, 0x3CA0, 0x3CC7, 0x4AB8, 0x3CC7, 0x3CA0, 0x3CC7, 0x3CA0, 
    0x3CC7, 0x3CA0, 0x3CC7, 0x3CA0, 0x3CC7, 0x3CA0, 0x3CC7, 0x3CA0, 0x3CC7, 
    0x3CA0, 0x3CC7, 0x3CA0, 0x3CC7, 0x3CA0, 0x3CC7, 0x3CA0, 0x3CC7, 0x3CA0, 
    0x3CC7, 0x3CA0, 0x3CC7, 0x3CA0, 0x3CC7, 0x3CA0, 0x5ECC, 0x5EAB, 0x3CC7, 
    0x3CA0, 0x3CC7, 0x3CA0, 0x3CC7, 0x3CA0, 0x3CC7, 0x3CA0, 0x3CC7, 0x3CA0, 
    0x3CC7, 0x3CA0, 0x3CC7, 0x3CA0, 0x3CC7, 0x3CA0, 0x3CC7, 0x3CA0, 0x3CC7, 
    0x3CA0, 0x3CC7, 0x3CA0, 0x3CC7, 0x3CA0, 0x3CC7, 0x3CA0, 0x3CC7, 0x3CA0, 
    0x3CC7, 0x3CA0, 0x3CC7, 0x3CA0, 0x3CC7, 0x4AB8, 0x3CC7, 0x3CA0, 0x3CC7, 
    0x3CA0, 0x3CC7, 0x3CA0, 0x3CC7, 0x3CA0, 0x3CC7, 0x3CA0, 0x3CC7, 0x3CA0, 
    0x3CC7, 0x3CA0, 0x3CC7, 0x3CA0, 0x3CC7, 0x3CA0, 0x3CC7, 0x3CA0, 0x3CC7, 
    0x3CA0, 0x3CC7, 0x3CA0, 0x3CC7, 0x3CA0, 0x3CC7, 0x3CA0, 0x5ECC, 0x5EAB, 
    0x3CC7, 0x3CA0, 0x3CC7, 0x3CA0, 0x3CC7, 0x3CA0, 0x3CC7, 0x3CA0, 0x3CC7, 
    0x3CA0, 0x3CC7, 0x3CA0, 0x3CC7, 0x3CC7, 0x3CC7, 0x3CA0, 0x3CC7, 0x3CC7, 
    0x3CC7, 0x3CA0, 0x3CC7, 0x3CC7, 0x3CC7, 0x3CA0, 0x3CC7, 0x3CC7, 0x3CC7, 
    0x3CA0, 0x3CC7, 0x3CC7, 0x3CC7, 0x3CA0, 0x3CC7, 0x4AB9, 0x3CC7, 0x3CA0, 
    0x3CC7, 0x3CC7, 0x3CC7, 0x3CA0, 0x3CC7, 0x3CC7, 0x3CC7, 0x3CA0, 0x3CC7, 
    0x3CA0, 0x5EAB, 0x5ECC, 0x3CA0, 0x3CA0, 0x3CA0, 0x3CC7, 0x3CA0, 0x3CA0, 
    0x3CA0, 0x3CC7, 0x3CA0, 0x3CA0, 0x3CA0, 0x3CC7, 0x3CA0, 0x3CC7, 0x3CA0, 
    0x3CC7, 0x3CA0, 0x3CC7, 0x3CA0, 0x3CC7, 0x3CA0, 0x3CC7, 0x3CA0, 0x3CC7, 
    0x3CA0, 0x3CC7, 0x3CA0, 0x3CC7, 0x3CA0, 0x3CC7, 0x3CA0, 0x3CC7, 0x3CA0, 
    0x531A, 0x3CA0, 0x3CC7, 0x3CA0, 0x3CC7, 0x3CA0, 0x3CC7, 0x3CA0, 0x3CC7, 
    0x3CA0, 0x3CC7, 0x3CA0, 0x3CC7, 0x3CA0, 0x3CC7, 0x3CA0, 0x3CC7, 0x3CA0, 
    0x3CC7, 0x3CA0, 0x3CC7, 0x3CA0, 0x3CC7, 0x3CA0, 0x3CC7, 0x3CA0, 0x3CC7, 
    0x3CA0, 0x3CC7, 0x5EAB, 0x5ECC, 0x3CA0, 0x3CC7, 0x3CA0, 0x3CC7, 0x3CA0, 
    0x3CC7, 0x3CA0, 0x3CC7, 0x3CA0, 0x3CC7, 0x3CA0, 0x3CC7, 0x3CA0, 0x3CC7, 
    0x3CA0, 0x3CC7, 0x3CA0, 0x3CC7, 0x3CA0, 0x3CC7, 0x3CA0, 0x3CC7, 0x3CA0, 
    0x3CC7, 0x3CA0, 0x3CC7, 0x3CA0, 0x3CC7, 0x3CA0, 0x3CC7, 0x3CA0, 0x3CC7, 
    0x3CA0, 0x531A, 0x3CA0, 0x3CC7, 0x3CA0, 0x3CC7, 0x3CA0, 0x3CC7, 0x3CA0, 
    0x3CC7, 0x3CA0, 0x3CC7, 0x3CA0, 0x3CC7, 0x3CA0, 0x3CC7, 0x3CA0, 0x3CC7, 
    0x3CA0, 0x3CC7, 0x3CA0, 0x3CC7, 0x3CA0, 0x3CC7, 0x3CA0, 0x3CC7, 0x3CA0, 
    0x3CC7, 0x3CA0, 0x3CC7, 0x5EAB, 0x5ECC, 0x3CA0, 0x3CC7, 0x3CA0, 0x3CC7, 
    0x3CA0, 0x3CC7, 0x3CA0, 0x3CC7, 0x3CC7, 0x3CC7, 0x3CA0, 0x3CC7, 0x3CA0, 
    0x3CC7, 0x3CA0, 0x3CC7, 0x3CC7, 0x3CC7, 0x3CA0, 0x3CC7, 0x3CC7, 0x3CC7, 
    0x3CA0, 0x3CC7, 0x3CC7, 0x3CC7, 0x3CA0, 0x3CC7, 0x3CC7, 0x3CC7, 0x3CA0, 
    0x3CC7, 0x3CC7, 0x531A, 0x3CA0, 0x3CC7, 0x3CC7, 0x3CC7, 0x3CA0, 0x3CC7, 
    0x3CC7, 0x3CC7, 0x3CA0, 0x3CC7, 0x3CC7, 0x3CC7, 0x3CA0, 0x3CC7, 0x3CC7, 
    0x3CC7, 0x3CA0, 0x3CC7, 0x3CC7, 0x3CC7, 0x3CC7, 0x3CC7, 0x3CC7, 0x3CC7, 
    0x3CA0, 0x3CC7, 0x3CC7, 0x3CC7, 0x5ECC, 0x5ECC, 0x3CC7, 0x3CC7, 0x3CC7, 
    0x3CC7, 0x3CC7, 0x3CC7, 0x3CC7, 0x3CC7, 0x3CC7, 0x3CC7, 0x3CC7, 0x3CC7, 
    0x3CC7, 0x3CC7, 0x3CC7, 0x3CC7, 0x3CC7, 0x3CC7, 0x3CC7, 0x3CC7, 0x3CC7, 
    0x3CC7, 0x3CC7, 0x3CC7, 0x3CC7, 0x3CC7, 0x3CC7, 0x3CC7, 0x3CC7, 0x3CC7, 
    0x3CC7, 0x3CC7, 0x3CC7, 0x531A, 0x3CC7, 0x3CC7, 0x3CC7, 0x3CC7, 0x3CC7, 
    0x3CC7, 0x3CC7, 0x3CC7, 0x3CC7, 0x3CC7, 0x3CC7, 0x3CA0, 0x3CA0, 0x3CA0, 
    0x3CA0, 0x3CA0, 0x3CA0, 0x3CA0, 0x3CA0, 0x3CA0, 0x3CA0, 0x3CA0, 0x3CA0, 
    0x3CA0, 0x3CA0, 0x3CA0, 0x69D7, 0x3CA0, 0x3CA0, 0x3CA0, 0x3CA0, 0x3CA0, 
    0x3CA0, 0x3CA0, 0x3CA0, 0x3CA0, 0x3CA0, 0x3CA0, 0x3CA0, 0x3CA0, 0x3CA0, 
    0x3CA0, 0x3CA0, 0x3CA0, 0x3A16, 0x4AB8, 0x5318, 0x5F18, 0x5318, 0x4AB8, 
    0x3CA0, 0x3A16, 0x3CA0, 0x3CA0, 0x3CA0, 0x3CA0, 0x3CA0, 0x3CA0, 0x3CA0, 
    0x3CA0, 0x3CA0, 0x3CA0, 0x3CC7, 0x3CA0, 0x3CA0, 0x3CA0, 0x3CA0, 0x3CA0, 
    0x3CA0, 0x3CA0, 0x3CC7, 0x3CA0, 0x3CA0, 0x3CA0, 0x3CC7, 0x3CA0, 0x3CA0, 
    0x3CA0, 0x3CC7, 0x3CA0, 0x3CA0, 0x3CA0, 0x3CC7, 0x3CA0, 0x3CA0, 0x3CA0, 
    0x3CC7, 0x3CA0, 0x3CA0, 0x3CA0, 0x69D9, 0x3CA0, 0x3CA0, 0x3CA0, 0x3CC7, 
    0x3CA0, 0x3CA0, 0x3CA0, 0x3CC7, 0x3CA0, 0x3CA0, 0x3CA0, 0x3CC7, 0x3CA0, 
    0x3CA0, 0x3CA0, 0x3CC7, 0x3CA0, 0x3A17, 0x4AB8, 0x531A, 0x5F18, 0x5318, 
    0x4AB8, 0x3CC7, 0x3A16, 0x3CC7, 0x3CA0, 0x3CC7, 0x3CA0, 0x3CC7, 0x3CA0, 
    0x3CC7, 0x3CA0, 0x3CC7, 0x3CA0, 0x3CC7, 0x3CA0, 0x3CC7, 0x3CA0, 0x3CC7, 
    0x3CA0, 0x3CC7, 0x3CA0, 0x3CC7, 0x3CA0, 0x3CC7, 0x3CA0, 0x3CC7, 0x3CA0, 
    0x3CC7, 0x3CA0, 0x3CC7, 0x3CA0, 0x3CC7, 0x3CA0, 0x3CC7, 0x3CA0, 0x3CC7, 
    0x3CA0, 0x3CC7, 0x3CA0, 0x3CC7, 0x3CA0, 0x69D9, 0x3CA0, 0x3CC7, 0x3CA0, 
    0x3CC7, 0x3CA0, 0x3CC7, 0x3CA0, 0x3CC7, 0x3CA0, 0x3CC7, 0x3CA0, 0x3CC7, 
    0x3CA0, 0x3CC7, 0x3CA0, 0x3CC7, 0x3CA0, 0x3A17, 0x4AB8, 0x531A, 0x5F18, 
    0x531A, 0x4AB8, 0x3CC7, 0x3A16, 0x3CC7, 0x3CA0, 0x3CC7, 0x3CA0, 0x3CC7, 
    0x3CA0, 0x3CC7, 0x3CA0, 0x3CC7, 0x3CA0, 0x3CC7, 0x3CA0, 0x3CC7, 0x3CA0, 
    0x3CC7, 0x3CA0, 0x3CC7, 0x3CA0, 0x3CC7, 0x3CA0, 0x3CC7, 0x3CA0, 0x3CC7, 
    0x3CA0, 0x3CC7, 0x3CA0, 0x3CC7, 0x3CA0, 0x3CC7, 0x3CA0, 0x3CC7, 0x3CA0, 
    0x3CC7, 0x3CA0, 0x3CC7, 0x3CA0, 0x3CC7, 0x3CA0, 0x69D9, 0x3CA0, 0x3CC7, 
    0x3CA0, 0x3CC7, 0x3CA0, 0x3CC7, 0x3CA0, 0x3CC7, 0x3CA0, 0x3CC7, 0x3CA0, 
    0x3CC7, 0x3CA0, 0x3CC7, 0x3CA0, 0x3CC7, 0x3CA0, 0x3A17, 0x4AB9, 0x531A, 
    0x5F18, 0x531A, 0x4AB8, 0x3CC7, 0x3A16, 0x3CC7, 0x3CC7, 0x3CC7, 0x3CA0, 
    0x3CC7, 0x3CC7, 0x3CC7, 0x3CC7, 0x3CA0, 0x3CA0, 0x3CA0, 0x3CC7, 0x3CA0, 
    0x3CC7, 0x3CA0, 0x3CC7, 0x3CA0, 0x3CC7, 0x3CA0, 0x3CC7, 0x3CA0, 0x3CC7, 
    0x3CA0, 0x3CC7, 0x3CA0, 0x3CC7, 0x3CA0, 0x3CC7, 0x3CA0, 0x3CC7, 0x3CA0, 
    0x3CC7, 0x3CA0, 0x3CC7, 0x3CA0, 0x3CC7, 0x3CA0, 0x3CC7, 0x3CA0, 0x3CC7, 
    0x3CA0, 0x3CC7, 0x3CA0, 0x531A, 0x3CA0, 0x3CC7, 0x3CA0, 0x3CC7, 0x3CA0, 
    0x3CC7, 0x3CA0, 0x3CC7, 0x3CA0, 0x3CC7, 0x3CA0, 0x3CC7, 0x3CA0, 0x3CC7, 
    0x3CA0, 0x3CC7, 0x3CA0, 0x3CC7, 0x3CA0, 0x3CC7, 0x3CA0, 0x3CC7, 0x3CA0, 
    0x3CC7, 0x3CA0, 0x3CC7, 0x3CA0, 0x3CC7, 0x3CA0, 0x3CC7, 0x3CA0, 0x3CC7, 
    0x3CA0, 0x3CC7, 0x3CA0, 0x3CC7, 0x3CA0, 0x3CC7, 0x3CA0, 0x3CC7, 0x3CA0, 
    0x3CC7, 0x3CA0, 0x3CC7, 0x3CA0, 0x3CC7, 0x3CA0, 0x3CC7, 0x3CA0, 0x3CC7, 
    0x3CA0, 0x3CC7, 0x3CA0, 0x3CC7, 0x3CA0, 0x3CC7, 0x3CA0, 0x3CC7, 0x3CA0, 
    0x3CC7, 0x3CA0, 0x3CC7, 0x3CA0, 0x531A, 0x3CA0, 0x3CC7, 0x3CA0, 0x3CC7, 
    0x3CA0, 0x3CC7, 0x3CA0, 0x3CC7, 0x3CA0, 0x3CC7, 0x3CA0, 0x3CC7, 0x3CA0, 
    0x3CC7, 0x3CA0, 0x3CC7, 0x3CA0, 0x3CC7, 0x3CA0, 0x3CC7, 0x3CA0, 0x3CC7, 
    0x3CA0, 0x3CC7, 0x3CC7, 0x3CC7, 0x3CA0, 0x3CC7, 0x3CA0, 0x3CC7, 0x3CA0, 
    0x3CC7, 0x3CC7, 0x3CC7, 0x3CA0, 0x3CC7, 0x3CC7, 0x3CC7, 0x3CA0, 0x3CC7, 
    0x3CC7, 0x3CC7, 0x3CA0, 0x3CC7, 0x3CC7, 0x3CC7, 0x3CA0, 0x3CC7, 0x3CC7, 
    0x3CC7, 0x3CA0, 0x3CC7, 0x3CC7, 0x3CC7, 0x3CA0, 0x3CC7, 0x3CC7, 0x3CC7, 
    0x3CA0, 0x3CC7, 0x3CC7, 0x3CC7, 0x3CA0, 0x531A, 0x3CC7, 0x3CC7, 0x3CC7, 
    0x3CC7, 0x3CC7, 0x3CC7, 0x3CA0, 0x3CC7, 0x3CC7, 0x3CC7, 0x3CC7, 0x3CC7, 
    0x3CC7, 0x3CC7, 0x3CC7, 0x3CC7, 0x3CC7, 0x3CC7, 0x3CC7, 0x3CC7, 0x3CC7, 
    0x3CC7, 0x3CC7, 0x3CC7, 0x3CC7, 0x3CC7, 0x3CC7, 0x3CC7, 0x3CC7, 0x3CC7, 
    0x3CC7, 0x3CC7, 0x3CC7, 0x3CC7, 0x3CC7, 0x3CC7, 0x3CC7, 0x3CC7, 0x3CC7, 
    0x3CC7, 0x3CC7, 0x3CC7, 0x3CC7, 0x3CC7, 0x3CC7, 0x3CC7, 0x3CC7, 0x3CC7, 
    0x3CC7, 0x3CC7, 0x3CC7, 0x3CC7, 0x3CC7, 0x3CC7, 0x3CC7, 0x3CC7, 0x3CC7, 
    0x3CC7, 0x3CC7, 0x3CC7, 0x3CC7, 0x3CC7, 0x3CC7, 0x531A, 0x3CC7, 0x3CC7, 
    0x3CC7, 0x3CC7, 0x3CC7, 0x3CC7, 0x3CC7, 0x3CC7, 0x3CC7, 0x3CC7, 0x3CC7, 
    0x3CA0, 0x3CA0, 0x3CA0, 0x3CA0, 0x3CA0, 0x3CA0, 0x3CA0, 0x3CA0, 0x3CA0, 
    0x3CA0, 0x3CA0, 0x3CA0, 0x3CA0, 0x3CA0, 0x3CA0, 0x3CA0, 0x3CA0, 0x3CA0, 
    0x3CA0, 0x3CA0, 0x3CA0, 0x3CA0, 0x3CA0, 0x3CA0, 0x3CA0, 0x3CA0, 0x3CA0, 
    0x3CA0, 0x3CA0, 0x3CA0, 0x3CA0, 0x3CA0, 0x3CA0, 0x3CA0, 0x3CA0, 0x3CA0, 
    0x4AB8, 0x3CC7, 0x3CA0, 0x3CA0, 0x3CA0, 0x3CA0, 0x3CA0, 0x3CA0, 0x3CA0, 
    0x3CC7, 0x3CA0, 0x3CA0, 0x3CA0, 0x3CC7, 0x3CA0, 0x3CA0, 0x3CA0, 0x4278, 
    0x3CA0, 0x3CA0, 0x3CA0, 0x3CC7, 0x3CA0, 0x3CA0, 0x3CA0, 0x3CC7, 0x3CA0, 
    0x3CA0, 0x3CA0, 0x3CC7, 0x3CA0, 0x3CA0, 0x3CA0, 0x3CC7, 0x3CA0, 0x3CA0, 
    0x3CA0, 0x3CC7, 0x3CA0, 0x3CA0, 0x3CA0, 0x3CC7, 0x3CA0, 0x3CC7, 0x3CA0, 
    0x3CC7, 0x3CA0, 0x3CA0, 0x3CA0, 0x3CC7, 0x3CA0, 0x3CC7, 0x3CA0, 0x3CC7, 
    0x3CA0, 0x3CC7, 0x3CA0, 0x3CC7, 0x3CA0, 0x3CC7, 0x3CA0, 0x3CC7, 0x3CA0, 
    0x3CC7, 0x4AB8, 0x3CC7, 0x3CA0, 0x3CC7, 0x3CA0, 0x3CC7, 0x3CA0, 0x3CC7, 
    0x3CA0, 0x3CC7, 0x3CA0, 0x3CC7, 0x3CA0, 0x3CC7, 0x3CA0, 0x3CC7, 0x3CA0, 
    0x4278, 0x3CA0, 0x3CC7, 0x3CA0, 0x3CC7, 0x3CA0, 0x3CC7, 0x3CA0, 0x3CC7, 
    0x3CA0, 0x3CC7, 0x3CA0, 0x3CC7, 0x3CA0, 0x3CC7, 0x3CA0, 0x3CC7, 0x3CA0, 
    0x3CC7, 0x3CA0, 0x3CC7, 0x3CA0, 0x3CC7, 0x3CA0, 0x3CC7, 0x3CA0, 0x3CC7, 
    0x3CA0, 0x3CC7, 0x3CA0, 0x3CC7, 0x3CA0, 0x3CC7, 0x3CA0, 0x3CC7, 0x3CA0, 
    0x3CC7, 0x3CA0, 0x3CC7, 0x3CA0, 0x3CC7, 0x3CA0, 0x3CC7, 0x3CA0, 0x3CC7, 
    0x3CA0, 0x3CC7, 0x4AB8, 0x3CC7, 0x3CA0, 0x3CC7, 0x3CA0, 0x3CC7, 0x3CA0, 
    0x3CC7, 0x3CA0, 0x3CC7, 0x3CA0, 0x3CC7, 0x3CA0, 0x3CC7, 0x3CA0, 0x3CC7, 
    0x3CA0, 0x4278, 0x3CA0, 0x3CC7, 0x3CA0, 0x3CC7, 0x3CA0, 0x3CC7, 0x3CA0, 
    0x3CC7, 0x3CA0, 0x3CC7, 0x3CA0, 0x3CC7, 0x3CA0, 0x3CC7, 0x3CA0, 0x3CC7, 
    0x3CA0, 0x3CC7, 0x3CA0, 0x3CC7, 0x3CA0, 0x3CC7, 0x3CC7, 0x3CC7, 0x3CA0, 
    0x3CC7, 0x3CA0, 0x3CC7, 0x3CA0, 0x3CC7, 0x3CC7, 0x3CC7, 0x3CA0, 0x3CC7, 
    0x3CC7, 0x3CC7, 0x3CA0, 0x3CC7, 0x3CC7, 0x3CC7, 0x3CA0, 0x3CC7, 0x3CC7, 
    0x3CC7, 0x3CA0, 0x3CC7, 0x4AB9, 0x3CC7, 0x3CA0, 0x3CC7, 0x3CC7, 0x3CC7, 
    0x3CA0, 0x3CC7, 0x3CC7, 0x3CC7, 0x3CA0, 0x3CC7, 0x3CA0, 0x3CA0, 0x3CC7, 
    0x3CA0, 0x3CA0, 0x3CA0, 0x3CC7, 0x3CA0, 0x3CA0, 0x3CA0, 0x3CC7, 0x3CA0, 
    0x3CC7, 0x3CA0, 0x3CC7, 0x3CA0, 0x3CA0, 0x3CA0, 0x3CC7, 0x31B5, 0x31B6, 
    0x3CA0, 0x3CC7, 0x3CA0, 0x3CC7, 0x3CA0, 0x3CC7, 0x3CA0, 0x3CC7, 0x3CA0, 
    0x3CC7, 0x3CA0, 0x3CC7, 0x3CA0, 0x3CC7, 0x3CA0, 0x4278, 0x3CA0, 0x3CC7, 
    0x3CA0, 0x3CC7, 0x3CA0, 0x3CC7, 0x3CA0, 0x3CC7, 0x3CA0, 0x3CC7, 0x3CA0, 
    0x3CC7, 0x3CA0, 0x3CC7, 0x3CA0, 0x3CC7, 0x3CA0, 0x3CC7, 0x3CA0, 0x3CC7, 
    0x3CA0, 0x3CC7, 0x3CA0, 0x3CC7, 0x3CA0, 0x3CC7, 0x3CA0, 0x3CC7, 0x3CA0, 
    0x3CC7, 0x3CA0, 0x3CC7, 0x3CA0, 0x3CC7, 0x3CA0, 0x3CC7, 0x3CA0, 0x3CC7, 
    0x3CA0, 0x3CC7, 0x3CA0, 0x3CC7, 0x3CA0, 0x3CC7, 0x3CA0, 0x3CC7, 0x31B5, 
    0x31B6, 0x3CA0, 0x3CC7, 0x3CA0, 0x3CC7, 0x3CA0, 0x3CC7, 0x3CA0, 0x3CC7, 
    0x3CA0, 0x3CC7, 0x3CA0, 0x3CC7, 0x3CA0, 0x3CC7, 0x3CA0, 0x4278, 0x3CA0, 
    0x3CC7, 0x3CA0, 0x3CC7, 0x3CA0, 0x3CC7, 0x3CA0, 0x3CC7, 0x3CA0, 0x3CC7, 
    0x3CA0, 0x3CC7, 0x3CA0, 0x3CC7, 0x3CA0, 0x3CC7, 0x3CA0, 0x3CC7, 0x3CA0, 
    0x3CC7, 0x3CA0, 0x3CC7, 0x3CA0, 0x3CC7, 0x3CA0, 0x3CC7, 0x3CA0, 0x3CC7, 
    0x3CA0, 0x3CC7, 0x3CA0, 0x3CC7, 0x3CA0, 0x3CC7, 0x3CA0, 0x3CC7, 0x3CA0, 
    0x3CC7, 0x3CA0, 0x3CC7, 0x3CA0, 0x3CC7, 0x3CC7, 0x3CC7, 0x3CA0, 0x3CC7, 
    0x31B5, 0x31B6, 0x3CA0, 0x3CC7, 0x3CC7, 0x3CC7, 0x3CA0, 0x3CC7, 0x3CC7, 
    0x3CC7, 0x3CA0, 0x3CC7, 0x3CC7, 0x3CC7, 0x3CA0, 0x3CC7, 0x3CC7, 0x4278, 
    0x3CA0, 0x3CC7, 0x3CC7, 0x3CC7, 0x3CA0, 0x3CC7, 0x3CC7, 0x3CC7, 0x3CA0, 
    0x3CC7, 0x3CC7, 0x3CC7, 0x3CA0, 0x3CC7, 0x3CC7, 0x3CC7, 0x3CA0, 0x3CC7, 
    0x3CC7, 0x3CC7, 0x3CA0, 0x3CC7, 0x3CC7, 0x3CC7, 0x3CC7, 0x3CC7, 0x3CC7, 
    0x3CC7, 0x3CC7, 0x3CC7, 0x3CC7, 0x3CC7, 0x3CC7, 0x3CC7, 0x3CC7, 0x3CC7, 
    0x3CC7, 0x3CC7, 0x3CC7, 0x3CC7, 0x3CC7, 0x3CC7, 0x3CC7, 0x3CC7, 0x3CC7, 
    0x3CC7, 0x31B6, 0x31B6, 0x3CC7, 0x3CC7, 0x3CC7, 0x3CC7, 0x3CC7, 0x3CC7, 
    0x3CC7, 0x3CC7, 0x3CC7, 0x3CC7, 0x3CC7, 0x3CC7, 0x3CC7, 0x3CC7, 0x3CC7, 
    0x4278, 0x3CC7, 0x3CC7, 0x3CC7, 0x3CC7, 0x3CC7, 0x3CC7, 0x3CC7, 0x3CC7, 
    0x3CC7, 0x3CC7, 0x3CC7, 0x3CA0, 0x3CA0, 0x3CA0, 0x3CA0, 0x3CA0, 0x3CA0, 
    0x3CA0, 0x3CA0, 0x3CA0, 0x3CA0, 0x3CA0, 0x3CA0, 0x3CA0, 0x3CA0, 0x3CA0, 
    0x3CA0, 0x3CA0, 0x3CA0, 0x3CA0, 0x31B5, 0x31B5, 0x3CA0, 0x3CA0, 0x3CA0, 
    0x3CA0, 0x3CA0, 0x3CA0, 0x3CA0, 0x3CA0, 0x3CA0, 0x3CA0, 0x3CA0, 0x3CA0, 
    0x3CA0, 0x3CA0, 0x3CA0, 0x3A16, 0x3CA0, 0x3CA0, 0x3CA0, 0x3CA0, 0x3CA0, 
    0x3CA0, 0x3CA0, 0x3CA0, 0x3CA0, 0x3CA0, 0x3CA0, 0x3CA0, 0x3CA0, 0x3CA0, 
    0x3CA0, 0x3CA0, 0x3CA0, 0x3CA0, 0x3CC7, 0x3CA0, 0x5EAB, 0x5EAB, 0x3CA0, 
    0x3CA0, 0x3CA0, 0x3CA0, 0x3CC7, 0x3CA0, 0x3CA0, 0x3CA0, 0x3CC7, 0x3CA0, 
    0x3CA0, 0x3CA0, 0x3CC7, 0x3CA0, 0x3CA0, 0x3CA0, 0x3CC7, 0x3CA0, 0x3CA0, 
    0x3CA0, 0x3CC7, 0x3CA0, 0x3CA0, 0x3CA0, 0x31B6, 0x31B5, 0x3CA0, 0x3CA0, 
    0x3CC7, 0x3CA0, 0x3CA0, 0x3CA0, 0x3CC7, 0x3CA0, 0x3CA0, 0x3CA0, 0x3CC7, 
    0x3CA0, 0x3CA0, 0x3CA0, 0x3CC7, 0x3A16, 0x3CC7, 0x3CA0, 0x3CC7, 0x3CA0, 
    0x3CA0, 0x3CA0, 0x3CC7, 0x3CA0, 0x3CC7, 0x3CA0, 0x3CC7, 0x3CA0, 0x3CC7, 
    0x3CA0, 0x3CC7, 0x3CA0, 0x3CC7, 0x3CA0, 0x3CC7, 0x3CA0, 0x5ECC, 0x5EAB, 
    0x3CC7, 0x3CA0, 0x3CC7, 0x3CA0, 0x3CC7, 0x3CA0, 0x3CC7, 0x3CA0, 0x3CC7, 
    0x3CA0, 0x3CC7, 0x3CA0, 0x3CC7, 0x3CA0, 0x3CC7, 0x3CA0, 0x3CC7, 0x3CA0, 
    0x3CC7, 0x3CA0, 0x3CC7, 0x3CA0, 0x3CC7, 0x3CA0, 0x31B6, 0x31B5, 0x3CC7, 
    0x3CA0, 0x3CC7, 0x3CA0, 0x3CC7, 0x3CA0, 0x3CC7, 0x3CA0, 0x3CC7, 0x3CA0, 
    0x3CC7, 0x3CA0, 0x3CC7, 0x3CA0, 0x3CC7, 0x3A16, 0x3CC7, 0x3CA0, 0x3CC7, 
    0x3CA0, 0x3CC7, 0x3CA0, 0x3CC7, 0x3CA0, 0x3CC7, 0x3CA0, 0x3CC7, 0x3CA0, 
    0x3CC7, 0x3CA0, 0x3CC7, 0x3CA0, 0x3CC7, 0x3CA0, 0x3CC7, 0x3CA0, 0x5ECC, 
    0x5EAB, 0x3CC7, 0x3CA0, 0x3CC7, 0x3CA0, 0x3CC7, 0x3CA0, 0x3CC7, 0x3CA0, 
    0x3CC7, 0x3CA0, 0x3CC7, 0x3CA0, 0x3CC7, 0x3CA0, 0x3CC7, 0x3CA0, 0x3CC7, 
    0x3CA0, 0x3CC7, 0x3CA0, 0x3CC7, 0x3CA0, 0x3CC7, 0x3CA0, 0x31B6, 0x31B5, 
    0x3CC7, 0x3CA0, 0x3CC7, 0x3CA0, 0x3CC7, 0x3CA0, 0x3CC7, 0x3CA0, 0x3CC7, 
    0x3CA0, 0x3CC7, 0x3CA0, 0x3CC7, 0x3CA0, 0x3CC7, 0x3A16, 0x3CC7, 0x3CC7, 
    0x3CC7, 0x3CA0, 0x3CC7, 0x3CC7, 0x3CC7, 0x3CA0, 0x3CC7, 0x3CC7, 0x3CC7, 
    0x3CC7, 0x3CA0, 0x3CC7, 0x3CA0, 0x3CC7, 0x3CA0, 0x3CC7, 0x3CA0, 0x3CC7, 
    0x3CA0, 0x3CC7, 0x3CA0, 0x3CC7, 0x3CA0, 0x3CC7, 0x3CA0, 0x3CC7, 0x3CA0, 
    0x3CC7, 0x3CA0, 0x3CC7, 0x3CA0, 0x3CC7, 0x3CA0, 0x3CC7, 0x3CA0, 0x3CC7, 
    0x3CA0, 0x3CC7, 0x3CA0, 0x3CC7, 0x3CA0, 0x3CC7, 0x3CA0, 0x3CC7, 0x3CA0, 
    0x3CC7, 0x3CA0, 0x3CC7, 0x3CA0, 0x3DA7, 0x3CA0, 0x3CC7, 0x3CA0, 0x3CC7, 
    0x3CA0, 0x3CC7, 0x5EAB, 0x3CC7, 0x3CA0, 0x3CC7, 0x3CA0, 0x3CC7, 0x3CA0, 
    0x3CC7, 0x3CA0, 0x3CC7, 0x5EAB, 0x5ECC, 0x3CA0, 0x3CC7, 0x3CA0, 0x3CC7, 
    0x3CA0, 0x3CC7, 0x3CA0, 0x3CC7, 0x3CA0, 0x3CC7, 0x3CA0, 0x3CC7, 0x3CA0, 
    0x3CC7, 0x3CA0, 0x3CC7, 0x3CA0, 0x3CC7, 0x3CA0, 0x3CC7, 0x3CA0, 0x3CC7, 
    0x3CA0, 0x3CC7, 0x3CA0, 0x3CC7, 0x3CA0, 0x3CC7, 0x3CA0, 0x3CC7, 0x3CA0, 
    0x3CC7, 0x3CA0, 0x3CC7, 0x3CA0, 0x3CC7, 0x3CA0, 0x3CC7, 0x3CA0, 0x3CC7, 
    0x3CA0, 0x3CC7, 0x3CA0, 0x3CC7, 0x3CA0, 0x3DA7, 0x3CA0, 0x3CC7, 0x3CA0, 
    0x3CC7, 0x3CA0, 0x3CC7, 0x5EAB, 0x3CC7, 0x3CC7, 0x3CC7, 0x3CA0, 0x3CC7, 
    0x3CA0, 0x3CC7, 0x3CA0, 0x3CC7, 0x5ECC, 0x5ECC, 0x3CA0, 0x3CC7, 0x3CC7, 
    0x3CC7, 0x3CA0, 0x3CC7, 0x3CC7, 0x3CC7, 0x3CA0, 0x3CC7, 0x3CC7, 0x3CC7, 
    0x3CA0, 0x3CC7, 0x3CC7, 0x3CC7, 0x3CA0, 0x3CC7, 0x3CC7, 0x3CC7, 0x3CA0, 
    0x3CC7, 0x3CC7, 0x3CC7, 0x3CA0, 0x3CC7, 0x3CC7, 0x3CC7, 0x3CA0, 0x3CC7, 
    0x3CC7, 0x3CC7, 0x3CC7, 0x3CC7, 0x3CC7, 0x3CC7, 0x3CA0, 0x3CC7, 0x3CC7, 
    0x3CC7, 0x3CC7, 0x3CC7, 0x3CC7, 0x3CC7, 0x3CC7, 0x3DA7, 0x3CC7, 0x3CC7, 
    0x3CC7, 0x3CC7, 0x3CC7, 0x3CC7, 0x5ECC, 0x3CC7, 0x3CC7, 0x3CC7, 0x3CC7, 
    0x3CC7, 0x3CC7, 0x3CC7, 0x3CC7, 0x3CC7, 0x5ECC, 0x5ECC, 0x3CC7, 0x3CC7, 
    0x3CC7, 0x3CC7, 0x3CC7, 0x3CC7, 0x3CC7, 0x3CC7, 0x3CC7, 0x3CC7, 0x3CC7, 
    0x3CC7, 0x3CC7, 0x3CC7, 0x3CC7, 0x3CC7, 0x3CC7, 0x3CC7, 0x3CC7, 0x3CC7, 
    0x3CC7, 0x3CC7, 0x3CC7, 0x3CC7, 0x3CC7, 0x3CC7, 0x3CC7, 0x3CC7, 0x3CC7, 
    0x3CC7, 0x3CC7, 0x3CC7, 0x3CC7, 0x3CC7, 0x3CC7, 0x3CC7, 0x3CC7, 0x3CC7, 
    0x3CC7, 0x3CC7, 0x3CC7, 0x3CC7, 0x3CC7, 0x3CC7, 0x3CC7, 0x3DA7, 0x3CC7, 
    0x3CC7, 0x3CC7, 0x3CC7, 0x3CC7, 0x3CC7, 0x5ECC, 0x3CA0, 0x3CA0, 0x3CA0, 
    0x3CA0, 0x3CA0, 0x3CA0, 0x3CA0, 0x3CA0, 0x3CA0, 0x3CA0, 0x3CA0, 0x3CA0, 
    0x3CA0, 0x3CA0, 0x3CA0, 0x3CA0, 0x3CA0, 0x3CA0, 0x3CA0, 0x3CA0, 0x3CA0, 
    0x3CA0, 0x3CA0, 0x3CA0, 0x3CA0, 0x3CA0, 0x3CA0, 0x3CA0, 0x3CA0, 0x3CA0, 
    0x3CA0, 0x3CA0, 0x3CA0, 0x3CC7, 0x3CA0, 0x3CA0, 0x31B5, 0x3CC7, 0x3CA0, 
    0x3CA0, 0x4E28, 0x3CC7, 0x3CA0, 0x3CA0, 0x3CA0, 0x3CC7, 0x3CA0, 0x3CA0, 
    0x3CA0, 0x3CC7, 0x3CA0, 0x3CA0, 0x3CA0, 0x3CC7, 0x3CA0, 0x3CA0, 0x3CA0, 
    0x3CC7, 0x3CA0, 0x3CA0, 0x3CA0, 0x3CC7, 0x3CA0, 0x3CA0, 0x3CA0, 0x3CC7, 
    0x3CA0, 0x3CA0, 0x3CA0, 0x3CC7, 0x3CA0, 0x3CA0, 0x3CA0, 0x3CC7, 0x3CA0, 
    0x3CC7, 0x3CA0, 0x3CC7, 0x3CA0, 0x3CC7, 0x3CA0, 0x3CC7, 0x3CA0, 0x3CC7, 
    0x3CA0, 0x3CC7, 0x3CA0, 0x3CC7, 0x3CA0, 0x3CC7, 0x3CA0, 0x3CC7, 0x3CA0, 
    0x3CC7, 0x3CA0, 0x3CC7, 0x3CA0, 0x3CC7, 0x3CA0, 0x3CC7, 0x31B5, 0x3CC7, 
    0x3CA0, 0x3CC7, 0x4E28, 0x3CC7, 0x3CA0, 0x3CC7, 0x3CA0, 0x3CC7, 0x3CA0, 
    0x3CC7, 0x3CA0, 0x3CC7, 0x3CA0, 0x3CC7, 0x3CA0, 0x3CC7, 0x3CA0, 0x3CC7, 
    0x3CA0, 0x3CC7, 0x3CA0, 0x3CC7, 0x3CA0, 0x3CC7, 0x3CA0, 0x3CC7, 0x3CA0, 
    0x3CC7, 0x3CA0, 0x3CC7, 0x3CA0, 0x3CC7, 0x3CA0, 0x3CC7, 0x3CA0, 0x3CC7, 
    0x3CA0, 0x3CC7, 0x3CA0, 0x3CC7, 0x3CA0, 0x3CC7, 0x3CA0, 0x3CC7, 0x3CA0, 
    0x3CC7, 0x3CA0, 0x3CC7, 0x3CA0, 0x3CC7, 0x3CA0, 0x3CC7, 0x3CA0, 0x3CC7, 
    0x3CA0, 0x3CC7, 0x3CA0, 0x3CC7, 0x3CA0, 0x3CC7, 0x3CA0, 0x3CC7, 0x31B5, 
    0x3CC7, 0x3CA0, 0x3CC7, 0x4E28, 0x3CC7, 0x3CA0, 0x3CC7, 0x3CA0, 0x3CC7, 
    0x3CA0, 0x3CC7, 0x3CA0, 0x3CC7, 0x3CA0, 0x3CC7, 0x3CA0, 0x3CC7, 0x3CA0, 
    0x3CC7, 0x3CA0, 0x3CC7, 0x3CA0, 0x3CC7, 0x3CA0, 0x3CC7, 0x3CA0, 0x3CC7, 
    0x3CA0, 0x3CC7, 0x3CA0, 0x3CC7, 0x3CA0, 0x3CC7, 0x3CA0, 0x3CC7, 0x3CC7, 
    0x3CC7, 0x3CA0, 0x3CC7, 0x3CA0, 0x3CC7, 0x3CA0, 0x3CC7, 0x3CC7, 0x3CC7, 
    0x3CA0, 0x3CC7, 0x3CC7, 0x3CC7, 0x3CA0, 0x3CC7, 0x3CC7, 0x3CC7, 0x3CA0, 
    0x3CC7, 0x3CC7, 0x3CC7, 0x3CA0, 0x3CC7, 0x3CC7, 0x3CC7, 0x3CA0, 0x3CC7, 
    0x31B6, 0x3CC7, 0x3CA0, 0x3CC7, 0x4E29, 0x3CC7, 0x3CA0, 0x3CC7, 0x3CC7, 
    0x3CC7, 0x3CA0, 0x3CC7, 0x3CA0, 0x3CA0, 0x3CC7, 0x3CA0, 0x3CA0, 0x3CA0, 
    0x3CC7, 0x3CA0, 0x3CC7, 0x3CA0, 0x3CC7, 0x3CA0, 0x3CA0, 0x3CA0, 0x3CC7, 
    0x3CA0, 0x3CC7, 0x3CA0, 0x3CC7, 0x3CA0, 0x3CC7, 0x3CA0, 0x3CC7, 0x3CA0, 
    0x3CC7, 0x3CA0, 0x3CC7, 0x3CA0, 0x3CC7, 0x3CA0, 0x3CC7, 0x3CA0, 0x3CC7, 
    0x3CA0, 0x3CC7, 0x3CA0, 0x3CC7, 0x3CA0, 0x3CC7, 0x3CA0, 0x5ECC, 0x3CA0, 
    0x3125, 0x3CA0, 0x3CC7, 0x3CA0, 0x3CC7, 0x3CA0, 0x3CC7, 0x3CA0, 0x3CC7, 
    0x3CA0, 0x3CC7, 0x3CA0, 0x3CC7, 0x3CA0, 0x3CC7, 0x3CA0, 0x3CC7, 0x3CA0, 
    0x3CC7, 0x3CA0, 0x3CC7, 0x3CA0, 0x3CC7, 0x3CA0, 0x3CC7, 0x3CA0, 0x3CC7, 
    0x3CA0, 0x3CC7, 0x3CA0, 0x3CC7, 0x3CA0, 0x3CC7, 0x3CA0, 0x3CC7, 0x3CA0, 
    0x3CC7, 0x3CA0, 0x3CC7, 0x3CA0, 0x3CC7, 0x3CA0, 0x3CC7, 0x3CA0, 0x3CC7, 
    0x3CA0, 0x3CC7, 0x3CA0, 0x3CC7, 0x3CA0, 0x3CC7, 0x3CA0, 0x3CC7, 0x3CA0, 
    0x3CC7, 0x3CA0, 0x3CC7, 0x3CA0, 0x3CC7, 0x3CA0, 0x3CC7, 0x3CA0, 0x5ECC, 
    0x3CA0, 0x3125, 0x3CA0, 0x3CC7, 0x3CA0, 0x3CC7, 0x3CA0, 0x3CC7, 0x3CA0, 
    0x3CC7, 0x3CA0, 0x3CC7, 0x3CA0, 0x3CC7, 0x3CA0, 0x3CC7, 0x3CA0, 0x3CC7, 
    0x3CA0, 0x3CC7, 0x3CA0, 0x3CC7, 0x3CA0, 0x3CC7, 0x3CA0, 0x3CC7, 0x3CA0, 
    0x3CC7, 0x3CA0, 0x3CC7, 0x3CA0, 0x3CC7, 0x3CA0, 0x3CC7, 0x3CC7, 0x3CC7, 
    0x3CA0, 0x3CC7, 0x3CC7, 0x3CC7, 0x3CA0, 0x3CC7, 0x3CC7, 0x3CC7, 0x3CA0, 
    0x3CC7, 0x3CC7, 0x3CC7, 0x3CA0, 0x3CC7, 0x3CC7, 0x3CC7, 0x3CA0, 0x3CC7, 
    0x3CC7, 0x3CC7, 0x3CA0, 0x3CC7, 0x3CC7, 0x3CC7, 0x3CA0, 0x3CC7, 0x3CC7, 
    0x5ECC, 0x3CA0, 0x3125, 0x3CC7, 0x3CC7, 0x3CA0, 0x3CC7, 0x3CC7, 0x3CC7, 
    0x3CC7, 0x3CC7, 0x3CC7, 0x3CC7, 0x3CA0, 0x3CC7, 0x3CC7, 0x3CC7, 0x3CC7, 
    0x3CC7, 0x3CC7, 0x3CC7, 0x3CC7, 0x3CC7, 0x3CC7, 0x3CC7, 0x3CC7, 0x3CC7, 
    0x3CC7, 0x3CC7, 0x3CC7, 0x3CC7, 0x3CC7, 0x3CC7, 0x3CC7, 0x3CC7, 0x3CC7, 
    0x3CC7, 0x3CC7, 0x3CC7, 0x3CC7, 0x3CC7, 0x3CC7, 0x3CC7, 0x3CC7, 0x3CC7, 
    0x3CC7, 0x3CC7, 0x3CC7, 0x3CC7, 0x3CC7, 0x3CC7, 0x3CC7, 0x3CC7, 0x3CC7, 
    0x3CC7, 0x3CC7, 0x3CC7, 0x3CC7, 0x3CC7, 0x3CC7, 0x3CC7, 0x3CC7, 0x3CC7, 
    0x3CC7, 0x5ECC, 0x3CC7, 0x3125, 0x3CC7, 0x3CC7, 0x3CC7, 0x3CC7, 0x3CC7, 
    0x3CA0, 0x3CA0, 0x3CA0, 0x3CA0, 0x3CA0, 0x3CA0, 0x3CA0, 0x3CA0, 0x3CA0, 
    0x3CA0, 0x3CA0, 0x3CA0, 0x3CA0, 0x3CA0, 0x3CA0, 0x3CA0, 0x3CA0, 0x3CA0, 
    0x3CA0, 0x3CA0, 0x3CA0, 0x3CA0, 0x3CA0, 0x3CA0, 0x3CA0, 0x3CA0, 0x3CA0, 
    0x3CA0, 0x3CA0, 0x3CA0, 0x3CA0, 0x3CA0, 0x3CA0, 0x3CA0, 0x3CA0, 0x3CA0, 
    0x3CA0, 0x3CA0, 0x3CA0, 0x3CA0, 0x6B2D, 0x3CA0, 0x3964, 0x3CA0, 0x3CA0, 
    0x3CA0, 0x3CA0, 0x3CA0, 0x3CA0, 0x3CA0, 0x3CA0, 0x3CC7, 0x3CA0, 0x3CA0, 
    0x3CA0, 0x3CA0, 0x3CA0, 0x3CA0, 0x3CA0, 0x3CC7, 0x3CA0, 0x3CA0, 0x3CA0, 
    0x3CC7, 0x3CA0, 0x3CA0, 0x3CA0, 0x3CC7, 0x3CA0, 0x3CA0, 0x3CA0, 0x3CC7, 
    0x3CA0, 0x3CA0, 0x3CA0, 0x3CC7, 0x3CA0, 0x3CA0, 0x3CA0, 0x3CC7, 0x3CA0, 
    0x3CA0, 0x3CA0, 0x3CC7, 0x3CA0, 0x3CA0, 0x3CA0, 0x3CC7, 0x3CA0, 0x3CC7, 
    0x3CA0, 0x3CC7, 0x3CA0, 0x3CA0, 0x3CA0, 0x3CC7, 0x3CA0, 0x3CC7, 0x3CA0, 
    0x3CC7, 0x3CA0, 0x3CC7, 0x3CA0, 0x3CC7, 0x6B2D, 0x3CC7, 0x3964, 0x3CC7, 
    0x3CA0, 0x3CC7, 0x3CA0, 0x3CC7, 0x3CA0, 0x3CC7, 0x3CA0, 0x3CC7, 0x3CA0, 
    0x3CC7, 0x3CA0, 0x3CC7, 0x3CA0, 0x3CC7, 0x3CA0, 0x3CC7, 0x3CA0, 0x3CC7, 
    0x3CA0, 0x3CC7, 0x3CA0, 0x3CC7, 0x3CA0, 0x3CC7, 0x3CA0, 0x3CC7, 0x3CA0, 
    0x3CC7, 0x3CA0, 0x3CC7, 0x3CA0, 0x3CC7, 0x3CA0, 0x3CC7, 0x3CA0, 0x3CC7, 
    0x3CA0, 0x3CC7, 0x3CA0, 0x3CC7, 0x3CA0, 0x3CC7, 0x3CA0, 0x3CC7, 0x3CA0, 
    0x3CC7, 0x3CA0, 0x3CC7, 0x3CA0, 0x3CC7, 0x3CA0, 0x3CC7, 0x3CA0, 0x3CC7, 
    0x3CA0, 0x3CC7, 0x3CA0, 0x3CC7, 0x3CA0, 0x3CC7, 0x6B2D, 0x3CC7, 0x3964, 
    0x3CC7, 0x3CA0, 0x3CC7, 0x3CA0, 0x3CC7, 0x3CA0, 0x3CC7, 0x3CA0, 0x3CC7, 
    0x3CA0, 0x3CC7, 0x3CA0, 0x3CC7, 0x3CA0, 0x3CC7, 0x3CA0, 0x3CC7, 0x3CA0, 
    0x3CC7, 0x3CA0, 0x3CC7, 0x3CA0, 0x3CC7, 0x3CA0, 0x3CC7, 0x3CA0, 0x3CC7, 
    0x3CA0, 0x3CC7, 0x3CA0, 0x3CC7, 0x3CA0, 0x3CC7, 0x3CA0, 0x3CC7, 0x3CA0, 
    0x3CC7, 0x3CA0, 0x3CC7, 0x3CA0, 0x3CC7, 0x3CA0, 0x3CC7, 0x3CA0, 0x3CC7, 
    0x3CA0, 0x3CC7, 0x3CC7, 0x3CC7, 0x3CA0, 0x3CC7, 0x3CA0, 0x3CC7, 0x3CA0, 
    0x3CC7, 0x3CC7, 0x3CC7, 0x3CA0, 0x3CC7, 0x3CC7, 0x3CC7, 0x6B2D, 0x3CC7, 
    0x3967, 0x3CC7, 0x3CA0, 0x3CC7, 0x3CC7, 0x3CC7, 0x3CC7, 0x3CA0, 0x3CC7, 
    0x3CA0, 0x3CC7, 0x3CA0, 0x3CC7, 0x3CA0, 0x3CC7, 0x3CA0, 0x3CC7, 0x3CA0, 
    0x3CC7, 0x3CA0, 0x3CC7, 0x3CA0, 0x3CC7, 0x3CA0, 0x3CC7, 0x3CA0, 0x3CC7, 
    0x3CA0, 0x3CC7, 0x3CA0, 0x3CC7, 0x3CA0, 0x3CC7, 0x3CA0, 0x3CC7, 0x3CA0, 
    0x3CC7, 0x3CA0, 0x3CC7, 0x3CA0, 0x3CC7, 0x3CA0, 0x3DA7, 0x4E28, 0x5ECC, 
    0x6F50, 0x6F56, 0x6F50, 0x5ECC, 0x4E28, 0x3DA7, 0x3CA0, 0x3CC7, 0x3CA0, 
    0x3CC7, 0x3CA0, 0x3CC7, 0x3CA0, 0x3CC7, 0x3CA0, 0x3CC7, 0x3CA0, 0x3CC7, 
    0x3CA0, 0x3CC7, 0x3CA0, 0x3CC7, 0x3CA0, 0x3CC7, 0x3CA0, 0x3CC7, 0x3CA0, 
    0x3CC7, 0x3CA0, 0x3CC7, 0x3CA0, 0x3CC7, 0x3CA0, 0x3CC7, 0x3CA0, 0x3CC7, 
    0x3CA0, 0x3CC7, 0x3CA0, 0x3CC7, 0x3CA0, 0x3CC7, 0x3CA0, 0x3CC7, 0x3CA0, 
    0x3CC7, 0x3CA0, 0x3CC7, 0x3CA0, 0x3CC7, 0x3CA0, 0x3CC7, 0x3CA0, 0x3CC7, 
    0x3CA0, 0x3CC7, 0x3CA0, 0x3CC7, 0x3CA0, 0x3CC7, 0x3CA0, 0x3DA7, 0x4E28, 
    0x5ECC, 0x6F50, 0x6F56, 0x6F50, 0x5ECC, 0x4E28, 0x3DA7, 0x3CA0, 0x3CC7, 
    0x3CA0, 0x3CC7, 0x3CA0, 0x3CC7, 0x3CA0, 0x3CC7, 0x3CC7, 0x3CC7, 0x3CA0, 
    0x3CC7, 0x3CA0, 0x3CC7, 0x3CA0, 0x3CC7, 0x3CC7, 0x3CC7, 0x3CA0, 0x3CC7, 
    0x3CC7, 0x3CC7, 0x3CA0, 0x3CC7, 0x3CC7, 0x3CC7, 0x3CA0, 0x3CC7, 0x3CC7, 
    0x3CC7, 0x3CA0, 0x3CC7, 0x3CC7, 0x3CC7, 0x3CA0, 0x3CC7, 0x3CC7, 0x3CC7, 
    0x3CA0, 0x3CC7, 0x3CC7, 0x3CC7, 0x3CA0, 0x3CC7, 0x3CC7, 0x3CC7, 0x3CA0, 
    0x3CC7, 0x3CC7, 0x3CC7, 0x3CC7, 0x3CC7, 0x3CC7, 0x3CC7, 0x3CA0, 0x3DA7, 
    0x4E29, 0x5ECC, 0x6F52, 0x6F56, 0x6F52, 0x5ECC, 0x4E29, 0x3DA7, 0x3CC7, 
    0x3CC7, 0x3CC7, 0x3CC7, 0x3CC7, 0x3CC7, 0x3CC7, 0x3CC7, 0x3CC7, 0x3CC7, 
    0x3CC7, 0x3CC7, 0x3CC7, 0x3CC7, 0x3CC7, 0x3CC7, 0x3CC7, 0x3CC7, 0x3CC7, 
    0x3CC7, 0x3CC7, 0x3CC7, 0x3CC7, 0x3CC7, 0x3CC7, 0x3CC7, 0x3CC7, 0x3CC7, 
    0x3CC7, 0x3CC7, 0x3CC7, 0x3CC7, 0x3CC7, 0x3CC7, 0x3CC7, 0x3CC7, 0x3CC7, 
    0x3CC7, 0x3CC7, 0x3CC7, 0x3CC7, 0x3CC7, 0x3CC7, 0x3CC7, 0x3CC7, 0x3CC7, 
    0x3CC7, 0x3CC7, 0x3CC7, 0x3CC7, 0x3CC7, 0x3CC7, 0x3CC7, 0x3CC7, 0x3CC7, 
    0x3DA7, 0x4E29, 0x5ECC, 0x6F52, 0x6F56, 0x6F52, 0x5ECC, 0x4E29, 0x3DA7, 
    0x3CC7, 0x3CC7, 0x3CC7, 0x3CA0, 0x3CA0, 0x3CA0, 0x3CA0, 0x3CA0, 0x3CA0, 
    0x3CA0, 0x3CA0, 0x3CA0, 0x3CA0, 0x3CA0, 0x3CA0, 0x3CA0, 0x3CA0, 0x3CA0, 
    0x3CA0, 0x3CA0, 0x3CA0, 0x3CA0, 0x3CA0, 0x3CA0, 0x3CA0, 0x3CA0, 0x3CA0, 
    0x3CA0, 0x3CA0, 0x3CA0, 0x3CA0, 0x3CA0, 0x3CC7, 0x3CA0, 0x3CA0, 0x3CA0, 
    0x3CA0, 0x3CA0, 0x3CA0, 0x3CA0, 0x3CC7, 0x3CA0, 0x3CA0, 0x6B2D, 0x3CC7, 
    0x49A8, 0x3CA0, 0x3CA0, 0x3CC7, 0x3CA0, 0x3CA0, 0x3CA0, 0x3CC7, 0x3CA0, 
    0x3CA0, 0x3CA0, 0x3CC7, 0x3CA0, 0x3CA0, 0x3CA0, 0x3CC7, 0x3CA0, 0x3CA0, 
    0x3CA0, 0x3CC7, 0x3CA0, 0x3CA0, 0x3CA0, 0x3CC7, 0x3CA0, 0x3CA0, 0x3CA0, 
    0x3CC7, 0x3CA0, 0x3CC7, 0x3CA0, 0x3CC7, 0x3CA0, 0x3CA0, 0x3CA0, 0x3CC7, 
    0x3CA0, 0x3CC7, 0x3CA0, 0x3CC7, 0x3CA0, 0x3CC7, 0x3CA0, 0x3CC7, 0x3CA0, 
    0x3CC7, 0x3CA0, 0x3CC7, 0x3CA0, 0x3CC7, 0x3CA0, 0x3CC7, 0x3CA0, 0x3CC7, 
    0x3CA0, 0x3CC7, 0x3CA0, 0x3CC7, 0x3CA0, 0x3CC7, 0x3CA0, 0x3CC7, 0x6B2D, 
    0x3CC7, 0x49A8, 0x3CC7, 0x3CA0, 0x3CC7, 0x3CA0, 0x3CC7, 0x3CA0, 0x3CC7, 
    0x3CA0, 0x3CC7, 0x3CA0, 0x3CC7, 0x3CA0, 0x3CC7, 0x3CA0, 0x3CC7, 0x3CA0, 
    0x3CC7, 0x3CA0, 0x3CC7, 0x3CA0, 0x3CC7, 0x3CA0, 0x3CC7, 0x3CA0, 0x3CC7, 
    0x3CA0, 0x3CC7, 0x3CA0, 0x3CC7, 0x3CA0, 0x3CC7, 0x3CA0, 0x3CC7, 0x3CA0, 
    0x3CC7, 0x3CA0, 0x3CC7, 0x3CA0, 0x3CC7, 0x3CA0, 0x3CC7, 0x3CA0, 0x3CC7, 
    0x3CA0, 0x3CC7, 0x3CA0, 0x3CC7, 0x3CA0, 0x3CC7, 0x3CA0, 0x3CC7, 0x3CA0, 
    0x3CC7, 0x3CA0, 0x3CC7, 0x3CA0, 0x3CC7, 0x3CA0, 0x3CC7, 0x3CA0, 0x3CC7, 
    0x6B2D, 0x3CC7, 0x49A8, 0x3CC7, 0x3CA0, 0x3CC7, 0x3CA0, 0x3CC7, 0x3CA0, 
    0x3CC7, 0x3CA0, 0x3CC7, 0x3CA0, 0x3CC7, 0x3CA0, 0x3CC7, 0x3CA0, 0x3CC7, 
    0x3CA0, 0x3CC7, 0x3CA0, 0x3CC7, 0x3CA0, 0x3CC7, 0x3CA0, 0x3CC7, 0x3CA0, 
    0x3CC7, 0x3CA0, 0x3CC7, 0x3CA0, 0x3CC7, 0x3CA0, 0x3CC7, 0x3CA0, 0x3CC7, 
    0x3CC7, 0x3CC7, 0x3CA0, 0x3CC7, 0x3CA0, 0x3CC7, 0x3CA0, 0x3CC7, 0x3CC7, 
    0x3CC7, 0x3CA0, 0x3CC7, 0x3CC7, 0x3CC7, 0x3CA0, 0x3CC7, 0x3CC7, 0x3CC7, 
    0x3CA0, 0x3CC7, 0x3CC7, 0x3CC7, 0x3CA0, 0x3CC7, 0x3CC7, 0x3CC7, 0x3CA0, 
    0x3CC7, 0x6B4F, 0x3CC7, 0x49A8, 0x3CC7, 0x3CC7, 0x3CC7, 0x3CA0, 0x3CC7, 
    0x3CA0, 0x3CA0, 0x3CC7, 0x3CA0, 0x3CA0, 0x3CA0, 0x3CC7, 0x3CA0, 0x3CA0, 
    0x3CA0, 0x3CC7, 0x3CA0, 0x3CC7, 0x3CA0, 0x3CC7, 0x3CA0, 0x3CA0, 0x3CA0, 
    0x3CC7, 0x3CA0, 0x3CC7, 0x3CA0, 0x3CC7, 0x3CA0, 0x3CC7, 0x3CA0, 0x5ECC, 
    0x5EAB, 0x3CC7, 0x3CA0, 0x3CC7, 0x3CA0, 0x3CC7, 0x3CA0, 0x3CC7, 0x3CA0, 
    0x3CC7, 0x3CA0, 0x3125, 0x3964, 0x5ECC, 0x49A8, 0x4E29, 0x4E28, 0x4188, 
    0x3964, 0x3125, 0x3CA0, 0x3CC7, 0x3CA0, 0x3CC7, 0x65F7, 0x3CC7, 0x3CA0, 
    0x3CC7, 0x3CA0, 0x3CC7, 0x3CA0, 0x3CC7, 0x3CA0, 0x3CC7, 0x3CA0, 0x3CC7, 
    0x3CA0, 0x3CC7, 0x3CA0, 0x3CC7, 0x3CA0, 0x3CC7, 0x3CA0, 0x3CC7, 0x3CA0, 
    0x3CC7, 0x3CA0, 0x3CC7, 0x3CA0, 0x3CC7, 0x3CA0, 0x3CC7, 0x3CA0, 0x3CC7, 
    0x3CA0, 0x3CC7, 0x3CA0, 0x3CC7, 0x3CA0, 0x3CC7, 0x3CA0, 0x3CC7, 0x3CA0, 
    0x5ECC, 0x5EAB, 0x3CC7, 0x3CA0, 0x3CC7, 0x3CA0, 0x3CC7, 0x3CA0, 0x3CC7, 
    0x3CA0, 0x3CC7, 0x3CA0, 0x3125, 0x3964, 0x5ECC, 0x49A8, 0x4E29, 0x4E28, 
    0x4188, 0x3964, 0x3125, 0x3CA0, 0x3CC7, 0x3CA0, 0x3CC7, 0x65F7, 0x3CC7, 
    0x3CA0, 0x3CC7, 0x3CA0, 0x3CC7, 0x3CA0, 0x3CC7, 0x3CA0, 0x3CC7, 0x3CA0, 
    0x3CC7, 0x3CA0, 0x3CC7, 0x3CA0, 0x3CC7, 0x3CA0, 0x3CC7, 0x3CA0, 0x3CC7, 
    0x3CC7, 0x3CC7, 0x3CA0, 0x3CC7, 0x3CA0, 0x3CC7, 0x3CA0, 0x3CC7, 0x3CC7, 
    0x3CC7, 0x3CA0, 0x3CC7, 0x3CC7, 0x3CC7, 0x3CA0, 0x3CC7, 0x3CC7, 0x3CC7, 
    0x3CA0, 0x5ECC, 0x5ECC, 0x3CC7, 0x3CA0, 0x3CC7, 0x3CC7, 0x3CC7, 0x3CA0, 
    0x3CC7, 0x3CC7, 0x3CC7, 0x3CA0, 0x3125, 0x3967, 0x5ECC, 0x49A8, 0x4E29, 
    0x4E29, 0x4188, 0x3964, 0x3125, 0x3CC7, 0x3CC7, 0x3CA0, 0x3CC7, 0x65F8, 
    0x3CC7, 0x3CC7, 0x3CC7, 0x3CC7, 0x3CC7, 0x3CA0, 0x3CC7, 0x3CC7, 0x3CC7, 
    0x3CC7, 0x3CC7, 0x3CC7, 0x3CC7, 0x3CC7, 0x3CC7, 0x3CC7, 0x3CC7, 0x3CC7, 
    0x3CC7, 0x3CC7, 0x3CC7, 0x3CC7, 0x3CC7, 0x3CC7, 0x3CC7, 0x3CC7, 0x3CC7, 
    0x3CC7, 0x3CC7, 0x3CC7, 0x3CC7, 0x3CC7, 0x3CC7, 0x3CC7, 0x3CC7, 0x3CC7, 
    0x3CC7, 0x3CC7, 0x5ECC, 0x5ECC, 0x3CC7, 0x3CC7, 0x3CC7, 0x3CC7, 0x3CC7, 
    0x3CC7, 0x3CC7, 0x3CC7, 0x3CC7, 0x3CC7, 0x3125, 0x3967, 0x5ECC, 0x45A9, 
    0x4E29, 0x4E29, 0x4188, 0x3967, 0x3125, 0x3CC7, 0x3CA0, 0x3CA0, 0x3CA0, 
    0x3CA0, 0x3CA0, 0x3CA0, 0x3CA0, 0x3CA0, 0x3CA0, 0x3CA0, 0x3CA0, 0x3CA0, 
    0x3CA0, 0x3CA0, 0x3CA0, 0x3CA0, 0x3CA0, 0x3CA0, 0x4257, 0x3CA0, 0x3CA0, 
    0x3CA0, 0x3CA0, 0x3CA0, 0x3CA0, 0x3CA0, 0x5EAB, 0x5EAB, 0x3CA0, 0x3CA0, 
    0x3CA0, 0x3CA0, 0x3CA0, 0x3CA0, 0x3CA0, 0x3CA0, 0x3CA0, 0x3CA0, 0x3CA0, 
    0x3CA0, 0x4E28, 0x3CA0, 0x4E28, 0x3CA0, 0x3CA0, 0x3CA0, 0x3CA0, 0x3CA0, 
    0x3CA0, 0x3CA0, 0x65F7, 0x3CA0, 0x65F7, 0x3CA0, 0x3CA0, 0x3CC7, 0x3CA0, 
    0x3CA0, 0x3CA0, 0x3CC7, 0x3CA0, 0x3CA0, 0x3CA0, 0x3CC7, 0x3CA0, 0x3CA0, 
    0x3CA0, 0x3CC7, 0x3CA0, 0x3CA0, 0x3CA0, 0x3CC7, 0x3CA0, 0x3CA0, 0x3CA0, 
    0x3CC7, 0x3CA0, 0x3CA0, 0x3CA0, 0x3CC7, 0x3CA0, 0x3CA0, 0x4257, 0x3CC7, 
    0x3CA0, 0x3CA0, 0x3CA0, 0x3CC7, 0x3CA0, 0x3CA0, 0x5EAB, 0x5ECC, 0x3CA0, 
    0x3CC7, 0x3CA0, 0x3CC7, 0x3CA0, 0x3CA0, 0x3CA0, 0x3CC7, 0x3CA0, 0x3CC7, 
    0x3CA0, 0x3CC7, 0x4E28, 0x3CC7, 0x4E28, 0x3CC7, 0x3CA0, 0x3CC7, 0x3CA0, 
    0x3CC7, 0x3CA0, 0x3CC7, 0x65F7, 0x3CC7, 0x65F7, 0x3CC7, 0x3CA0, 0x3CC7, 
    0x3CA0, 0x3CC7, 0x3CA0, 0x3CC7, 0x3CA0, 0x3CC7, 0x3CA0, 0x3CC7, 0x3CA0, 
    0x3CC7, 0x3CA0, 0x3CC7, 0x3CA0, 0x3CC7, 0x3CA0, 0x3CC7, 0x3CA0, 0x3CC7, 
    0x3CA0, 0x3CC7, 0x3CA0, 0x3CC7, 0x3CA0, 0x3CC7, 0x3CA0, 0x3CC7, 0x4257, 
    0x3CC7, 0x3CA0, 0x3CC7, 0x3CA0, 0x3CC7, 0x3CA0, 0x3CC7, 0x5EAB, 0x5ECC, 
    0x3CA0, 0x3CC7, 0x3CA0, 0x3CC7, 0x3CA0, 0x3CC7, 0x3CA0, 0x3CC7, 0x3CA0, 
    0x3CC7, 0x3CA0, 0x3CC7, 0x4E28, 0x3CC7, 0x4E28, 0x3CC7, 0x3CA0, 0x3CC7, 
    0x3CA0, 0x3CC7, 0x3CA0, 0x3CC7, 0x65F7, 0x3CC7, 0x65F7, 0x3CC7, 0x3CA0, 
    0x3CC7, 0x3CA0, 0x3CC7, 0x3CA0, 0x3CC7, 0x3CA0, 0x3CC7, 0x3CA0, 0x3CC7, 
    0x3CA0, 0x3CC7, 0x3CA0, 0x3CC7, 0x3CA0, 0x3CC7, 0x3CA0, 0x3CC7, 0x3CA0, 
    0x3CC7, 0x3CA0, 0x3CC7, 0x3CA0, 0x3CC7, 0x3CA0, 0x3CC7, 0x3CA0, 0x3CC7, 
    0x4257, 0x3CC7, 0x3CA0, 0x3CC7, 0x3CA0, 0x3CC7, 0x3CA0, 0x3CC7, 0x5EAB, 
    0x5ECC, 0x3CA0, 0x3CC7, 0x3CC7, 0x3CC7, 0x3CA0, 0x3CC7, 0x3CA0, 0x3CC7, 
    0x3CA0, 0x3CC7, 0x3CC7, 0x3CC7, 0x4E28, 0x3CC7, 0x4E29, 0x3CC7, 0x3CA0, 
    0x3CC7, 0x3CC7, 0x3CC7, 0x3CC7, 0x3CA0, 0x3CC7, 0x3CA0, 0x3CC7, 0x3CA0, 
    0x3CC7, 0x3CA0, 0x3CC7, 0x3CA0, 0x3CC7, 0x3CA0, 0x3CC7, 0x3CA0, 0x3CC7, 
    0x3CA0, 0x3CC7, 0x3CA0, 0x3CC7, 0x3CA0, 0x3CC7, 0x3CA0, 0x3CC7, 0x3CA0, 
    0x3CC7, 0x3CA0, 0x3CC7, 0x3CA0, 0x3CC7, 0x3CA0, 0x3CC7, 0x3CA0, 0x3CC7, 
    0x3CA0, 0x3CC7, 0x3CA0, 0x3CC7, 0x3CA0, 0x3CC7, 0x3CA0, 0x3DA7, 0x3CA0, 
    0x4188, 0x3CA0, 0x3CC7, 0x3CA0, 0x3CC7, 0x3CA0, 0x3CC7, 0x3CA0, 0x3CC7, 
    0x65F7, 0x3CC7, 0x3CA0, 0x3CC7, 0x3CA0, 0x3CC7, 0x3CA0, 0x3CC7, 0x3CA0, 
    0x3CC7, 0x3CA0, 0x3CC7, 0x3CA0, 0x3CC7, 0x3CA0, 0x3CC7, 0x3CA0, 0x3CC7, 
    0x3CA0, 0x3CC7, 0x3CA0, 0x3CC7, 0x3CA0, 0x3CC7, 0x3CA0, 0x3CC7, 0x3CA0, 
    0x3CC7, 0x3CA0, 0x3CC7, 0x3CA0, 0x3CC7, 0x3CA0, 0x3CC7, 0x3CA0, 0x3CC7, 
    0x3CA0, 0x3CC7, 0x3CA0, 0x3CC7, 0x3CA0, 0x3CC7, 0x3CA0, 0x3CC7, 0x3CA0, 
    0x3CC7, 0x3CA0, 0x3CC7, 0x3CA0, 0x3CC7, 0x3CA0, 0x3CC7, 0x3CA0, 0x3DA7, 
    0x3CA0, 0x4188, 0x3CA0, 0x3CC7, 0x3CA0, 0x3CC7, 0x3CA0, 0x3CC7, 0x3CC7, 
    0x3CC7, 0x65F7, 0x3CC7, 0x3CC7, 0x3CC7, 0x3CA0, 0x3CC7, 0x3CC7, 0x3CC7, 
    0x3CA0, 0x3CC7, 0x3CC7, 0x3CC7, 0x3CA0, 0x3CC7, 0x3CC7, 0x3CC7, 0x3CA0, 
    0x3CC7, 0x3CC7, 0x3CC7, 0x3CA0, 0x3CC7, 0x3CC7, 0x3CC7, 0x3CA0, 0x3CC7, 
    0x3CC7, 0x3CC7, 0x3CA0, 0x3CC7, 0x3CC7, 0x3CC7, 0x3CA0, 0x3CC7, 0x3CC7, 
    0x3CC7, 0x3CA0, 0x3CC7, 0x3CC7, 0x3CC7, 0x3CC7, 0x3CC7, 0x3CC7, 0x3CC7, 
    0x3CC7, 0x3CC7, 0x3CC7, 0x3CC7, 0x3CC7, 0x3CC7, 0x3CC7, 0x3CC7, 0x3CC7, 
    0x3DA7, 0x3CC7, 0x4188, 0x3CC7, 0x3CC7, 0x3CC7, 0x3CC7, 0x3CC7, 0x3CC7, 
    0x3CC7, 0x3CC7, 0x65F8, 0x3CC7, 0x3CC7, 0x3CC7, 0x3CC7, 0x3CC7, 0x3CC7, 
    0x3CC7, 0x3CC7, 0x3CC7, 0x3CC7, 0x3CC7, 0x3CC7, 0x3CC7, 0x3CC7, 0x3CC7, 
    0x3CC7, 0x3CC7, 0x3CC7, 0x3CC7, 0x3CC7, 0x3CC7, 0x3CC7, 0x3CC7, 0x3CC7, 
    0x3CC7, 0x3CC7, 0x3CC7, 0x3CC7, 0x3CC7, 0x3CC7, 0x3CC7, 0x3CC7, 0x3CC7, 
    0x3CC7, 0x3CC7, 0x3CC7, 0x3CC7, 0x3CC7, 0x3CC7, 0x3CC7, 0x3CC7, 0x3CC7, 
    0x3CC7, 0x3CC7, 0x3CC7, 0x3CC7, 0x3CC7, 0x3CC7, 0x3CC7, 0x3CC7, 0x3CC7, 
    0x3CC7, 0x3DA7, 0x3CC7, 0x4188, 0x3CC7, 0x3CC7, 0x3CC7, 0x3CC7, 0x3CC7, 
    0x3CA0, 0x3CA0, 0x3CA0, 0x3CA0, 0x3CA0, 0x3CA0, 0x3CA0, 0x3CA0, 0x3CA0, 
    0x3CA0, 0x3CA0, 0x3CA0, 0x3CA0, 0x3CA0, 0x3CA0, 0x3CA0, 0x3CA0, 0x3CA0, 
    0x3CA0, 0x3CA0, 0x3CA0, 0x3CA0, 0x3CA0, 0x3CA0, 0x41B8, 0x3CC7, 0x3CA0, 
    0x3CA0, 0x3CA0, 0x3CA0, 0x3CA0, 0x3CA0, 0x3CA0, 0x3CC7, 0x3CA0, 0x3CA0, 
    0x3CA0, 0x3CC7, 0x3CA0, 0x3CA0, 0x3CA0, 0x3CC7, 0x3964, 0x3CA0, 0x3CA0, 
    0x3CC7, 0x3CA0, 0x3CA0, 0x3CA0, 0x3CC7, 0x3CA0, 0x3CA0, 0x3CA0, 0x3CC7, 
    0x3CA0, 0x3CA0, 0x3CA0, 0x3CC7, 0x3CA0, 0x3CA0, 0x3CA0, 0x3CC7, 0x3CA0, 
    0x3CA0, 0x3CA0, 0x3CC7, 0x3CA0, 0x3CC7, 0x3CA0, 0x3CC7, 0x3CA0, 0x3CA0, 
    0x3CA0, 0x3CC7, 0x3CA0, 0x3CC7, 0x3CA0, 0x3CC7, 0x3CA0, 0x3CC7, 0x3CA0, 
    0x3CC7, 0x3CA0, 0x3CC7, 0x3CA0, 0x3CC7, 0x3CA0, 0x3CC7, 0x41B8, 0x3CC7, 
    0x3CA0, 0x3CC7, 0x3CA0, 0x3CC7, 0x3CA0, 0x3CC7, 0x3CA0, 0x3CC7, 0x3CA0, 
    0x3CC7, 0x3CA0, 0x3CC7, 0x3CA0, 0x3CC7, 0x3CA0, 0x3CC7, 0x3964, 0x3CC7, 
    0x3CA0, 0x3CC7, 0x3CA0, 0x3CC7, 0x3CA0, 0x3CC7, 0x3CA0, 0x3CC7, 0x3CA0, 
    0x3CC7, 0x3CA0, 0x3CC7, 0x3CA0, 0x3CC7, 0x3CA0, 0x3CC7, 0x3CA0, 0x3CC7, 
    0x3CA0, 0x3CC7, 0x3CA0, 0x3CC7, 0x3CA0, 0x3CC7, 0x3CA0, 0x3CC7, 0x3CA0, 
    0x3CC7, 0x3CA0, 0x3CC7, 0x3CA0, 0x3CC7, 0x3CA0, 0x3CC7, 0x3CA0, 0x3CC7, 
    0x3CA0, 0x3CC7, 0x3CA0, 0x3CC7, 0x3CA0, 0x3CC7, 0x3CA0, 0x3CC7, 0x41B8, 
    0x3CC7, 0x3CA0, 0x3CC7, 0x3CA0, 0x3CC7, 0x3CA0, 0x3CC7, 0x3CA0, 0x3CC7, 
    0x3CA0, 0x3CC7, 0x3CA0, 0x3CC7, 0x3CA0, 0x3CC7, 0x3CA0, 0x3CC7, 0x3964, 
    0x3CC7, 0x3CA0, 0x3CC7, 0x3CA0, 0x3CC7, 0x3CA0, 0x3CC7, 0x3CA0, 0x3CC7, 
    0x3CA0, 0x3CC7, 0x3CA0, 0x3CC7, 0x3CA0, 0x3CC7, 0x3CA0, 0x3CC7, 0x3CA0, 
    0x3CC7, 0x3CA0, 0x3CC7, 0x3CC7, 0x3CC7, 0x3CA0, 0x3CC7, 0x3CA0, 0x3CC7, 
    0x3CA0, 0x3CC7, 0x3CC7, 0x3CC7, 0x3CA0, 0x3CC7, 0x3CC7, 0x3CC7, 0x3CA0, 
    0x3CC7, 0x3CC7, 0x3CC7, 0x3CA0, 0x3CC7, 0x3CC7, 0x3CC7, 0x3CA0, 0x3CC7, 
    0x41BA, 0x3CC7, 0x3CA0, 0x3CC7, 0x3CC7, 0x3CC7, 0x3CA0, 0x3CC7, 0x3CC7, 
    0x3CC7, 0x3CA0, 0x3CC7, 0x3CC7, 0x3CC7, 0x3CA0, 0x3CC7, 0x3CC7, 0x3CC7, 
    0x3967, 0x3CC7, 0x3CC7, 0x3CC7, 0x3CA0, 0x3CC7, 0x3CC7, 0x3CA0, 0x3CC7, 
    0x3CA0, 0x3CA0, 0x3CA0, 0x3CC7, 0x3CA0, 0x3CC7, 0x3CA0, 0x3CC7, 0x3CA0, 
    0x3CC7, 0x3CA0, 0x3CC7, 0x3CA0, 0x3CC7, 0x3CA0, 0x3CC7, 0x3CA0, 0x3CC7, 
    0x3CA0, 0x3CC7, 0x3CA0, 0x45FA, 0x3CA0, 0x3CC7, 0x3CA0, 0x3CC7, 0x3CA0, 
    0x3CC7, 0x3CA0, 0x3CC7, 0x3CA0, 0x3CC7, 0x3CA0, 0x3CC7, 0x3CA0, 0x3CC7, 
    0x3CA0, 0x3CC7, 0x3CA0, 0x3125, 0x3CA0, 0x3CC7, 0x3CA0, 0x3CC7, 0x3CA0, 
    0x3CC7, 0x3CA0, 0x3CC7, 0x3CA0, 0x3CC7, 0x3CA0, 0x3CC7, 0x3CA0, 0x3CC7, 
    0x3CA0, 0x3CC7, 0x3CA0, 0x3CC7, 0x3CA0, 0x3CC7, 0x3CA0, 0x3CC7, 0x3CA0, 
    0x3CC7, 0x3CA0, 0x3CC7, 0x3CA0, 0x3CC7, 0x3CA0, 0x3CC7, 0x3CA0, 0x3CC7, 
    0x3CA0, 0x3CC7, 0x3CA0, 0x3CC7, 0x3CA0, 0x3CC7, 0x3CA0, 0x3CC7, 0x3CA0, 
    0x3CC7, 0x3CA0, 0x3CC7, 0x3CA0, 0x45FA, 0x3CA0, 0x3CC7, 0x3CA0, 0x3CC7, 
    0x3CA0, 0x3CC7, 0x3CA0, 0x3CC7, 0x3CA0, 0x3CC7, 0x3CA0, 0x3CC7, 0x3CA0, 
    0x3CC7, 0x3CA0, 0x3CC7, 0x3CA0, 0x3125, 0x3CA0, 0x3CC7, 0x3CA0, 0x3CC7, 
    0x3CA0, 0x3CC7, 0x3CA0, 0x3CC7, 0x3CA0, 0x3CC7, 0x3CA0, 0x3CC7, 0x3CA0, 
    0x3CC7, 0x3CA0, 0x3CC7, 0x3CA0, 0x3CC7, 0x3CA0, 0x3CC7, 0x3CA0, 0x3CC7, 
    0x3CA0, 0x3CC7, 0x3CC7, 0x3CC7, 0x3CA0, 0x3CC7, 0x3CA0, 0x3CC7, 0x3CA0, 
    0x3CC7, 0x3CC7, 0x3CC7, 0x3CA0, 0x3CC7, 0x3CC7, 0x3CC7, 0x3CA0, 0x3CC7, 
    0x3CC7, 0x3CC7, 0x3CA0, 0x3CC7, 0x3CC7, 0x45FA, 0x3CA0, 0x3CC7, 0x3CC7, 
    0x3CC7, 0x3CA0, 0x3CC7, 0x3CC7, 0x3CC7, 0x3CA0, 0x3CC7, 0x3CC7, 0x3CC7, 
    0x3CA0, 0x3CC7, 0x3CC7, 0x3CC7, 0x3CC7, 0x3125, 0x3CC7, 0x3CC7, 0x3CA0, 
    0x3CC7, 0x3CC7, 0x3CC7, 0x3CC7, 0x3CC7, 0x3CC7, 0x3CC7, 0x3CC7, 0x3CC7, 
    0x3CC7, 0x3CC7, 0x3CC7, 0x3CC7, 0x3CC7, 0x3CC7, 0x3CC7, 0x3CC7, 0x3CC7, 
    0x3CC7, 0x3CC7, 0x3CC7, 0x3CC7, 0x3CC7, 0x3CC7, 0x3CC7, 0x3CC7, 0x3CC7, 
    0x3CC7, 0x3CC7, 0x3CC7, 0x3CC7, 0x3CC7, 0x3CC7, 0x3CC7, 0x3CC7, 0x3CC7, 
    0x3CC7, 0x3CC7, 0x3CC7, 0x3CC7, 0x3CC7, 0x3CC7, 0x45FA, 0x3CC7, 0x3CC7, 
    0x3CC7, 0x3CC7, 0x3CC7, 0x3CC7, 0x3CC7, 0x3CC7, 0x3CC7, 0x3CC7, 0x3CC7, 
    0x3CC7, 0x3CC7, 0x3CC7, 0x3CC7, 0x3CC7, 0x3CC7, 0x3125, 0x3CC7, 0x3CC7, 
    0x3CC7, 0x3CC7, 0x3CC7, 0x3CA0, 0x3CA0, 0x3CA0, 0x3CA0, 0x3CA0, 0x3CA0, 
    0x3CA0, 0x3CA0, 0x3CA0, 0x3CA0, 0x3CA0, 0x3CA0, 0x3CA0, 0x3CA0, 0x3CA0, 
    0x3CA0, 0x3CA0, 0x3CA0, 0x3CA0, 0x3CA0, 0x3CA0, 0x3CA0, 0x4E38, 0x3CA0, 
    0x4E38, 0x3CA0, 0x4E38, 0x3CA0, 0x3CA0, 0x3CA0, 0x3CA0, 0x3CA0, 0x3CA0, 
    0x3CA0, 0x3CA0, 0x3CA0, 0x3CA0, 0x3CA0, 0x3CA0, 0x3CA0, 0x3CA0, 0x3CA0, 
    0x3CA0, 0x3CC7, 0x3CA0, 0x3CA0, 0x3CA0, 0x3CA0, 0x3CA0, 0x3CA0, 0x3CA0, 
    0x3CC7, 0x3CA0, 0x3CA0, 0x3CA0, 0x31B6, 0x31B5, 0x3CA0, 0x3CA0, 0x3CC7, 
    0x3CA0, 0x3CA0, 0x3CA0, 0x3CC7, 0x3CA0, 0x3CA0, 0x3CA0, 0x3CC7, 0x3CA0, 
    0x3CA0, 0x3CA0, 0x3CC7, 0x3CA0, 0x3CA0, 0x3CA0, 0x3CC7, 0x3CA0, 0x3CA0, 
    0x3CA0, 0x3CC7, 0x3CA0, 0x3CA0, 0x3CA0, 0x3CC7, 0x3CA0, 0x3CA0, 0x4E38, 
    0x3CC7, 0x4E38, 0x3CC7, 0x4E38, 0x3CC7, 0x3CA0, 0x3CA0, 0x3CA0, 0x3CC7, 
    0x3CA0, 0x3CC7, 0x3CA0, 0x3CC7, 0x3CA0, 0x3CC7, 0x3CA0, 0x3CC7, 0x3CA0, 
    0x3CC7, 0x3CA0, 0x3CC7, 0x3CA0, 0x3CC7, 0x3CA0, 0x3CC7, 0x3CA0, 0x3CC7, 
    0x3CA0, 0x3CC7, 0x3CA0, 0x3CC7, 0x3CA0, 0x31B6, 0x31B5, 0x3CC7, 0x3CA0, 
    0x3CC7, 0x3CA0, 0x3CC7, 0x3CA0, 0x3CC7, 0x3CA0, 0x3CC7, 0x3CA0, 0x3CC7, 
    0x3CA0, 0x3CC7, 0x3CA0, 0x3CC7, 0x3CA0, 0x3CC7, 0x3CA0, 0x3CC7, 0x3CA0, 
    0x3CC7, 0x3CA0, 0x3CC7, 0x3CA0, 0x3CC7, 0x3CA0, 0x3CC7, 0x3CA0, 0x3CC7, 
    0x4E38, 0x3CC7, 0x4E38, 0x3CC7, 0x4E38, 0x3CC7, 0x3CA0, 0x3CC7, 0x3CA0, 
    0x3CC7, 0x3CA0, 0x3CC7, 0x3CA0, 0x3CC7, 0x3CA0, 0x3CC7, 0x3CA0, 0x3CC7, 
    0x3CA0, 0x3CC7, 0x3CA0, 0x3CC7, 0x3CA0, 0x3CC7, 0x3CA0, 0x3CC7, 0x3CA0, 
    0x3CC7, 0x3CA0, 0x3CC7, 0x3CA0, 0x3CC7, 0x3CA0, 0x31B6, 0x31B5, 0x3CC7, 
    0x3CA0, 0x3CC7, 0x3CA0, 0x3CC7, 0x3CA0, 0x3CC7, 0x3CA0, 0x3CC7, 0x3CA0, 
    0x3CC7, 0x3CA0, 0x3CC7, 0x3CA0, 0x3CC7, 0x3CA0, 0x3CC7, 0x3CA0, 0x3CC7, 
    0x3CA0, 0x3CC7, 0x3CA0, 0x3CC7, 0x3CA0, 0x3CC7, 0x3CC7, 0x3CC7, 0x3CA0, 
    0x3CC7, 0x4E38, 0x3CC7, 0x4E38, 0x3CC7, 0x4E3A, 0x3CC7, 0x3CA0, 0x3CC7, 
    0x3CC7, 0x3CC7, 0x3CA0, 0x3CC7, 0x3CC7, 0x3CC7, 0x3CA0, 0x3CC7, 0x3CC7, 
    0x3CC7, 0x3CA0, 0x3CC7, 0x3CC7, 0x3CC7, 0x3CA0, 0x3CC7, 0x3CC7, 0x3CC7, 
    0x3CC7, 0x3CA0, 0x3CC7, 0x3CA0, 0x3CC7, 0x3CA0, 0x3CC7, 0x3CA0, 0x3CC7, 
    0x3CA0, 0x3CC7, 0x3CA0, 0x3CC7, 0x3CA0, 0x3CC7, 0x3CA0, 0x3CC7, 0x3CA0, 
    0x3CC7, 0x3CA0, 0x3CC7, 0x3CA0, 0x3CC7, 0x5259, 0x5B1A, 0x5259, 0x3CC7, 
    0x3CA0, 0x3CC7, 0x3CA0, 0x3CC7, 0x3CA0, 0x3CC7, 0x3CA0, 0x3CC7, 0x3CA0, 
    0x3CC7, 0x3CA0, 0x3CC7, 0x3CA0, 0x3CC7, 0x3CA0, 0x3CC7, 0x3CA0, 0x3CC7, 
    0x3CA0, 0x3CC7, 0x3CA0, 0x3CC7, 0x3CA0, 0x3CC7, 0x3CA0, 0x3CC7, 0x3CA0, 
    0x3CC7, 0x31B5, 0x31B6, 0x3CA0, 0x3CC7, 0x3CA0, 0x3CC7, 0x3CA0, 0x3CC7, 
    0x3CA0, 0x3CC7, 0x3CA0, 0x3CC7, 0x3CA0, 0x3CC7, 0x3CA0, 0x3CC7, 0x3CA0, 
    0x3CC7, 0x3CA0, 0x3CC7, 0x3CA0, 0x3CC7, 0x3CA0, 0x3CC7, 0x3CA0, 0x3CC7, 
    0x3CA0, 0x3CC7, 0x3CA0, 0x3CC7, 0x3CA0, 0x3CC7, 0x5259, 0x5B1A, 0x5259, 
    0x3CC7, 0x3CA0, 0x3CC7, 0x3CA0, 0x3CC7, 0x3CA0, 0x3CC7, 0x3CA0, 0x3CC7, 
    0x3CA0, 0x3CC7, 0x3CA0, 0x3CC7, 0x3CA0, 0x3CC7, 0x3CA0, 0x3CC7, 0x3CA0, 
    0x3CC7, 0x3CC7, 0x3CC7, 0x3CA0, 0x3CC7, 0x3CA0, 0x3CC7, 0x3CA0, 0x3CC7, 
    0x3CC7, 0x3CC7, 0x31B5, 0x31B6, 0x3CC7, 0x3CC7, 0x3CA0, 0x3CC7, 0x3CC7, 
    0x3CC7, 0x3CA0, 0x3CC7, 0x3CC7, 0x3CC7, 0x3CA0, 0x3CC7, 0x3CC7, 0x3CC7, 
    0x3CA0, 0x3CC7, 0x3CC7, 0x3CC7, 0x3CA0, 0x3CC7, 0x3CC7, 0x3CC7, 0x3CA0, 
    0x3CC7, 0x3CC7, 0x3CC7, 0x3CA0, 0x3CC7, 0x3CC7, 0x3CC7, 0x527A, 0x5B1A, 
    0x527A, 0x3CC7, 0x3CA0, 0x3CC7, 0x3CC7, 0x3CC7, 0x3CC7, 0x3CC7, 0x3CC7, 
    0x3CC7, 0x3CC7, 0x3CC7, 0x3CC7, 0x3CC7, 0x3CC7, 0x3CC7, 0x3CC7, 0x3CC7, 
    0x3CC7, 0x3CC7, 0x3CC7, 0x3CC7, 0x3CC7, 0x3CC7, 0x3CC7, 0x3CC7, 0x3CC7, 
    0x3CC7, 0x3CC7, 0x3CC7, 0x31B6, 0x31B6, 0x3CC7, 0x3CC7, 0x3CC7, 0x3CC7, 
    0x3CC7, 0x3CC7, 0x3CC7, 0x3CC7, 0x3CC7, 0x3CC7, 0x3CC7, 0x3CC7, 0x3CC7, 
    0x3CC7, 0x3CC7, 0x3CC7, 0x3CC7, 0x3CC7, 0x3CC7, 0x3CC7, 0x3CC7, 0x3CC7, 
    0x3CC7, 0x3CC7, 0x3CC7, 0x3CC7, 0x3CC7, 0x3CC7, 0x3CC7, 0x3CC7, 0x527A, 
    0x5B1A, 0x527A, 0x3CC7, 0x3CC7, 0x3CC7, 0x3CC7, 0x3CC7, 0x3CC7, 0x3CC7, 
    0x3CC7, 0x3CC7, 0x3CC7, 0x3CC7, 0x3CC7, 0x3CC7, 0x3CC7, 0x3CC7, 0x3CC7, 
    0x3CC7, 0x3CC7, 0x3CC7, 0x3CC7, 0x3CC7, 0x3CC7, 0x3CA0, 0x3CA0, 0x3CA0, 
    0x3CA0, 0x3CA0, 0x3CA0, 0x3CA0, 0x3CA0, 0x3CA0, 0x3CA0, 0x3CA0, 0x3CA0, 
    0x3CA0, 0x3CA0, 0x3CA0, 0x3CA0, 0x3CA0, 0x3CA0, 0x3CA0, 0x3CA0, 0x41B8, 
    0x45F8, 0x4E38, 0x5B19, 0x5B19, 0x5B19, 0x4E38, 0x45F8, 0x41B8, 0x3CC7, 
    0x3CA0, 0x3CA0, 0x3CA0, 0x3CA0, 0x3CA0, 0x3CA0, 0x3CA0, 0x3CC7, 0x3CA0, 
    0x3CA0, 0x3CA0, 0x3CC7, 0x3CA0, 0x3CA0, 0x3CA0, 0x3CC7, 0x3CA0, 0x3CA0, 
    0x3CA0, 0x3CC7, 0x3CA0, 0x3CA0, 0x3CA0, 0x3CC7, 0x3CA0, 0x3CA0, 0x3CA0, 
    0x3CC7, 0x3CA0, 0x3CA0, 0x3CA0, 0x3CC7, 0x3CA0, 0x3CA0, 0x3CA0, 0x3CC7, 
    0x3CA0, 0x3CA0, 0x3CA0, 0x3CC7, 0x3CA0, 0x3CC7, 0x3CA0, 0x3CC7, 0x3CA0, 
    0x3CA0, 0x3CA0, 0x3CC7, 0x3CA0, 0x3CC7, 0x3CA0, 0x3CC7, 0x3CA0, 0x3CC7, 
    0x41B8, 0x45FA, 0x4E38, 0x5B1A, 0x5B19, 0x5B1A, 0x4E38, 0x45FA, 0x41B8, 
    0x3CC7, 0x3CA0, 0x3CC7, 0x3CA0, 0x3CC7, 0x3CA0, 0x3CC7, 0x3CA0, 0x3CC7, 
    0x3CA0, 0x3CC7, 0x3CA0, 0x3CC7, 0x3CA0, 0x3CC7, 0x3CA0, 0x3CC7, 0x3CA0, 
    0x3CC7, 0x3CA0, 0x3CC7, 0x3CA0, 0x3CC7, 0x3CA0, 0x3CC7, 0x3CA0, 0x3CC7, 
    0x3CA0, 0x3CC7, 0x3CA0, 0x3CC7, 0x3CA0, 0x3CC7, 0x3CA0, 0x3CC7, 0x3CA0, 
    0x3CC7, 0x3CA0, 0x3CC7, 0x3CA0, 0x3CC7, 0x3CA0, 0x3CC7, 0x3CA0, 0x3CC7, 
    0x3CA0, 0x3CC7, 0x3CA0, 0x3CC7, 0x3CA0, 0x3CC7, 0x3CA0, 0x3CC7, 0x3CA0, 
    0x3CC7, 0x41B8, 0x45FA, 0x4E38, 0x5B1A, 0x5B19, 0x5B1A, 0x4E38, 0x45FA, 
    0x41B8, 0x3CC7, 0x3CA0, 0x3CC7, 0x3CA0, 0x3CC7, 0x3CA0, 0x3CC7, 0x3CA0, 
    0x3CC7, 0x3CA0, 0x3CC7, 0x3CA0, 0x3CC7, 0x3CA0, 0x3CC7, 0x3CA0, 0x3CC7, 
    0x3CA0, 0x3CC7, 0x3CA0, 0x3CC7, 0x3CA0, 0x3CC7, 0x3CA0, 0x3CC7, 0x3CA0, 
    0x3CC7, 0x3CA0, 0x3CC7, 0x3CA0, 0x3CC7, 0x3CA0, 0x3CC7, 0x3CA0, 0x3CC7, 
    0x3CA0, 0x3CC7, 0x3CA0, 0x3CC7, 0x3CC7, 0x3CC7, 0x3CA0, 0x3CC7, 0x3CA0, 
    0x3CC7, 0x3CA0, 0x3CC7, 0x3CC7, 0x3CC7, 0x3CA0, 0x3CC7, 0x3CC7, 0x3CC7, 
    0x3CA0, 0x3CC7, 0x41BA, 0x45FA, 0x4E38, 0x5B1A, 0x5B1A, 0x5B1A, 0x4E38, 
    0x45FA, 0x41BA, 0x3CC7, 0x3CA0, 0x3CC7, 0x3CC7, 0x3CC7, 0x3CA0, 0x3CC7, 
    0x3CC7, 0x3CC7, 0x3CA0, 0x3CC7, 0x3CC7, 0x3CC7, 0x3CA0, 0x3CC7, 0x3CC7, 
    0x3CC7, 0x3CC7, 0x3CC7, 0x3CA0, 0x3CA0, 0x3CC7, 0x3CA0, 0x3CC7, 0x3CA0, 
    0x3CC7, 0x3CA0, 0x3CA0, 0x3CA0, 0x3CC7, 0x3CA0, 0x3CC7, 0x3CA0, 0x3CC7, 
    0x3CA0, 0x3CC7, 0x3CA0, 0x3CC7, 0x3CA0, 0x3CC7, 0x3CA0, 0x3CC7, 0x5259, 
    0x5B1A, 0x5259, 0x3CC7, 0x3CA0, 0x3CC7, 0x3CA0, 0x3CC7, 0x3CA0, 0x3CC7, 
    0x3CA0, 0x3CC7, 0x3CA0, 0x3CC7, 0x3CA0, 0x3CC7, 0x3CA0, 0x3CC7, 0x3CA0, 
    0x3CC7, 0x3CA0, 0x3CC7, 0x3CA0, 0x3CC7, 0x69D7, 0x3CC7, 0x3CA0, 0x3CC7, 
    0x3CA0, 0x3CC7, 0x3CA0, 0x3CC7, 0x3CA0, 0x3CC7, 0x3CA0, 0x3CC7, 0x3CA0, 
    0x3CC7, 0x3CA0, 0x3CC7, 0x3CA0, 0x3CC7, 0x3CA0, 0x3CC7, 0x3CA0, 0x3CC7, 
    0x3CA0, 0x3CC7, 0x3CA0, 0x3CC7, 0x3CA0, 0x3CC7, 0x3CA0, 0x3CC7, 0x3CA0, 
    0x3CC7, 0x3CA0, 0x3CC7, 0x3CA0, 0x3CC7, 0x3CA0, 0x3CC7, 0x3CA0, 0x3CC7, 
    0x5259, 0x5B1A, 0x5259, 0x3CC7, 0x3CA0, 0x3CC7, 0x3CA0, 0x3CC7, 0x3CA0, 
    0x3CC7, 0x3CA0, 0x3CC7, 0x3CA0, 0x3CC7, 0x3CA0, 0x3CC7, 0x3CA0, 0x3CC7, 
    0x3CA0, 0x3CC7, 0x3CA0, 0x3CC7, 0x3CA0, 0x3CC7, 0x69D7, 0x3CC7, 0x3CA0, 
    0x3CC7, 0x3CA0, 0x3CC7, 0x3CA0, 0x3CC7, 0x3CA0, 0x3CC7, 0x3CA0, 0x3CC7, 
    0x3CA0, 0x3CC7, 0x3CA0, 0x3CC7, 0x3CA0, 0x3CC7, 0x3CA0, 0x3CC7, 0x3CA0, 
    0x3CC7, 0x3CA0, 0x3CC7, 0x3CC7, 0x3CC7, 0x3CA0, 0x3CC7, 0x3CC7, 0x3CC7, 
    0x3CA0, 0x3CC7, 0x3CC7, 0x3CC7, 0x3CA0, 0x3CC7, 0x3CC7, 0x3CC7, 0x3CA0, 
    0x3CC7, 0x527A, 0x5B1A, 0x5259, 0x3CC7, 0x3CC7, 0x3CC7, 0x3CA0, 0x3CC7, 
    0x3CC7, 0x3CC7, 0x3CA0, 0x3CC7, 0x3CC7, 0x3CC7, 0x3CA0, 0x3CC7, 0x3CC7, 
    0x3CC7, 0x3CA0, 0x3CC7, 0x3CC7, 0x3CC7, 0x3CC7, 0x3CC7, 0x69D9, 0x3CC7, 
    0x3CA0, 0x3CC7, 0x3CC7, 0x3CC7, 0x3CC7, 0x3CC7, 0x3CC7, 0x3CC7, 0x3CC7, 
    0x3CC7, 0x3CC7, 0x3CC7, 0x3CC7, 0x3CC7, 0x3CC7, 0x3CC7, 0x3CC7, 0x3CC7, 
    0x3CC7, 0x3CC7, 0x3CC7, 0x3CC7, 0x3CC7, 0x3CC7, 0x3CC7, 0x3CC7, 0x3CC7, 
    0x3CC7, 0x3CC7, 0x3CC7, 0x3CC7, 0x3CC7, 0x3CC7, 0x3CC7, 0x3CC7, 0x3CC7, 
    0x3CC7, 0x3CC7, 0x527A, 0x5B1A, 0x527A, 0x3CC7, 0x3CC7, 0x3CC7, 0x3CC7, 
    0x3CC7, 0x3CC7, 0x3CC7, 0x3CC7, 0x3CC7, 0x3CC7, 0x3CC7, 0x3CC7, 0x3CC7, 
    0x3CC7, 0x3CC7, 0x3CC7, 0x3CC7, 0x3CC7, 0x3CC7, 0x3CC7, 0x3CC7, 0x69D9, 
    0x3CA0, 0x3CA0, 0x3CA0, 0x3CA0, 0x3CA0, 0x3CA0, 0x3CA0, 0x3CA0, 0x3CA0, 
    0x3CA0, 0x3CA0, 0x3CA0, 0x3CA0, 0x3CA0, 0x3CA0, 0x3CA0, 0x3CA0, 0x3CA0, 
    0x3CA0, 0x3CA0, 0x3CA0, 0x3CA0, 0x4E38, 0x3CA0, 0x4E38, 0x3CA0, 0x4E38, 
    0x3CA0, 0x3CA0, 0x3CA0, 0x3CA0, 0x3CA0, 0x3CA0, 0x3CA0, 0x3CA0, 0x3CA0, 
    0x3CA0, 0x3CA0, 0x3CA0, 0x3CA0, 0x3CA0, 0x3CA0, 0x3CA0, 0x3CA0, 0x3CA0, 
    0x3CA0, 0x3CA0, 0x3CC7, 0x3CA0, 0x3CA0, 0x3CA0, 0x3CA0, 0x3CA0, 0x3CA0, 
    0x3CA0, 0x3CC7, 0x3CA0, 0x3CA0, 0x3CA0, 0x3CC7, 0x3CA0, 0x3CA0, 0x3CA0, 
    0x3CC7, 0x3CA0, 0x3CA0, 0x3CA0, 0x3CC7, 0x3CA0, 0x3CA0, 0x3CA0, 0x3CC7, 
    0x3CA0, 0x3CA0, 0x3CA0, 0x3CC7, 0x3CA0, 0x3CA0, 0x3CA0, 0x3CC7, 0x3CA0, 
    0x3CA0, 0x3CA0, 0x3CC7, 0x3CA0, 0x3CA0, 0x4E38, 0x3CC7, 0x4E38, 0x3CA0, 
    0x4E38, 0x3CC7, 0x3CA0, 0x3CC7, 0x3CA0, 0x3CC7, 0x3CA0, 0x3CC7, 0x3CA0, 
    0x3CC7, 0x3CA0, 0x3CC7, 0x3CA0, 0x3CC7, 0x3CA0, 0x3CC7, 0x3CA0, 0x3CC7, 
    0x3CA0, 0x3CC7, 0x3CA0, 0x3CC7, 0x3CA0, 0x3CC7, 0x3CA0, 0x3CC7, 0x3CA0, 
    0x3CC7, 0x3CA0, 0x3CC7, 0x3CA0, 0x3CC7, 0x3CA0, 0x3CC7, 0x3CA0, 0x3CC7, 
    0x3CA0, 0x3CC7, 0x3CA0, 0x3CC7, 0x3CA0, 0x3CC7, 0x3CA0, 0x3CC7, 0x3CA0, 
    0x3CC7, 0x3CA0, 0x3CC7, 0x3CA0, 0x3CC7, 0x3CA0, 0x3CC7, 0x3CA0, 0x3CC7, 
    0x3CA0, 0x3CC7, 0x3CA0, 0x3CC7, 0x3CA0, 0x3CC7, 0x4E38, 0x3CC7, 0x4E38, 
    0x3CC7, 0x4E38, 0x3CC7, 0x3CA0, 0x3CC7, 0x3CA0, 0x3CC7, 0x3CA0, 0x3CC7, 
    0x3CA0, 0x3CC7, 0x3CA0, 0x3CC7, 0x3CA0, 0x3CC7, 0x3CA0, 0x3CC7, 0x3CA0, 
    0x3CC7, 0x3CA0, 0x3CC7, 0x3CA0, 0x3CC7, 0x3CA0, 0x3CC7, 0x3CA0, 0x3CC7, 
    0x3CA0, 0x3CC7, 0x3CA0, 0x3CC7, 0x3CA0, 0x3CC7, 0x3CA0, 0x3CC7, 0x3CA0, 
    0x3CC7, 0x3CA0, 0x3CC7, 0x3CA0, 0x3CC7, 0x3CA0, 0x3CC7, 0x3CA0, 0x3CC7, 
    0x3CA0, 0x3CC7, 0x3CA0, 0x3CC7, 0x3CA0, 0x3CC7, 0x3CA0, 0x3CC7, 0x3CA0, 
    0x3CC7, 0x3CA0, 0x3CC7, 0x3CA0, 0x3CC7, 0x3CA0, 0x3CC7, 0x4E3A, 0x3CC7, 
    0x4E38, 0x3CC7, 0x4E38, 0x3CC7, 0x3CA0, 0x3CC7, 0x3CC7, 0x3CC7, 0x3CA0, 
    0x3CC7, 0x3CC7, 0x3CC7, 0x3CA0, 0x3CC7, 0x3CC7, 0x3CC7, 0x3CA0, 0x3CC7, 
    0x3CC7, 0x3CC7, 0x3CA0, 0x3CC7, 0x3CC7, 0x3CC7, 0x3CC7, 0x3CA0, 0x3CC7, 
    0x3CA0, 0x3CC7, 0x3CA0, 0x3CC7, 0x3CA0, 0x3CC7, 0x3CA0, 0x3CC7, 0x3CA0, 
    0x3CC7, 0x3CA0, 0x3CC7, 0x3CA0, 0x3CC7, 0x3CA0, 0x3CC7, 0x3CA0, 0x3CC7, 
    0x3CA0, 0x3CC7, 0x3CA0, 0x45FA, 0x3CA0, 0x3CC7, 0x3CA0, 0x3CC7, 0x3CA0, 
    0x3CC7, 0x3CA0, 0x3CC7, 0x3CA0, 0x3CC7, 0x3CA0, 0x3CC7, 0x3CA0, 0x3CC7, 
    0x3CA0, 0x3CC7, 0x3CA0, 0x3CC7, 0x3CA0, 0x3CC7, 0x3CA0, 0x3CC7, 0x3CA0, 
    0x3CC7, 0x3CA0, 0x3CC7, 0x3CA0, 0x3CC7, 0x3CA0, 0x5ECC, 0x3CA0, 0x3CC7, 
    0x3CA0, 0x3CC7, 0x3CA0, 0x3CC7, 0x3CA0, 0x3CC7, 0x3CA0, 0x3CC7, 0x3CA0, 
    0x3CC7, 0x3CA0, 0x3CC7, 0x3CA0, 0x3CC7, 0x3CA0, 0x3CC7, 0x3CA0, 0x3CC7, 
    0x3CA0, 0x3CC7, 0x3CA0, 0x3CC7, 0x3CA0, 0x3CC7, 0x3CA0, 0x3CC7, 0x3CA0, 
    0x3CC7, 0x3CA0, 0x3CC7, 0x3CA0, 0x45FA, 0x3CA0, 0x3CC7, 0x3CA0, 0x3CC7, 
    0x3CA0, 0x3CC7, 0x3CA0, 0x3CC7, 0x3CA0, 0x3CC7, 0x3CA0, 0x3CC7, 0x3CA0, 
    0x3CC7, 0x3CA0, 0x3CC7, 0x3CC7, 0x3CC7, 0x3CA0, 0x3CC7, 0x3CA0, 0x3CC7, 
    0x3CA0, 0x3CC7, 0x3CC7, 0x3CC7, 0x3CA0, 0x3CC7, 0x3CC7, 0x5ECC, 0x3CA0, 
    0x3CC7, 0x3CC7, 0x3CC7, 0x3CA0, 0x3CC7, 0x3CC7, 0x3CC7, 0x3CA0, 0x3CC7, 
    0x3CC7, 0x3CC7, 0x3CA0, 0x3CC7, 0x3CC7, 0x3CC7, 0x3CA0, 0x3CC7, 0x3CC7, 
    0x3CC7, 0x3CA0, 0x3CC7, 0x3CC7, 0x3CC7, 0x3CA0, 0x3CC7, 0x3CC7, 0x3CC7, 
    0x3CC7, 0x3CC7, 0x3CC7, 0x3CC7, 0x3CA0, 0x45FA, 0x3CC7, 0x3CC7, 0x3CC7, 
    0x3CC7, 0x3CC7, 0x3CC7, 0x3CC7, 0x3CC7, 0x3CC7, 0x3CC7, 0x3CC7, 0x3CC7, 
    0x3CC7, 0x3CC7, 0x3CC7, 0x3CC7, 0x3CC7, 0x3CC7, 0x3CC7, 0x3CC7, 0x3CC7, 
    0x3CC7, 0x3CC7, 0x3CC7, 0x3CC7, 0x3CC7, 0x3CC7, 0x3CC7, 0x3CC7, 0x5ECC, 
    0x3CC7, 0x3CC7, 0x3CC7, 0x3CC7, 0x3CC7, 0x3CC7, 0x3CC7, 0x3CC7, 0x3CC7, 
    0x3CC7, 0x3CC7, 0x3CC7, 0x3CC7, 0x3CC7, 0x3CC7, 0x3CC7, 0x3CC7, 0x3CC7, 
    0x3CC7, 0x3CC7, 0x3CC7, 0x3CC7, 0x3CC7, 0x3CC7, 0x3CC7, 0x3CC7, 0x3CC7, 
    0x3CC7, 0x3CC7, 0x3CC7, 0x3CC7, 0x3CC7, 0x3CC7, 0x45FA, 0x3CC7, 0x3CC7, 
    0x3CC7, 0x3CC7, 0x3CC7, 0x3CC7, 0x3CC7, 0x3CC7, 0x3CC7, 0x3CC7, 0x3CC7, 
    0x3CC7, 0x3CC7, 0x3CC7, 0x3CC7, 0x3CC7, 0x3CC7, 0x3CC7, 0x3CC7, 0x3CC7, 
    0x3CC7, 0x3CC7, 0x3CC7, 0x3CA0, 0x3CA0, 0x3CA0, 0x3CA0, 0x3CA0, 0x3CA0, 
    0x3CA0, 0x3CA0, 0x3CA0, 0x3CA0, 0x490A, 0x3CA0, 0x3CA0, 0x3CA0, 0x3CA0, 
    0x3CA0, 0x3CA0, 0x3CC7, 0x3CA0, 0x3CA0, 0x3CA0, 0x3CA0, 0x3CA0, 0x3CA0, 
    0x41B8, 0x3CC7, 0x3CA0, 0x3CA0, 0x3CA0, 0x3CC7, 0x3CA0, 0x3CA0, 0x3CA0, 
    0x3CC7, 0x3CA0, 0x3CA0, 0x3CA0, 0x3CC7, 0x3CA0, 0x3CA0, 0x3CA0, 0x3CC7, 
    0x3CA0, 0x3CA0, 0x3CA0, 0x3CC7, 0x3CA0, 0x3CA0, 0x3CA0, 0x3CC7, 0x3CA0, 
    0x3CA0, 0x3CA0, 0x3CC7, 0x3CA0, 0x3CA0, 0x3CA0, 0x3CC7, 0x3CA0, 0x3CC7, 
    0x3CA0, 0x3CC7, 0x3CA0, 0x3CA0, 0x3CA0, 0x3CC7, 0x3CA0, 0x3CC7, 0x3CA0, 
    0x3CC7, 0x3CA0, 0x3CC7, 0x3CA0, 0x3CC7, 0x490A, 0x3CC7, 0x3CA0, 0x3CC7, 
    0x3CA0, 0x3CC7, 0x3CA0, 0x3CC7, 0x3CA0, 0x3CC7, 0x3CA0, 0x3CC7, 0x3CA0, 
    0x3CC7, 0x41B8, 0x3CC7, 0x3CA0, 0x3CC7, 0x3CA0, 0x3CC7, 0x3CA0, 0x3CC7, 
    0x3CA0, 0x3CC7, 0x3CA0, 0x3CC7, 0x3CA0, 0x3CC7, 0x3CA0, 0x3CC7, 0x3CA0, 
    0x3CC7, 0x3CA0, 0x3CC7, 0x3CA0, 0x3CC7, 0x3CA0, 0x3CC7, 0x3CA0, 0x3CC7, 
    0x3CA0, 0x3CC7, 0x3CA0, 0x3CC7, 0x3CA0, 0x3CC7, 0x3CA0, 0x3CC7, 0x3CA0, 
    0x3CC7, 0x3CA0, 0x3CC7, 0x3CA0, 0x3CC7, 0x3CA0, 0x3CC7, 0x3CA0, 0x3CC7, 
    0x3CA0, 0x3CC7, 0x3CA0, 0x3CC7, 0x3CA0, 0x3CC7, 0x490A, 0x3CC7, 0x3CA0, 
    0x3CC7, 0x3CA0, 0x3CC7, 0x3CA0, 0x3CC7, 0x3CA0, 0x3CC7, 0x3CA0, 0x3CC7, 
    0x3CA0, 0x3CC7, 0x41B8, 0x3CC7, 0x3CA0, 0x3CC7, 0x3CA0, 0x3CC7, 0x3CA0, 
    0x3CC7, 0x3CA0, 0x3CC7, 0x3CA0, 0x3CC7, 0x3CA0, 0x3CC7, 0x3CA0, 0x3CC7, 
    0x3CA0, 0x3CC7, 0x3CA0, 0x3CC7, 0x3CA0, 0x3CC7, 0x3CA0, 0x3CC7, 0x3CA0, 
    0x3CC7, 0x3CA0, 0x3CC7, 0x3CA0, 0x3CC7, 0x3CA0, 0x3CC7, 0x3CA0, 0x3CC7, 
    0x3CA0, 0x3CC7, 0x3CA0, 0x3CC7, 0x3CA0, 0x3CC7, 0x3CC7, 0x3CC7, 0x3CA0, 
    0x3CC7, 0x3CC7, 0x3CC7, 0x3CA0, 0x3CC7, 0x3CC7, 0x3CC7, 0x490A, 0x3CC7, 
    0x3CC7, 0x3CC7, 0x3CA0, 0x3CC7, 0x3CC7, 0x3CC7, 0x3CA0, 0x3CC7, 0x3CC7, 
    0x3CC7, 0x3CA0, 0x3CC7, 0x41BA, 0x3CC7, 0x3CA0, 0x3CC7, 0x3CC7, 0x3CC7, 
    0x3CA0, 0x3CC7, 0x3CC7, 0x3CC7, 0x3CA0, 0x3CC7, 0x3CC7, 0x3CC7, 0x3CA0, 
    0x3CC7, 0x3CC7, 0x3CC7, 0x3CC7, 0x3CC7, 0x3CC7, 0x3CC7, 0x3CC7, 0x3CC7, 
    0x3CC7, 0x3CA0, 0x3CC7, 0x3CA0, 0x3CC7, 0x3CA0, 0x3CC7, 0x3CA0, 0x3CC7, 
    0x3CA0, 0x5150, 0x3CA0, 0x3CC7, 0x3CA0, 0x3CC7, 0x3CA0, 0x3CC7, 0x3CA0, 
    0x3CC7, 0x3CA0, 0x3CC7, 0x3CA0, 0x3CC7, 0x3CA0, 0x3CC7, 0x3CA0, 0x3CC7, 
    0x3CA0, 0x3CC7, 0x3CA0, 0x3CC7, 0x3CA0, 0x3CC7, 0x3CA0, 0x3CC7, 0x3CA0, 
    0x3CC7, 0x3CA0, 0x3CC7, 0x3CA0, 0x3CC7, 0x3CA0, 0x3CC7, 0x3CA0, 0x3CC7, 
    0x3CA0, 0x3CC7, 0x3CA0, 0x3CC7, 0x3CA0, 0x3CC7, 0x3CA0, 0x3CC7, 0x3CA0, 
    0x3CC7, 0x3CA0, 0x557A, 0x3CA0, 0x3CC7, 0x3CA0, 0x3CC7, 0x3CA0, 0x3CC7, 
    0x3CA0, 0x3CC7, 0x3CA0, 0x3CC7, 0x3CA0, 0x3CC7, 0x3CA0, 0x3CC7, 0x3CA0, 
    0x3CC7, 0x3CA0, 0x5150, 0x3CA0, 0x3CC7, 0x3CA0, 0x3CC7, 0x3CA0, 0x3CC7, 
    0x3CA0, 0x3CC7, 0x3CA0, 0x3CC7, 0x3CA0, 0x3CC7, 0x3CA0, 0x3CC7, 0x3CA0, 
    0x3CC7, 0x3CA0, 0x3CC7, 0x3CA0, 0x3CC7, 0x3CA0, 0x3CC7, 0x3CA0, 0x3CC7, 
    0x3CA0, 0x3CC7, 0x3CA0, 0x3CC7, 0x3CA0, 0x3CC7, 0x3CA0, 0x3CC7, 0x3CA0, 
    0x3CC7, 0x3CA0, 0x3CC7, 0x3CA0, 0x3CC7, 0x3CA0, 0x3CC7, 0x3CA0, 0x3CC7, 
    0x3CA0, 0x3CC7, 0x3CA0, 0x557A, 0x3CA0, 0x3CC7, 0x3CC7, 0x3CC7, 0x3CA0, 
    0x3CC7, 0x3CA0, 0x3CC7, 0x3CA0, 0x3CC7, 0x3CC7, 0x3CC7, 0x3CA0, 0x3CC7, 
    0x3CC7, 0x3CC7, 0x3CA0, 0x5150, 0x3CC7, 0x3CC7, 0x3CA0, 0x3CC7, 0x3CC7, 
    0x3CC7, 0x3CA0, 0x3CC7, 0x3CC7, 0x3CC7, 0x3CA0, 0x3CC7, 0x3CC7, 0x3CC7, 
    0x3CA0, 0x3CC7, 0x3CC7, 0x3CC7, 0x3CA0, 0x3CC7, 0x3CC7, 0x3CC7, 0x3CA0, 
    0x3CC7, 0x3CC7, 0x3CC7, 0x3CA0, 0x3CC7, 0x3CC7, 0x3CC7, 0x3CC7, 0x3CC7, 
    0x3CC7, 0x3CC7, 0x3CA0, 0x3CC7, 0x3CC7, 0x3CC7, 0x3CC7, 0x3CC7, 0x3CC7, 
    0x3CC7, 0x3CC7, 0x3CC7, 0x3CC7, 0x557A, 0x3CC7, 0x3CC7, 0x3CC7, 0x3CC7, 
    0x3CC7, 0x3CC7, 0x3CC7, 0x3CC7, 0x3CC7, 0x3CC7, 0x3CC7, 0x3CC7, 0x3CC7, 
    0x3CC7, 0x3CC7, 0x3CC7, 0x3CC7, 0x5150, 0x3CC7, 0x3CC7, 0x3CC7, 0x3CC7, 
    0x3CC7, 0x3CC7, 0x3CC7, 0x3CC7, 0x3CC7, 0x3CC7, 0x3CC7, 0x3CC7, 0x3CC7, 
    0x3CC7, 0x3CC7, 0x3CC7, 0x3CC7, 0x3CC7, 0x3CC7, 0x3CC7, 0x3CC7, 0x3CC7, 
    0x3CC7, 0x3CC7, 0x3CC7, 0x3CC7, 0x3CC7, 0x3CC7, 0x3CC7, 0x3CC7, 0x3CC7, 
    0x3CC7, 0x3CC7, 0x3CC7, 0x3CC7, 0x3CC7, 0x3CC7, 0x3CA0, 0x3CA0, 0x3CA0, 
    0x3CA0, 0x3CA0, 0x3CA0, 0x3CA0, 0x3CA0, 0x3CA0, 0x3CA0, 0x65F7, 0x3CA0, 
    0x3CA0, 0x3CA0, 0x3CA0, 0x3CA0, 0x3CA0, 0x3CA0, 0x3CA0, 0x3CA0, 0x3CA0, 
    0x3CA0, 0x3CA0, 0x3CA0, 0x3CA0, 0x3CA0, 0x3CA0, 0x3CA0, 0x3CA0, 0x3CA0, 
    0x3CA0, 0x3CA0, 0x3CA0, 0x3CA0, 0x3CA0, 0x3CC7, 0x3CA0, 0x3CA0, 0x3CA0, 
    0x3CA0, 0x3CA0, 0x3CA0, 0x3CA0, 0x3CC7, 0x3CA0, 0x3CA0, 0x3CA0, 0x3CC7, 
    0x3CA0, 0x3CA0, 0x3CA0, 0x3CC7, 0x50F9, 0x3CA0, 0x3CA0, 0x3CC7, 0x41B8, 
    0x3CA0, 0x3CA0, 0x3CC7, 0x50F9, 0x3CA0, 0x3CA0, 0x3CC7, 0x3CA0, 0x3CA0, 
    0x3CA0, 0x3CC7, 0x3CA0, 0x3CA0, 0x3CA0, 0x3CC7, 0x3CA0, 0x3CA0, 0x65F7, 
    0x3CC7, 0x3CA0, 0x3CA0, 0x3CA0, 0x3CC7, 0x3CA0, 0x3CC7, 0x3CA0, 0x3CC7, 
    0x3CA0, 0x3CA0, 0x3CA0, 0x3CC7, 0x3CA0, 0x3CC7, 0x3CA0, 0x3CC7, 0x3CA0, 
    0x3CC7, 0x3CA0, 0x3CC7, 0x3CA0, 0x3CC7, 0x3CA0, 0x3CC7, 0x3CA0, 0x3CC7, 
    0x3CA0, 0x3CC7, 0x3CA0, 0x3CC7, 0x3CA0, 0x3CC7, 0x3CA0, 0x3CC7, 0x3CA0, 
    0x3CC7, 0x3CA0, 0x3CC7, 0x3CA0, 0x3CC7, 0x50F9, 0x3CC7, 0x3CA0, 0x3CC7, 
    0x41B8, 0x3CC7, 0x3CA0, 0x3CC7, 0x50F9, 0x3CC7, 0x3CA0, 0x3CC7, 0x3CA0, 
    0x3CC7, 0x3CA0, 0x3CC7, 0x3CA0, 0x3CC7, 0x3CA0, 0x3CC7, 0x3CA0, 0x3CC7, 
    0x65F7, 0x3CC7, 0x3CA0, 0x3CC7, 0x3CA0, 0x3CC7, 0x3CA0, 0x3CC7, 0x3CA0, 
    0x3CC7, 0x3CA0, 0x3CC7, 0x3CA0, 0x3CC7, 0x3CA0, 0x3CC7, 0x3CA0, 0x3CC7, 
    0x3CA0, 0x3CC7, 0x3CA0, 0x3CC7, 0x3CA0, 0x3CC7, 0x3CA0, 0x3CC7, 0x3CA0, 
    0x3CC7, 0x3CA0, 0x3CC7, 0x3CA0, 0x3CC7, 0x3CA0, 0x3CC7, 0x3CA0, 0x3CC7, 
    0x3CA0, 0x3CC7, 0x3CA0, 0x3CC7, 0x3CA0, 0x3CC7, 0x50F9, 0x3CC7, 0x3CA0, 
    0x3CC7, 0x41B8, 0x3CC7, 0x3CA0, 0x3CC7, 0x50F9, 0x3CC7, 0x3CA0, 0x3CC7, 
    0x3CA0, 0x3CC7, 0x3CA0, 0x3CC7, 0x3CA0, 0x3CC7, 0x3CA0, 0x3CC7, 0x3CA0, 
    0x3CC7, 0x65F7, 0x3CC7, 0x3CA0, 0x3CC7, 0x3CA0, 0x3CC7, 0x3CA0, 0x3CC7, 
    0x3CC7, 0x3CC7, 0x3CA0, 0x3CC7, 0x3CA0, 0x3CC7, 0x3CA0, 0x3CC7, 0x3CC7, 
    0x3CC7, 0x3CA0, 0x3CC7, 0x3CC7, 0x3CC7, 0x3CA0, 0x3CC7, 0x3CC7, 0x3CC7, 
    0x3CA0, 0x3CC7, 0x3CC7, 0x3CC7, 0x3CA0, 0x3CC7, 0x3CC7, 0x3CC7, 0x3CA0, 
    0x3CC7, 0x3CC7, 0x3CC7, 0x3CC7, 0x3CA0, 0x3CC7, 0x3CA0, 0x3CC7, 0x3CA0, 
    0x3CC7, 0x3CA0, 0x3CC7, 0x3CA0, 0x7276, 0x3CA0, 0x3CC7, 0x3CA0, 0x3CC7, 
    0x3CA0, 0x3CC7, 0x3CA0, 0x3CC7, 0x3CA0, 0x3CC7, 0x3CA0, 0x3CC7, 0x3CA0, 
    0x3CC7, 0x3CA0, 0x3CC7, 0x3CA0, 0x3CC7, 0x3CA0, 0x3CC7, 0x3CA0, 0x3CC7, 
    0x3CA0, 0x3CC7, 0x4E28, 0x3CC7, 0x3CA0, 0x3CC7, 0x3CA0, 0x3CC7, 0x3CA0, 
    0x3CC7, 0x3CA0, 0x3CC7, 0x3CA0, 0x3CC7, 0x3CA0, 0x3CC7, 0x3CA0, 0x3CC7, 
    0x3CA0, 0x3CC7, 0x3CA0, 0x3CC7, 0x45F8, 0x527A, 0x45F8, 0x3CC7, 0x3CA0, 
    0x3CC7, 0x3CA0, 0x3CC7, 0x3CA0, 0x3CC7, 0x3CA0, 0x3CC7, 0x3CA0, 0x3CC7, 
    0x3CA0, 0x3CC7, 0x3CA0, 0x3CC7, 0x3CA0, 0x7276, 0x3CA0, 0x3CC7, 0x3CA0, 
    0x3CC7, 0x3CA0, 0x3CC7, 0x3CA0, 0x3CC7, 0x3CA0, 0x3CC7, 0x3CA0, 0x3CC7, 
    0x3CA0, 0x3CC7, 0x3CA0, 0x3CC7, 0x3CA0, 0x3CC7, 0x3CA0, 0x3CC7, 0x3CA0, 
    0x3CC7, 0x3CA0, 0x3CC7, 0x4E28, 0x3CC7, 0x3CA0, 0x3CC7, 0x3CA0, 0x3CC7, 
    0x3CA0, 0x3CC7, 0x3CA0, 0x3CC7, 0x3CC7, 0x3CC7, 0x3CA0, 0x3CC7, 0x3CA0, 
    0x3CC7, 0x3CA0, 0x3CC7, 0x3CC7, 0x3CC7, 0x45F8, 0x527A, 0x45FA, 0x3CC7, 
    0x3CA0, 0x3CC7, 0x3CC7, 0x3CC7, 0x3CA0, 0x3CC7, 0x3CC7, 0x3CC7, 0x3CA0, 
    0x3CC7, 0x3CC7, 0x3CC7, 0x3CA0, 0x3CC7, 0x3CC7, 0x7276, 0x3CA0, 0x3CC7, 
    0x3CC7, 0x3CC7, 0x3CA0, 0x3CC7, 0x3CC7, 0x3CC7, 0x3CA0, 0x3CC7, 0x3CC7, 
    0x3CC7, 0x3CC7, 0x3CC7, 0x3CC7, 0x3CC7, 0x3CA0, 0x3CC7, 0x3CC7, 0x3CC7, 
    0x3CC7, 0x3CC7, 0x3CC7, 0x3CC7, 0x4E29, 0x3CC7, 0x3CC7, 0x3CC7, 0x3CC7, 
    0x3CC7, 0x3CC7, 0x3CC7, 0x3CC7, 0x3CC7, 0x3CC7, 0x3CC7, 0x3CC7, 0x3CC7, 
    0x3CC7, 0x3CC7, 0x3CC7, 0x3CC7, 0x3CC7, 0x3CC7, 0x45FA, 0x527A, 0x45FA, 
    0x3CC7, 0x3CC7, 0x3CC7, 0x3CC7, 0x3CC7, 0x3CC7, 0x3CC7, 0x3CC7, 0x3CC7, 
    0x3CC7, 0x3CC7, 0x3CC7, 0x3CC7, 0x3CC7, 0x3CC7, 0x3CC7, 0x7276, 0x3CC7, 
    0x3CC7, 0x3CC7, 0x3CC7, 0x3CC7, 0x3CC7, 0x3CC7, 0x3CC7, 0x3CC7, 0x3CC7, 
    0x3CC7, 0x3CC7, 0x3CC7, 0x3CC7, 0x3CC7, 0x3CC7, 0x3CC7, 0x3CC7, 0x3CC7, 
    0x3CC7, 0x3CC7, 0x3CC7, 0x3CC7, 0x3CC7, 0x4E29, 0x3CC7, 0x3CC7, 0x3CC7, 
    0x3CC7, 0x3CC7, 0x3CC7, 0x3CC7, 0x3CC7, 0x3CC7, 0x3CC7, 0x3CC7, 0x3CC7, 
    0x3CA0, 0x3CA0, 0x3CA0, 0x3CA0, 0x3CA0, 0x3CA0, 0x490A, 0x514E, 0x65F7, 
    0x7275, 0x5318, 0x7275, 0x65F7, 0x514E, 0x490A, 0x3CA0, 0x3CA0, 0x3CA0, 
    0x3CA0, 0x3CA0, 0x3CA0, 0x3CC7, 0x3CA0, 0x3CA0, 0x3CA0, 0x3CA0, 0x3CA0, 
    0x3CA0, 0x3CA0, 0x3CC7, 0x3CA0, 0x4E28, 0x3CA0, 0x3CC7, 0x3CA0, 0x3CA0, 
    0x3CA0, 0x3CC7, 0x3CA0, 0x4E28, 0x3CA0, 0x3CC7, 0x3CA0, 0x3CA0, 0x3CA0, 
    0x3CC7, 0x3CA0, 0x3CA0, 0x3CA0, 0x3CC7, 0x3CA0, 0x3CA0, 0x3CA0, 0x3CC7, 
    0x45F8, 0x3CA0, 0x4257, 0x3CC7, 0x45F8, 0x3CA0, 0x3CA0, 0x3CC7, 0x3CA0, 
    0x3CC7, 0x3CA0, 0x3CC7, 0x3CA0, 0x3CA0, 0x3CA0, 0x3CC7, 0x490A, 0x5150, 
    0x65F7, 0x7276, 0x5318, 0x7276, 0x65F7, 0x5150, 0x490A, 0x3CC7, 0x3CA0, 
    0x3CC7, 0x3CA0, 0x3CC7, 0x3CA0, 0x3CC7, 0x3CA0, 0x3CC7, 0x3CA0, 0x3CC7, 
    0x3CA0, 0x3CC7, 0x3CA0, 0x3CC7, 0x3CA0, 0x4E29, 0x3CA0, 0x3CC7, 0x3CA0, 
    0x3CC7, 0x3CA0, 0x3CC7, 0x3CA0, 0x4E29, 0x3CA0, 0x3CC7, 0x3CA0, 0x3CC7, 
    0x3CA0, 0x3CC7, 0x3CA0, 0x3CC7, 0x3CA0, 0x3CC7, 0x3CA0, 0x3CC7, 0x3CA0, 
    0x3CC7, 0x45F8, 0x3CC7, 0x4257, 0x3CC7, 0x45F8, 0x3CC7, 0x3CA0, 0x3CC7, 
    0x3CA0, 0x3CC7, 0x3CA0, 0x3CC7, 0x3CA0, 0x3CC7, 0x3CA0, 0x3CC7, 0x490A, 
    0x5150, 0x65F7, 0x7276, 0x5318, 0x7276, 0x65F7, 0x5150, 0x490A, 0x3CC7, 
    0x3CA0, 0x3CC7, 0x3CA0, 0x3CC7, 0x3CA0, 0x3CC7, 0x3CA0, 0x3CC7, 0x3CA0, 
    0x3CC7, 0x3CA0, 0x3CC7, 0x3CA0, 0x3CC7, 0x3CA0, 0x4E29, 0x3CA0, 0x3CC7, 
    0x3CA0, 0x3CC7, 0x3CA0, 0x3CC7, 0x3CA0, 0x4E29, 0x3CA0, 0x3CC7, 0x3CA0, 
    0x3CC7, 0x3CA0, 0x3CC7, 0x3CA0, 0x3CC7, 0x3CA0, 0x3CC7, 0x3CA0, 0x3CC7, 
    0x3CA0, 0x3CC7, 0x45F8, 0x3CC7, 0x4257, 0x3CC7, 0x45F8, 0x3CC7, 0x3CC7, 
    0x3CC7, 0x3CA0, 0x3CC7, 0x3CA0, 0x3CC7, 0x3CA0, 0x3CC7, 0x3CC7, 0x3CC7, 
    0x490A, 0x5150, 0x65F8, 0x7276, 0x5318, 0x7276, 0x65F8, 0x5150, 0x490A, 
    0x3CC7, 0x3CC7, 0x3CC7, 0x3CA0, 0x3CC7, 0x3CC7, 0x3CC7, 0x3CA0, 0x3CC7, 
    0x3CC7, 0x3CC7, 0x3CA0, 0x3CC7, 0x3CC7, 0x3CC7, 0x3CA0, 0x4E29, 0x3CC7, 
    0x3CC7, 0x3CA0, 0x3CC7, 0x3CC7, 0x3CC7, 0x3CC7, 0x4E29, 0x3CC7, 0x3CC7, 
    0x3CA0, 0x3CC7, 0x3CC7, 0x3CC7, 0x3CC7, 0x3CC7, 0x3CA0, 0x3CA0, 0x3CC7, 
    0x3CA0, 0x3CC7, 0x3CA0, 0x3CC7, 0x3CA0, 0x3CC7, 0x3CA0, 0x7276, 0x3CA0, 
    0x3CC7, 0x3CA0, 0x3CC7, 0x3CA0, 0x3CC7, 0x3CA0, 0x3CC7, 0x3CA0, 0x3CC7, 
    0x3CA0, 0x3CC7, 0x3CA0, 0x3CC7, 0x3CA0, 0x3CC7, 0x3CA0, 0x3CC7, 0x3CA0, 
    0x3CC7, 0x3CA0, 0x5ECC, 0x3CA0, 0x3CC7, 0x3CA0, 0x3CC7, 0x3CA0, 0x5ECC, 
    0x3CA0, 0x3CC7, 0x3CA0, 0x3CC7, 0x3CA0, 0x3CC7, 0x3CA0, 0x3CC7, 0x3CA0, 
    0x3CC7, 0x3CA0, 0x3CC7, 0x3CA0, 0x3CC7, 0x45F8, 0x3CC7, 0x3CA0, 0x531A, 
    0x3CA0, 0x3CC7, 0x45F8, 0x3CC7, 0x3CA0, 0x3CC7, 0x3CA0, 0x3CC7, 0x3CA0, 
    0x3CC7, 0x3CA0, 0x3CC7, 0x3CA0, 0x3CC7, 0x3CA0, 0x3CC7, 0x3CA0, 0x7276, 
    0x3CA0, 0x3CC7, 0x3CA0, 0x3CC7, 0x3CA0, 0x3CC7, 0x3CA0, 0x3CC7, 0x3CA0, 
    0x3CC7, 0x3CA0, 0x3CC7, 0x3CA0, 0x3CC7, 0x3CA0, 0x3CC7, 0x3CA0, 0x3CC7, 
    0x3CA0, 0x3CC7, 0x3CA0, 0x5ECC, 0x3CA0, 0x3CC7, 0x3CA0, 0x3CC7, 0x3CA0, 
    0x5ECC, 0x3CA0, 0x3CC7, 0x3CA0, 0x3CC7, 0x3CA0, 0x3CC7, 0x3CA0, 0x3CC7, 
    0x3CA0, 0x3CC7, 0x3CA0, 0x3CC7, 0x3CA0, 0x3CC7, 0x45F8, 0x3CC7, 0x3CA0, 
    0x531A, 0x3CA0, 0x3CC7, 0x45F8, 0x3CC7, 0x3CA0, 0x3CC7, 0x3CC7, 0x3CC7, 
    0x3CA0, 0x3CC7, 0x3CA0, 0x3CC7, 0x3CA0, 0x3CC7, 0x3CC7, 0x3CC7, 0x3CA0, 
    0x7276, 0x3CC7, 0x3CC7, 0x3CA0, 0x3CC7, 0x3CC7, 0x3CC7, 0x3CA0, 0x3CC7, 
    0x3CC7, 0x3CC7, 0x3CA0, 0x3CC7, 0x3CC7, 0x3CC7, 0x3CA0, 0x3CC7, 0x3CC7, 
    0x3CC7, 0x3CA0, 0x3CC7, 0x3CC7, 0x5ECC, 0x3CA0, 0x3CC7, 0x3CC7, 0x3CC7, 
    0x3CA0, 0x5ECC, 0x3CC7, 0x3CC7, 0x3CA0, 0x3CC7, 0x3CC7, 0x3CC7, 0x3CC7, 
    0x3CC7, 0x3CC7, 0x3CC7, 0x3CC7, 0x3CC7, 0x3CC7, 0x3CC7, 0x45FA, 0x3CC7, 
    0x3CC7, 0x531A, 0x3CC7, 0x3CC7, 0x45FA, 0x3CC7, 0x3CC7, 0x3CC7, 0x3CC7, 
    0x3CC7, 0x3CC7, 0x3CC7, 0x3CC7, 0x3CC7, 0x3CC7, 0x3CC7, 0x3CC7, 0x3CC7, 
    0x3CC7, 0x7276, 0x3CC7, 0x3CC7, 0x3CC7, 0x3CC7, 0x3CC7, 0x3CC7, 0x3CC7, 
    0x3CC7, 0x3CC7, 0x3CC7, 0x3CC7, 0x3CC7, 0x3CC7, 0x3CC7, 0x3CC7, 0x3CC7, 
    0x3CC7, 0x3CC7, 0x3CC7, 0x3CC7, 0x3CC7, 0x5ECC, 0x3CC7, 0x3CC7, 0x3CC7, 
    0x3CC7, 0x3CC7, 0x5ECC, 0x3CC7, 0x3CC7, 0x3CC7, 0x3CC7, 0x3CC7, 0x3CC7, 
    0x3CC7, 0x3CC7, 0x3CC7, 0x3CA0, 0x3CA0, 0x3CA0, 0x3CA0, 0x3CA0, 0x3CA0, 
    0x3CA0, 0x3CA0, 0x3CA0, 0x3CA0, 0x65F7, 0x3CA0, 0x3CA0, 0x3CA0, 0x3CA0, 
    0x3CA0, 0x3CA0, 0x3CA0, 0x3CA0, 0x3CA0, 0x3CA0, 0x3CA0, 0x3CA0, 0x3CA0, 
    0x3CA0, 0x3CA0, 0x3CA0, 0x3CA0, 0x3CA0, 0x3CA0, 0x3CA0, 0x3CA0, 0x3CA0, 
    0x6F50, 0x3CA0, 0x6F50, 0x3CA0, 0x6F50, 0x3CA0, 0x3CC7, 0x3CA0, 0x3CA0, 
    0x3CA0, 0x3CA0, 0x3CA0, 0x3CA0, 0x3CA0, 0x3CC7, 0x3CA0, 0x3CA0, 0x3CA0, 
    0x557A, 0x41B8, 0x5259, 0x4257, 0x531A, 0x5318, 0x5318, 0x4257, 0x527A, 
    0x41B8, 0x5579, 0x3CA0, 0x3CC7, 0x3CA0, 0x3CA0, 0x3CA0, 0x3CC7, 0x3CA0, 
    0x3CA0, 0x3CA0, 0x3CC7, 0x3CA0, 0x3CA0, 0x65F7, 0x3CC7, 0x3CA0, 0x3CA0, 
    0x3CA0, 0x3CC7, 0x3CA0, 0x3CA0, 0x3CA0, 0x3CC7, 0x3CA0, 0x3CC7, 0x3CA0, 
    0x3CC7, 0x3CA0, 0x3CA0, 0x3CA0, 0x3CC7, 0x3CA0, 0x3CC7, 0x3CA0, 0x3CC7, 
    0x3CA0, 0x6F52, 0x3CA0, 0x6F52, 0x3CA0, 0x6F52, 0x3CA0, 0x3CC7, 0x3CA0, 
    0x3CC7, 0x3CA0, 0x3CC7, 0x3CA0, 0x3CC7, 0x3CA0, 0x3CC7, 0x3CA0, 0x3CC7, 
    0x3CA0, 0x557A, 0x41B8, 0x527A, 0x4257, 0x531A, 0x5318, 0x531A, 0x4257, 
    0x527A, 0x41B8, 0x557A, 0x3CA0, 0x3CC7, 0x3CA0, 0x3CC7, 0x3CA0, 0x3CC7, 
    0x3CA0, 0x3CC7, 0x3CA0, 0x3CC7, 0x3CA0, 0x3CC7, 0x65F7, 0x3CC7, 0x3CA0, 
    0x3CC7, 0x3CA0, 0x3CC7, 0x3CA0, 0x3CC7, 0x3CA0, 0x3CC7, 0x3CA0, 0x3CC7, 
    0x3CA0, 0x3CC7, 0x3CA0, 0x3CC7, 0x3CA0, 0x3CC7, 0x3CA0, 0x3CC7, 0x3CA0, 
    0x3CC7, 0x3CA0, 0x6F52, 0x3CA0, 0x6F52, 0x3CA0, 0x6F52, 0x3CA0, 0x3CC7, 
    0x3CA0, 0x3CC7, 0x3CA0, 0x3CC7, 0x3CA0, 0x3CC7, 0x3CA0, 0x3CC7, 0x3CA0, 
    0x3CC7, 0x3CA0, 0x557A, 0x41B8, 0x527A, 0x4257, 0x531A, 0x5318, 0x531A, 
    0x4257, 0x527A, 0x41B8, 0x557A, 0x3CA0, 0x3CC7, 0x3CA0, 0x3CC7, 0x3CA0, 
    0x3CC7, 0x3CA0, 0x3CC7, 0x3CA0, 0x3CC7, 0x3CA0, 0x3CC7, 0x65F7, 0x3CC7, 
    0x3CA0, 0x3CC7, 0x3CA0, 0x3CC7, 0x3CA0, 0x3CC7, 0x3CA0, 0x3CC7, 0x3CA0, 
    0x3CC7, 0x3CC7, 0x3CC7, 0x3CA0, 0x3CC7, 0x3CC7, 0x3CC7, 0x3CA0, 0x3CC7, 
    0x3CC7, 0x3CC7, 0x3CA0, 0x6F52, 0x3CC7, 0x6F52, 0x3CA0, 0x6F52, 0x3CC7, 
    0x3CC7, 0x3CA0, 0x3CC7, 0x3CC7, 0x3CC7, 0x3CA0, 0x3CC7, 0x3CC7, 0x3CC7, 
    0x3CC7, 0x3CA0, 0x3CC7, 0x3CA0, 0x3CC7, 0x3CA0, 0x3CC7, 0x3CA0, 0x3CC7, 
    0x3CA0, 0x5150, 0x3CA0, 0x3CC7, 0x3CA0, 0x3CC7, 0x3CA0, 0x3CC7, 0x3CA0, 
    0x3CC7, 0x3CA0, 0x3CC7, 0x3CA0, 0x3CC7, 0x3CA0, 0x3CC7, 0x3CA0, 0x3CC7, 
    0x3CA0, 0x3CC7, 0x3CA0, 0x3CC7, 0x3CA0, 0x3CC7, 0x3CA0, 0x6F52, 0x6F54, 
    0x6F52, 0x3CA0, 0x3CC7, 0x3CA0, 0x3CC7, 0x3CA0, 0x3CC7, 0x3CA0, 0x3CC7, 
    0x3CA0, 0x3CC7, 0x3CA0, 0x3CC7, 0x3CA0, 0x3CC7, 0x3CA0, 0x3CC7, 0x45F8, 
    0x3CC7, 0x3CA0, 0x531A, 0x3CA0, 0x3CC7, 0x45F8, 0x3CC7, 0x3CA0, 0x3CC7, 
    0x3CA0, 0x3CC7, 0x3CA0, 0x3CC7, 0x3CA0, 0x3CC7, 0x3CA0, 0x3CC7, 0x3CA0, 
    0x3CC7, 0x3CA0, 0x5150, 0x3CA0, 0x3CC7, 0x3CA0, 0x3CC7, 0x3CA0, 0x3CC7, 
    0x3CA0, 0x3CC7, 0x3CA0, 0x3CC7, 0x3CA0, 0x3CC7, 0x3CA0, 0x3CC7, 0x3CA0, 
    0x3CC7, 0x3CA0, 0x3CC7, 0x3CA0, 0x3CC7, 0x3CA0, 0x3CC7, 0x3CC7, 0x6F52, 
    0x6F54, 0x6F52, 0x3CA0, 0x3CC7, 0x3CA0, 0x3CC7, 0x3CC7, 0x3CC7, 0x3CA0, 
    0x3CC7, 0x3CC7, 0x3CC7, 0x3CA0, 0x3CC7, 0x3CC7, 0x3CC7, 0x3CA0, 0x3CC7, 
    0x45FA, 0x3CC7, 0x3CA0, 0x531A, 0x3CC7, 0x3CC7, 0x45F8, 0x3CC7, 0x3CC7, 
    0x3CC7, 0x3CA0, 0x3CC7, 0x3CC7, 0x3CC7, 0x3CA0, 0x3CC7, 0x3CC7, 0x3CC7, 
    0x3CA0, 0x3CC7, 0x3CC7, 0x5150, 0x3CC7, 0x3CC7, 0x3CC7, 0x3CC7, 0x3CA0, 
    0x3CC7, 0x3CC7, 0x3CC7, 0x3CC7, 0x3CC7, 0x3CC7, 0x3CC7, 0x3CC7, 0x3CC7, 
    0x3CC7, 0x3CC7, 0x3CC7, 0x3CC7, 0x3CC7, 0x3CC7, 0x3CC7, 0x3CC7, 0x3CC7, 
    0x6F52, 0x6F56, 0x6F52, 0x3CC7, 0x3CC7, 0x3CC7, 0x3CC7, 0x3CC7, 0x3CC7, 
    0x3CC7, 0x3CC7, 0x3CC7, 0x3CC7, 0x3CC7, 0x3CC7, 0x3CC7, 0x3CC7, 0x3CC7, 
    0x3CC7, 0x45FA, 0x3CC7, 0x3CC7, 0x531A, 0x3CC7, 0x3CC7, 0x45FA, 0x3CC7, 
    0x3CC7, 0x3CC7, 0x3CC7, 0x3CC7, 0x3CC7, 0x3CC7, 0x3CC7, 0x3CC7, 0x3CC7, 
    0x3CC7, 0x3CC7, 0x3CC7, 0x3CC7, 0x5150, 0x3CC7, 0x3CC7, 0x3CC7, 0x3CC7, 
    0x3CC7, 0x3CC7, 0x3CC7, 0x3CC7, 0x3CC7, 0x3CC7, 0x3CC7, 0x3CC7, 0x3CC7, 
    0x3CC7, 0x3CC7, 0x3CC7, 0x3CC7, 0x3CC7, 0x3CC7, 0x3CC7, 0x3CC7, 0x3CC7, 
    0x3CC7, 0x6F52, 0x6F56, 0x6F52, 0x3CC7, 0x3CC7, 0x3CC7, 0x3CC7, 0x3CC7, 
    0x3CC7, 0x3CC7, 0x3CC7, 0x3CC7, 0x3CC7, 0x3CC7, 0x3CA0, 0x3CA0, 0x3CA0, 
    0x3CA0, 0x3CA0, 0x3CA0, 0x3CA0, 0x3CA0, 0x3CA0, 0x3CA0, 0x490A, 0x3CA0, 
    0x3CA0, 0x3CA0, 0x3CA0, 0x3CA0, 0x3CA0, 0x3CC7, 0x3CA0, 0x3CA0, 0x3CA0, 
    0x3CC7, 0x3CA0, 0x3CA0, 0x3CA0, 0x3CC7, 0x3CA0, 0x3CA0, 0x3CA0, 0x3CC7, 
    0x4E28, 0x3CA0, 0x3CA0, 0x6F52, 0x6F54, 0x6F54, 0x6F54, 0x6F52, 0x3CA0, 
    0x3CA0, 0x4E28, 0x3CC7, 0x3CA0, 0x3CA0, 0x3CA0, 0x3CC7, 0x3CA0, 0x3CA0, 
    0x3CA0, 0x3CC7, 0x3CA0, 0x3CA0, 0x3CA0, 0x3CC7, 0x45F8, 0x3CA0, 0x4257, 
    0x3CC7, 0x45F8, 0x3CC7, 0x3CA0, 0x3CC7, 0x3CA0, 0x3CC7, 0x3CA0, 0x3CC7, 
    0x3CA0, 0x3CC7, 0x3CA0, 0x3CC7, 0x3CA0, 0x3CC7, 0x3CA0, 0x3CC7, 0x490A, 
    0x3CC7, 0x3CA0, 0x3CC7, 0x3CA0, 0x3CC7, 0x3CA0, 0x3CC7, 0x3CA0, 0x3CC7, 
    0x3CA0, 0x3CC7, 0x3CA0, 0x3CC7, 0x3CA0, 0x3CC7, 0x3CA0, 0x3CC7, 0x3CA0, 
    0x3CC7, 0x4E28, 0x3CC7, 0x3CA0, 0x6F52, 0x6F54, 0x6F56, 0x6F54, 0x6F52, 
    0x3CA0, 0x3CC7, 0x4E28, 0x3CC7, 0x3CA0, 0x3CC7, 0x3CA0, 0x3CC7, 0x3CA0, 
    0x3CC7, 0x3CA0, 0x3CC7, 0x3CA0, 0x3CC7, 0x3CA0, 0x3CC7, 0x45F8, 0x3CC7, 
    0x4257, 0x3CC7, 0x45F8, 0x3CC7, 0x3CA0, 0x3CC7, 0x3CA0, 0x3CC7, 0x3CA0, 
    0x3CC7, 0x3CA0, 0x3CC7, 0x3CA0, 0x3CC7, 0x3CA0, 0x3CC7, 0x3CA0, 0x3CC7, 
    0x490A, 0x3CC7, 0x3CA0, 0x3CC7, 0x3CA0, 0x3CC7, 0x3CA0, 0x3CC7, 0x3CA0, 
    0x3CC7, 0x3CA0, 0x3CC7, 0x3CA0, 0x3CC7, 0x3CA0, 0x3CC7, 0x3CA0, 0x3CC7, 
    0x3CA0, 0x3CC7, 0x4E28, 0x3CC7, 0x3CA0, 0x6F52, 0x6F54, 0x6F56, 0x6F54, 
    0x6F52, 0x3CA0, 0x3CC7, 0x4E28, 0x3CC7, 0x3CA0, 0x3CC7, 0x3CA0, 0x3CC7, 
    0x3CA0, 0x3CC7, 0x3CA0, 0x3CC7, 0x3CA0, 0x3CC7, 0x3CA0, 0x3CC7, 0x45F8, 
    0x3CC7, 0x4278, 0x3CC7, 0x45F8, 0x3CC7, 0x3CA0, 0x3CC7, 0x3CA0, 0x3CC7, 
    0x3CC7, 0x3CC7, 0x3CA0, 0x3CC7, 0x3CC7, 0x3CC7, 0x3CA0, 0x3CC7, 0x3CC7, 
    0x3CC7, 0x490A, 0x3CC7, 0x3CC7, 0x3CC7, 0x3CA0, 0x3CC7, 0x3CC7, 0x3CC7, 
    0x3CA0, 0x3CC7, 0x3CC7, 0x3CC7, 0x3CA0, 0x3CC7, 0x3CC7, 0x3CC7, 0x3CA0, 
    0x3CC7, 0x3CC7, 0x3CC7, 0x4E28, 0x3CC7, 0x3CC7, 0x6F52, 0x6F56, 0x6F56, 
    0x6F56, 0x6F52, 0x3CA0, 0x3CC7, 0x4E29, 0x3CC7, 0x3CC7, 0x3CC7, 0x3CC7, 
    0x3CC7, 0x3CC7, 0x3CC7, 0x3CC7, 0x3CA0, 0x3CC7, 0x3CA0, 0x3CC7, 0x3CA0, 
    0x3CC7, 0x3CA0, 0x3CC7, 0x3CA0, 0x3CC7, 0x3CA0, 0x3CC7, 0x3CA0, 0x3CC7, 
    0x3CA0, 0x3CC7, 0x3CA0, 0x3CC7, 0x3CA0, 0x3CC7, 0x3CA0, 0x3CC7, 0x3CA0, 
    0x3CC7, 0x3CA0, 0x3CC7, 0x3CA0, 0x3CC7, 0x3CA0, 0x3CC7, 0x3CA0, 0x3CC7, 
    0x3CA0, 0x6F52, 0x6F54, 0x6F52, 0x3CA0, 0x3CC7, 0x3CA0, 0x3CC7, 0x3CA0, 
    0x3CC7, 0x3CA0, 0x3CC7, 0x3CA0, 0x3CC7, 0x3CA0, 0x3CC7, 0x3CA0, 0x3CC7, 
    0x3CA0, 0x3CC7, 0x3CA0, 0x3CC7, 0x45F8, 0x527A, 0x45F8, 0x3CC7, 0x3CA0, 
    0x3CC7, 0x3CA0, 0x3CC7, 0x3CA0, 0x3CC7, 0x3CA0, 0x3CC7, 0x3CA0, 0x3CC7, 
    0x3CA0, 0x3CC7, 0x3CA0, 0x3CC7, 0x3CA0, 0x3CC7, 0x3CA0, 0x3CC7, 0x3CA0, 
    0x3CC7, 0x3CA0, 0x3CC7, 0x3CA0, 0x3CC7, 0x3CA0, 0x3CC7, 0x3CA0, 0x3CC7, 
    0x3CA0, 0x3CC7, 0x3CA0, 0x3CC7, 0x3CA0, 0x3CC7, 0x3CA0, 0x3CC7, 0x3CA0, 
    0x3CC7, 0x3CA0, 0x6F52, 0x6F54, 0x6F52, 0x3CA0, 0x3CC7, 0x3CA0, 0x3CC7, 
    0x3CA0, 0x3CC7, 0x3CA0, 0x3CC7, 0x3CA0, 0x3CC7, 0x3CA0, 0x3CC7, 0x3CA0, 
    0x3CC7, 0x3CA0, 0x3CC7, 0x3CA0, 0x3CC7, 0x45F8, 0x527A, 0x45F8, 0x3CC7, 
    0x3CC7, 0x3CC7, 0x3CA0, 0x3CC7, 0x3CC7, 0x3CC7, 0x3CA0, 0x3CC7, 0x3CC7, 
    0x3CC7, 0x3CA0, 0x3CC7, 0x3CC7, 0x3CC7, 0x3CA0, 0x3CC7, 0x3CC7, 0x3CC7, 
    0x3CA0, 0x3CC7, 0x3CC7, 0x3CC7, 0x3CA0, 0x3CC7, 0x3CC7, 0x3CC7, 0x3CA0, 
    0x3CC7, 0x3CC7, 0x3CC7, 0x3CA0, 0x3CC7, 0x3CC7, 0x3CC7, 0x3CA0, 0x3CC7, 
    0x3CC7, 0x3CC7, 0x3CC7, 0x6F52, 0x6F56, 0x6F52, 0x3CA0, 0x3CC7, 0x3CC7, 
    0x3CC7, 0x3CC7, 0x3CC7, 0x3CC7, 0x3CC7, 0x3CC7, 0x3CC7, 0x3CC7, 0x3CC7, 
    0x3CC7, 0x3CC7, 0x3CC7, 0x3CC7, 0x3CC7, 0x3CC7, 0x45FA, 0x527A, 0x45FA, 
    0x3CC7, 0x3CC7, 0x3CC7, 0x3CC7, 0x3CC7, 0x3CC7, 0x3CC7, 0x3CC7, 0x3CC7, 
    0x3CC7, 0x3CC7, 0x3CC7, 0x3CC7, 0x3CC7, 0x3CC7, 0x3CC7, 0x3CC7, 0x3CC7, 
    0x3CC7, 0x3CC7, 0x3CC7, 0x3CC7, 0x3CC7, 0x3CC7, 0x3CC7, 0x3CC7, 0x3CC7, 
    0x3CC7, 0x3CC7, 0x3CC7, 0x3CC7, 0x3CC7, 0x3CC7, 0x3CC7, 0x3CC7, 0x3CC7, 
    0x3CC7, 0x3CC7, 0x3CC7, 0x3CC7, 0x6F52, 0x6F56, 0x6F52, 0x3CC7, 0x3CC7, 
    0x3CC7, 0x3CC7, 0x3CC7, 0x3CC7, 0x3CC7, 0x3CC7, 0x3CC7, 0x3CC7, 0x3CC7, 
    0x3CA0, 0x3CA0, 0x3CA0, 0x3CA0, 0x3CA0, 0x3CA0, 0x3CA0, 0x3CA0, 0x3CA0, 
    0x3CA0, 0x3CA0, 0x3CA0, 0x3CA0, 0x3CA0, 0x3CA0, 0x3CA0, 0x3CA0, 0x3CA0, 
    0x3CA0, 0x3CA0, 0x3CA0, 0x3CA0, 0x3CA0, 0x3CA0, 0x3CA0, 0x3CA0, 0x3CA0, 
    0x3CA0, 0x3CA0, 0x3CA0, 0x3CA0, 0x3CA0, 0x3CA0, 0x6F50, 0x3CA0, 0x6F52, 
    0x3CA0, 0x6F50, 0x3CA0, 0x3CA0, 0x3CA0, 0x3CA0, 0x3CA0, 0x3CC7, 0x3CA0, 
    0x3CA0, 0x5EAB, 0x5ECC, 0x3CA0, 0x3CA0, 0x3CA0, 0x3CC7, 0x50F9, 0x3CA0, 
    0x3CA0, 0x3CC7, 0x41B8, 0x3CA0, 0x3CA0, 0x3CC7, 0x50F9, 0x3CA0, 0x3CA0, 
    0x3CC7, 0x3CA0, 0x3CA0, 0x3CA0, 0x3CC7, 0x3CA0, 0x3CA0, 0x3CA0, 0x3CC7, 
    0x3CA0, 0x3CC7, 0x3CA0, 0x3CC7, 0x3CA0, 0x3CA0, 0x3CA0, 0x3CC7, 0x3CA0, 
    0x3CC7, 0x3CA0, 0x3CC7, 0x3CA0, 0x3CC7, 0x3CA0, 0x3CC7, 0x3CA0, 0x3CC7, 
    0x3CA0, 0x3CC7, 0x3CA0, 0x3CC7, 0x3CA0, 0x3CC7, 0x3CA0, 0x6F52, 0x3CA0, 
    0x6F52, 0x3CA0, 0x6F52, 0x3CA0, 0x3CC7, 0x3CA0, 0x3CC7, 0x3CA0, 0x3CC7, 
    0x3CA0, 0x3CC7, 0x5EAB, 0x5ECC, 0x3CA0, 0x3CC7, 0x3CA0, 0x3CC7, 0x50F9, 
    0x3CC7, 0x3CA0, 0x3CC7, 0x41B8, 0x3CC7, 0x3CA0, 0x3CC7, 0x50F9, 0x3CC7, 
    0x3CA0, 0x3CC7, 0x3CA0, 0x3CC7, 0x3CA0, 0x3CC7, 0x3CA0, 0x3CC7, 0x3CA0, 
    0x3CC7, 0x3CA0, 0x3CC7, 0x3CA0, 0x3CC7, 0x3CA0, 0x3CC7, 0x3CA0, 0x3CC7, 
    0x3CA0, 0x3CC7, 0x3CA0, 0x3CC7, 0x3CA0, 0x3CC7, 0x3CA0, 0x3CC7, 0x3CA0, 
    0x3CC7, 0x3CA0, 0x3CC7, 0x3CA0, 0x3CC7, 0x3CA0, 0x3CC7, 0x3CA0, 0x6F52, 
    0x3CA0, 0x6F52, 0x3CA0, 0x6F52, 0x3CA0, 0x3CC7, 0x3CA0, 0x3CC7, 0x3CA0, 
    0x3CC7, 0x3CA0, 0x3CC7, 0x5EAB, 0x5ECC, 0x3CA0, 0x3CC7, 0x3CA0, 0x3CC7, 
    0x50F9, 0x3CC7, 0x3CA0, 0x3CC7, 0x41B8, 0x3CC7, 0x3CA0, 0x3CC7, 0x50F9, 
    0x3CC7, 0x3CA0, 0x3CC7, 0x3CA0, 0x3CC7, 0x3CA0, 0x3CC7, 0x3CA0, 0x3CC7, 
    0x3CA0, 0x3CC7, 0x3CA0, 0x3CC7, 0x3CC7, 0x3CC7, 0x3CA0, 0x3CC7, 0x3CA0, 
    0x3CC7, 0x3CA0, 0x3CC7, 0x3CC7, 0x3CC7, 0x3CA0, 0x3CC7, 0x3CC7, 0x3CC7, 
    0x3CA0, 0x3CC7, 0x3CC7, 0x3CC7, 0x3CA0, 0x3CC7, 0x3CC7, 0x3CC7, 0x3CA0, 
    0x6F52, 0x3CC7, 0x6F52, 0x3CA0, 0x6F52, 0x3CC7, 0x3CC7, 0x3CA0, 0x3CC7, 
    0x3CC7, 0x3CC7, 0x3CA0, 0x3CC7, 0x5ECC, 0x5ECC, 0x3CC7, 0x3CA0, 0x3CC7, 
    0x3CA0, 0x3CC7, 0x4257, 0x3CC7, 0x3CA0, 0x3CC7, 0x3CA0, 0x3CC7, 0x3CA0, 
    0x3CC7, 0x3CA0, 0x3CC7, 0x3CA0, 0x3CC7, 0x3CA0, 0x3CC7, 0x3CA0, 0x69D9, 
    0x3CA0, 0x3CC7, 0x3CA0, 0x3CC7, 0x3CA0, 0x3CC7, 0x3CA0, 0x3CC7, 0x3CA0, 
    0x3CC7, 0x3CA0, 0x5ECC, 0x3CA0, 0x3CC7, 0x3CA0, 0x3CC7, 0x3CA0, 0x5ECC, 
    0x3CA0, 0x3CC7, 0x3CA0, 0x3CC7, 0x3CA0, 0x3CC7, 0x3CA0, 0x5ECC, 0x5EAB, 
    0x3CC7, 0x3CA0, 0x3CC7, 0x3CA0, 0x3CC7, 0x3CA0, 0x3CC7, 0x3CA0, 0x557A, 
    0x3CA0, 0x3CC7, 0x3CA0, 0x3CC7, 0x3CA0, 0x3CC7, 0x3CA0, 0x3CC7, 0x3CA0, 
    0x3CC7, 0x3CA0, 0x3CC7, 0x4257, 0x3CC7, 0x3CA0, 0x3CC7, 0x3CA0, 0x3CC7, 
    0x3CA0, 0x3CC7, 0x3CA0, 0x3CC7, 0x3CA0, 0x3CC7, 0x3CA0, 0x3CC7, 0x3CA0, 
    0x69D9, 0x3CA0, 0x3CC7, 0x3CA0, 0x3CC7, 0x3CA0, 0x3CC7, 0x3CA0, 0x3CC7, 
    0x3CA0, 0x3CC7, 0x3CA0, 0x5ECC, 0x3CA0, 0x3CC7, 0x3CA0, 0x3CC7, 0x3CC7, 
    0x5ECC, 0x3CA0, 0x3CC7, 0x3CA0, 0x3CC7, 0x3CA0, 0x3CC7, 0x3CC7, 0x5ECC, 
    0x5EAB, 0x3CC7, 0x3CC7, 0x3CC7, 0x3CA0, 0x3CC7, 0x3CC7, 0x3CC7, 0x3CA0, 
    0x557A, 0x3CC7, 0x3CC7, 0x3CA0, 0x3CC7, 0x3CC7, 0x3CC7, 0x3CA0, 0x3CC7, 
    0x3CC7, 0x3CC7, 0x3CA0, 0x3CC7, 0x4278, 0x3CC7, 0x3CA0, 0x3CC7, 0x3CC7, 
    0x3CC7, 0x3CA0, 0x3CC7, 0x3CC7, 0x3CC7, 0x3CC7, 0x3CC7, 0x3CC7, 0x3CC7, 
    0x3CA0, 0x69D9, 0x3CC7, 0x3CC7, 0x3CC7, 0x3CC7, 0x3CC7, 0x3CC7, 0x3CC7, 
    0x3CC7, 0x3CC7, 0x3CC7, 0x3CC7, 0x5ECC, 0x3CC7, 0x3CC7, 0x3CC7, 0x3CC7, 
    0x3CC7, 0x5ECC, 0x3CC7, 0x3CC7, 0x3CC7, 0x3CC7, 0x3CC7, 0x3CC7, 0x3CC7, 
    0x5ECC, 0x5ECC, 0x3CC7, 0x3CC7, 0x3CC7, 0x3CC7, 0x3CC7, 0x3CC7, 0x3CC7, 
    0x3CC7, 0x557A, 0x3CC7, 0x3CC7, 0x3CC7, 0x3CC7, 0x3CC7, 0x3CC7, 0x3CC7, 
    0x3CC7, 0x3CC7, 0x3CC7, 0x3CC7, 0x3CC7, 0x4278, 0x3CC7, 0x3CC7, 0x3CC7, 
    0x3CC7, 0x3CC7, 0x3CC7, 0x3CC7, 0x3CC7, 0x3CC7, 0x3CC7, 0x3CC7, 0x3CC7, 
    0x3CC7, 0x3CC7, 0x69D9, 0x3CC7, 0x3CC7, 0x3CC7, 0x3CC7, 0x3CC7, 0x3CC7, 
    0x3CC7, 0x3CC7, 0x3CC7, 0x3CC7, 0x3CC7, 0x5ECC, 0x3CC7, 0x3CC7, 0x3CC7, 
    0x3CC7, 0x3CC7, 0x5ECC, 0x3CC7, 0x3CC7, 0x3CC7, 0x3CC7, 0x3CC7, 0x3CC7, 
    0x3CC7, 0x5ECC, 0x5ECC, 0x3CA0, 0x3CA0, 0x3CA0, 0x3CA0, 0x3CA0, 0x3CA0, 
    0x3CA0, 0x3CA0, 0x3CA0, 0x3CA0, 0x3CA0, 0x3CA0, 0x3CA0, 0x3CC7, 0x3CA0, 
    0x3CA0, 0x3CA0, 0x3CA0, 0x3CA0, 0x3CA0, 0x3CA0, 0x3CC7, 0x3CA0, 0x3CA0, 
    0x3CA0, 0x3CC7, 0x3CA0, 0x3CA0, 0x3CA0, 0x3CC7, 0x3CA0, 0x4E28, 0x3CA0, 
    0x3CC7, 0x3CA0, 0x3CA0, 0x3CA0, 0x3CC7, 0x3CA0, 0x4E28, 0x3CA0, 0x3CC7, 
    0x3CA0, 0x3CA0, 0x3CA0, 0x3CC7, 0x3CA0, 0x3CA0, 0x3CA0, 0x3CC7, 0x3CA0, 
    0x3CA0, 0x3CA0, 0x3CC7, 0x3CA0, 0x3CC7, 0x3CA0, 0x3CC7, 0x3CA0, 0x3CA0, 
    0x3CA0, 0x3CC7, 0x3CA0, 0x3CC7, 0x3CA0, 0x3CC7, 0x3CA0, 0x3CC7, 0x3CA0, 
    0x3CC7, 0x3CA0, 0x3CC7, 0x3CA0, 0x3CC7, 0x3CA0, 0x3CC7, 0x3CA0, 0x3CC7, 
    0x3CA0, 0x3CC7, 0x3CA0, 0x3CC7, 0x3CA0, 0x3CC7, 0x3CA0, 0x3CC7, 0x3CA0, 
    0x3CC7, 0x3CA0, 0x3CC7, 0x3CA0, 0x3CC7, 0x3CA0, 0x3CC7, 0x3CA0, 0x4E29, 
    0x3CA0, 0x3CC7, 0x3CA0, 0x3CC7, 0x3CA0, 0x3CC7, 0x3CA0, 0x4E29, 0x3CA0, 
    0x3CC7, 0x3CA0, 0x3CC7, 0x3CA0, 0x3CC7, 0x3CA0, 0x3CC7, 0x3CA0, 0x3CC7, 
    0x3CA0, 0x3CC7, 0x3CA0, 0x3CC7, 0x3CA0, 0x3CC7, 0x3CA0, 0x3CC7, 0x3CA0, 
    0x3CC7, 0x3CA0, 0x3CC7, 0x3CA0, 0x3CC7, 0x3CA0, 0x3CC7, 0x3CA0, 0x3CC7, 
    0x3CA0, 0x3CC7, 0x3CA0, 0x3CC7, 0x3CA0, 0x3CC7, 0x3CA0, 0x3CC7, 0x3CA0, 
    0x3CC7, 0x3CA0, 0x3CC7, 0x3CA0, 0x3CC7, 0x3CA0, 0x3CC7, 0x3CA0, 0x3CC7, 
    0x3CA0, 0x3CC7, 0x3CA0, 0x3CC7, 0x3CA0, 0x3CC7, 0x3CA0, 0x3CC7, 0x3CA0, 
    0x4E29, 0x3CA0, 0x3CC7, 0x3CA0, 0x3CC7, 0x3CA0, 0x3CC7, 0x3CA0, 0x4E29, 
    0x3CA0, 0x3CC7, 0x3CA0, 0x3CC7, 0x3CA0, 0x3CC7, 0x3CA0, 0x3CC7, 0x3CA0, 
    0x3CC7, 0x3CA0, 0x3CC7, 0x3CA0, 0x3CC7, 0x3CA0, 0x3CC7, 0x3CA0, 0x3CC7, 
    0x3CA0, 0x3CC7, 0x3CC7, 0x3CC7, 0x3CA0, 0x3CC7, 0x3CA0, 0x3CC7, 0x3CA0, 
    0x3CC7, 0x3CC7, 0x3CC7, 0x3CA0, 0x3CC7, 0x3CC7, 0x3CC7, 0x3CA0, 0x3CC7, 
    0x3CC7, 0x3CC7, 0x3CA0, 0x3CC7, 0x3CC7, 0x3CC7, 0x3CA0, 0x3CC7, 0x3CC7, 
    0x3CC7, 0x3CA0, 0x3CC7, 0x3CC7, 0x3CC7, 0x3CA0, 0x3CC7, 0x3CC7, 0x3CC7, 
    0x3CA0, 0x4E29, 0x3CC7, 0x3CC7, 0x3CA0, 0x3CC7, 0x3CC7, 0x3CC7, 0x3CC7, 
    0x4E29, 0x3CC7, 0x3CC7, 0x3CA0, 0x3CC7, 0x3CC7, 0x3CC7, 0x3CC7, 0x3CC7, 
    0x3CA0, 0x3CA0, 0x3CC7, 0x3CA0, 0x3CC7, 0x3CA0, 0x3CC7, 0x3CA0, 0x3CC7, 
    0x3CA0, 0x3CC7, 0x3CA0, 0x3CC7, 0x3CA0, 0x3CC7, 0x3CA0, 0x3CC7, 0x3CA0, 
    0x3CC7, 0x3CA0, 0x3CC7, 0x3CA0, 0x3CC7, 0x3CA0, 0x3CC7, 0x3CA0, 0x3CC7, 
    0x3CA0, 0x3CC7, 0x3CA0, 0x3CC7, 0x3CA0, 0x3CC7, 0x3CA0, 0x3CC7, 0x4E28, 
    0x3CC7, 0x3CA0, 0x3CC7, 0x3CA0, 0x3CC7, 0x3CA0, 0x3CC7, 0x3CA0, 0x3CC7, 
    0x3CA0, 0x3CC7, 0x3CA0, 0x3CC7, 0x3CA0, 0x3CC7, 0x3CA0, 0x3CC7, 0x3CA0, 
    0x3CC7, 0x3CA0, 0x3CC7, 0x3CA0, 0x3CC7, 0x3CA0, 0x3CC7, 0x3CA0, 0x3CC7, 
    0x3CA0, 0x3CC7, 0x3CA0, 0x3CC7, 0x3CA0, 0x3CC7, 0x3CA0, 0x3CC7, 0x3CA0, 
    0x3CC7, 0x3CA0, 0x3CC7, 0x3CA0, 0x3CC7, 0x3CA0, 0x3CC7, 0x3CA0, 0x3CC7, 
    0x3CA0, 0x3CC7, 0x3CA0, 0x3CC7, 0x3CA0, 0x3CC7, 0x3CA0, 0x3CC7, 0x3CA0, 
    0x3CC7, 0x3CA0, 0x3CC7, 0x3CA0, 0x3CC7, 0x3CA0, 0x3CC7, 0x3CA0, 0x3CC7, 
    0x4E28, 0x3CC7, 0x3CA0, 0x3CC7, 0x3CA0, 0x3CC7, 0x3CA0, 0x3CC7, 0x3CA0, 
    0x3CC7, 0x3CA0, 0x3CC7, 0x3CA0, 0x3CC7, 0x3CA0, 0x3CC7, 0x3CA0, 0x3CC7, 
    0x3CA0, 0x3CC7, 0x3CC7, 0x3CC7, 0x3CA0, 0x3CC7, 0x3CA0, 0x3CC7, 0x3CA0, 
    0x3CC7, 0x3CC7, 0x3CC7, 0x3CA0, 0x3CC7, 0x3CC7, 0x3CC7, 0x3CA0, 0x3CC7, 
    0x3CC7, 0x3CC7, 0x3CA0, 0x3CC7, 0x3CC7, 0x3CC7, 0x3CA0, 0x3CC7, 0x3CC7, 
    0x3CC7, 0x3CA0, 0x3CC7, 0x3CC7, 0x3CC7, 0x3CA0, 0x3CC7, 0x3CC7, 0x3CC7, 
    0x3CA0, 0x3CC7, 0x3CC7, 0x3CC7, 0x3CA0, 0x3CC7, 0x3CC7, 0x3CC7, 0x3CA0, 
    0x3CC7, 0x4E29, 0x3CC7, 0x3CC7, 0x3CC7, 0x3CC7, 0x3CC7, 0x3CA0, 0x3CC7, 
    0x3CC7, 0x3CC7, 0x3CC7, 0x3CC7, 0x3CC7, 0x3CC7, 0x3CC7, 0x3CC7, 0x3CC7, 
    0x3CC7, 0x3CC7, 0x3CC7, 0x3CC7, 0x3CC7, 0x3CC7, 0x3CC7, 0x3CC7, 0x3CC7, 
    0x3CC7, 0x3CC7, 0x3CC7, 0x3CC7, 0x3CC7, 0x3CC7, 0x3CC7, 0x3CC7, 0x3CC7, 
    0x3CC7, 0x3CC7, 0x3CC7, 0x3CC7, 0x3CC7, 0x3CC7, 0x3CC7, 0x3CC7, 0x3CC7, 
    0x3CC7, 0x3CC7, 0x3CC7, 0x3CC7, 0x3CC7, 0x3CC7, 0x3CC7, 0x3CC7, 0x3CC7, 
    0x3CC7, 0x3CC7, 0x3CC7, 0x3CC7, 0x3CC7, 0x3CC7, 0x3CC7, 0x3CC7, 0x3CC7, 
    0x3CC7, 0x3CC7, 0x4E29, 0x3CC7, 0x3CC7, 0x3CC7, 0x3CC7, 0x3CC7, 0x3CC7, 
    0x3CC7, 0x3CC7, 0x3CC7, 0x3CC7, 0x3CC7, 0x3CC7, 0x3CA0, 0x3CA0, 0x3CA0, 
    0x3CA0, 0x3CA0, 0x3CA0, 0x3CA0, 0x3CA0, 0x3CA0, 0x3CA0, 0x3CA0, 0x3CA0, 
    0x3CA0, 0x3CA0, 0x3CA0, 0x3CA0, 0x3CA0, 0x3CA0, 0x3CA0, 0x3CA0, 0x3CA0, 
    0x3CA0, 0x3CA0, 0x3CA0, 0x3CA0, 0x3CA0, 0x3CA0, 0x3CA0, 0x3CA0, 0x3CA0, 
    0x3CA0, 0x3CA0, 0x3CA0, 0x3CA0, 0x3CA0, 0x3CA0, 0x3CA0, 0x3CA0, 0x3CA0, 
    0x3CC7, 0x3CA0, 0x3CA0, 0x3CA0, 0x3CC7, 0x3CA0, 0x3CA0, 0x3CA0, 0x3CC7, 
    0x3CA0, 0x3CA0, 0x3CA0, 0x3CC7, 0x3CA0, 0x3CA0, 0x3CA0, 0x3CC7, 0x3CA0, 
    0x3CA0, 0x3CA0, 0x3CC7, 0x3CA0, 0x3CA0, 0x3CA0, 0x3CC7, 0x3CA0, 0x3CA0, 
    0x3CA0, 0x3CC7, 0x3CA0, 0x3CA0, 0x3CA0, 0x3CC7, 0x3CA0, 0x3CA0, 0x3CA0, 
    0x3CC7, 0x3CA0, 0x3CC7, 0x3CA0, 0x3CC7, 0x3CA0, 0x3CA0, 0x3CA0, 0x3CC7, 
    0x3CA0, 0x3CC7, 0x3CA0, 0x3CC7, 0x3CA0, 0x3CC7, 0x3CA0, 0x3CC7, 0x3CA0, 
    0x3CC7, 0x3CA0, 0x3CC7, 0x3CA0, 0x3CC7, 0x3CA0, 0x3CC7, 0x3CA0, 0x3CC7, 
    0x3CA0, 0x3CC7, 0x3CA0, 0x3CC7, 0x3CA0, 0x3CC7, 0x3CA0, 0x3CC7, 0x3CA0, 
    0x3CC7, 0x3CA0, 0x3CC7, 0x3CA0, 0x3CC7, 0x3CA0, 0x3CC7, 0x3CA0, 0x3CC7, 
    0x3CA0, 0x3CC7, 0x3CA0, 0x3CC7, 0x3CA0, 0x3CC7, 0x3CA0, 0x3CC7, 0x3CA0, 
    0x3CC7, 0x3CA0, 0x3CC7, 0x3CA0, 0x3CC7, 0x3CA0, 0x3CC7, 0x3CA0, 0x3CC7, 
    0x3CA0, 0x3CC7, 0x3CA0, 0x3CC7, 0x3CA0, 0x3CC7, 0x3CA0, 0x3CC7, 0x3CA0, 
    0x3CC7, 0x3CA0, 0x3CC7, 0x3CA0, 0x3CC7, 0x3CA0, 0x3CC7, 0x3CA0, 0x3CC7, 
    0x3CA0, 0x3CC7, 0x3CA0, 0x3CC7, 0x3CA0, 0x3CC7, 0x3CA0, 0x3CC7, 0x3CA0, 
    0x3CC7, 0x3CA0, 0x3CC7, 0x3CA0, 0x3CC7, 0x3CA0, 0x3CC7, 0x3CA0, 0x3CC7, 
    0x3CA0, 0x3CC7, 0x3CA0, 0x3CC7, 0x3CA0, 0x3CC7, 0x3CA0, 0x3CC7, 0x3CA0, 
    0x3CC7, 0x3CA0, 0x3CC7, 0x3CA0, 0x3CC7, 0x3CA0, 0x3CC7, 0x3CA0, 0x3CC7, 
    0x3CA0, 0x3CC7, 0x3CA0, 0x3CC7, 0x3CA0, 0x3CC7, 0x3CA0, 0x3CC7, 0x3CA0, 
    0x3CC7, 0x3CA0, 0x3CC7, 0x3CA0, 0x3CC7, 0x3CC7, 0x3CC7, 0x3CA0, 0x3CC7, 
    0x3CA0, 0x3CC7, 0x3CA0, 0x3CC7, 0x3CC7, 0x3CC7, 0x3CA0, 0x3CC7, 0x3CC7, 
    0x3CC7, 0x3CA0, 0x3CC7, 0x3CC7, 0x3CC7, 0x3CA0, 0x3CC7, 0x3CC7, 0x3CC7, 
    0x3CA0, 0x3CC7, 0x3CC7, 0x3CC7, 0x3CA0, 0x3CC7, 0x3CC7, 0x3CC7, 0x3CA0, 
    0x3CC7, 0x3CC7, 0x3CC7, 0x3CC7, 0x3CA0, 0x3CC7, 0x3CA0, 0x3CC7, 0x3CA0, 
    0x3CC7, 0x3CA0, 0x3CC7, 0x3CA0, 0x3CC7, 0x3CA0, 0x3CC7, 0x3CA0, 0x3CC7, 
    0x3CA0, 0x3CC7, 0x3CA0, 0x3CC7, 0x3CA0, 0x3CC7, 0x3CA0, 0x3CC7, 0x3CA0, 
    0x3CC7, 0x3CA0, 0x3CC7, 0x3CA0, 0x3CC7, 0x3CA0, 0x3CC7, 0x3CA0, 0x3CC7, 
    0x3CA0, 0x3CC7, 0x3CA0, 0x3CC7, 0x3CA0, 0x3CC7, 0x3CA0, 0x3CC7, 0x3CA0, 
    0x3CC7, 0x3CA0, 0x3CC7, 0x3CA0, 0x3CC7, 0x3CA0, 0x3CC7, 0x3CA0, 0x3CC7, 
    0x3CA0, 0x3CC7, 0x3CA0, 0x3CC7, 0x3CA0, 0x3CC7, 0x3CA0, 0x3CC7, 0x3CA0, 
    0x3CC7, 0x3CA0, 0x3CC7, 0x3CA0, 0x3CC7, 0x3CA0, 0x3CC7, 0x3CA0, 0x3CC7, 
    0x3CA0, 0x3CC7, 0x3CA0, 0x3CC7, 0x3CA0, 0x3CC7, 0x3CA0, 0x3CC7, 0x3CA0, 
    0x3CC7, 0x3CA0, 0x3CC7, 0x3CA0, 0x3CC7, 0x3CA0, 0x3CC7, 0x3CA0, 0x3CC7, 
    0x3CA0, 0x3CC7, 0x3CA0, 0x3CC7, 0x3CA0, 0x3CC7, 0x3CA0, 0x3CC7, 0x3CA0, 
    0x3CC7, 0x3CC7, 0x3CC7, 0x3CA0, 0x3CC7, 0x3CC7, 0x3CC7, 0x3CA0, 0x3CC7, 
    0x3CC7, 0x3CC7, 0x3CA0, 0x3CC7, 0x3CC7, 0x3CC7, 0x3CA0, 0x3CC7, 0x3CC7, 
    0x3CC7, 0x3CA0, 0x3CC7, 0x3CC7, 0x3CC7, 0x3CA0, 0x3CC7, 0x3CC7, 0x3CC7, 
    0x3CA0, 0x3CC7, 0x3CC7, 0x3CC7, 0x3CA0, 0x3CC7, 0x3CC7, 0x3CC7, 0x3CA0, 
    0x3CC7, 0x3CC7, 0x3CC7, 0x3CA0, 0x3CC7, 0x3CC7, 0x3CC7, 0x3CC7, 0x3CC7, 
    0x3CC7, 0x3CC7, 0x3CC7, 0x3CC7, 0x3CC7, 0x3CC7, 0x3CC7, 0x3CC7, 0x3CC7, 
    0x3CC7, 0x3CC7, 0x3CC7, 0x3CC7, 0x3CC7, 0x3CC7, 0x3CC7, 0x3CC7, 0x3CC7, 
    0x3CC7, 0x3CC7, 0x3CC7, 0x3CC7, 0x3CC7, 0x3CC7, 0x3CC7, 0x3CC7, 0x3CC7, 
    0x3CC7, 0x3CC7, 0x3CC7, 0x3CC7, 0x3CC7, 0x3CC7, 0x3CC7, 0x3CC7, 0x3CC7, 
    0x3CC7, 0x3CC7, 0x3CC7, 0x3CC7, 0x3CC7, 0x3CC7, 0x3CC7, 0x3CC7, 0x3CC7, 
    0x3CC7, 0x3CC7, 0x3CC7, 0x3CC7, 0x3CC7, 0x3CC7, 0x3CC7, 0x3CC7, 0x3CC7, 
    0x3CC7, 0x3CC7, 0x3CC7, 0x3CC7, 0x3CC7, 0x3CC7, 0x3CC7, 0x3CC7, 0x3CC7, 
    0x3CC7, 0x3CC7, 0x3CC7, 0x3CC7, 0x3CC7, 0x3CC7, 0x3CC7, 0x3CC7, 0x3CC7, 
    0x3CC7, 0x3CC7, 0x3CC7, 0x3CC7, 0x3CC7, 0x3CC7, 0x3CC7, 0x3CC7, 0x3CC7, 
    0x3CC7, 0x3CC7, 0x3CC7, 0x3CC7, 0x3CC7, 0x3CC7, 0x3CC7, 0x3CC7, 0x3CC7, 
    0x3CC7, 0x3CC7, 0x3CC7, 0x3CC7, 0x3CC7, 0x3CC7, 0x3CC7, 0x3CC7, 0x3CC7, 
    0x3CA0, 0x3CA0, 0x3CA0, 0x3CA0, 0x3CA0, 0x3CA0, 0x3CA0, 0x3CA0, 0x3CA0, 
    0x3CC7, 0x3CA0, 0x3CA0, 0x3CA0, 0x3CA0, 0x3CA0, 0x3CA0, 0x3CA0, 0x3CC7, 
    0x3CA0, 0x3CA0, 0x3CA0, 0x3CC7, 0x3CA0, 0x3CA0, 0x3CA0, 0x3CC7, 0x3CA0, 
    0x3CA0, 0x3CA0, 0x3CC7, 0x3CA0, 0x3CA0, 0x3CA0, 0x3CC7, 0x3CA0, 0x3CA0, 
    0x3CA0, 0x3CC7, 0x3CA0, 0x3CA0, 0x3CA0, 0x3CC7, 0x3CA0, 0x3CA0, 0x3CA0, 
    0x3CC7, 0x3CA0, 0x3CA0, 0x3CA0, 0x3CC7, 0x3CA0, 0x3CC7, 0x3CA0, 0x3CC7, 
    0x3CA0, 0x3CA0, 0x3CA0, 0x3CC7, 0x3CA0, 0x3CC7, 0x3CA0, 0x3CC7, 0x3CA0, 
    0x3CC7, 0x3CA0, 0x3CC7, 0x3CA0, 0x3CC7, 0x3CA0, 0x3CC7, 0x3CA0, 0x3CC7, 
    0x3CA0, 0x3CC7, 0x3CA0, 0x3CC7, 0x3CA0, 0x3CC7, 0x3CA0, 0x3CC7, 0x3CA0, 
    0x3CC7, 0x3CA0, 0x3CC7, 0x3CA0, 0x3CC7, 0x3CA0, 0x3CC7, 0x3CA0, 0x3CC7, 
    0x3CA0, 0x3CC7, 0x3CA0, 0x3CC7, 0x3CA0, 0x3CC7, 0x3CA0, 0x3CC7, 0x3CA0, 
    0x3CC7, 0x3CA0, 0x3CC7, 0x3CA0, 0x3CC7, 0x3CA0, 0x3CC7, 0x3CA0, 0x3CC7, 
    0x3CA0, 0x3CC7, 0x3CA0, 0x3CC7, 0x3CA0, 0x3CC7, 0x3CA0, 0x3CC7, 0x3CA0, 
    0x3CC7, 0x3CA0, 0x3CC7, 0x3CA0, 0x3CC7, 0x3CA0, 0x3CC7, 0x3CA0, 0x3CC7, 
    0x3CA0, 0x3CC7, 0x3CA0, 0x3CC7, 0x3CA0, 0x3CC7, 0x3CA0, 0x3CC7, 0x3CA0, 
    0x3CC7, 0x3CA0, 0x3CC7, 0x3CA0, 0x3CC7, 0x3CA0, 0x3CC7, 0x3CA0, 0x3CC7, 
    0x3CA0, 0x3CC7, 0x3CA0, 0x3CC7, 0x3CA0, 0x3CC7, 0x3CA0, 0x3CC7, 0x3CA0, 
    0x3CC7, 0x3CA0, 0x3CC7, 0x3CA0, 0x3CC7, 0x3CA0, 0x3CC7, 0x3CA0, 0x3CC7, 
    0x3CA0, 0x3CC7, 0x3CA0, 0x3CC7, 0x3CA0, 0x3CC7, 0x3CA0, 0x3CC7, 0x3CA0, 
    0x3CC7, 0x3CA0, 0x3CC7, 0x3CA0, 0x3CC7, 0x3CC7, 0x3CC7, 0x3CA0, 0x3CC7, 
    0x3CA0, 0x3CC7, 0x3CA0, 0x3CC7, 0x3CC7, 0x3CC7, 0x3CA0, 0x3CC7, 0x3CC7, 
    0x3CC7, 0x3CA0, 0x3CC7, 0x3CC7, 0x3CC7, 0x3CA0, 0x3CC7, 0x3CC7, 0x3CC7, 
    0x3CA0, 0x3CC7, 0x3CC7, 0x3CC7, 0x3CA0, 0x3CC7, 0x3CC7, 0x3CC7, 0x3CA0, 
    0x3CC7, 0x3CC7, 0x3CC7, 0x3CA0, 0x3CC7, 0x3CC7, 0x3CC7, 0x3CA0, 0x3CC7, 
    0x3CC7, 0x3CC7, 0x3CC7, 0x3CC7, 0x3CC7, 0x3CC7, 0x3CA0, 0x3CC7, 0x3CC7, 
    0x3CC7, 0x3CC7, 0x3CC7, 0x3CC7, 0x3CC7, 0x3CC7, 0x3CC7, 0x3CC7, 0x3CC7, 
    0x3CC7, 0x3CC7, 0x3CC7, 0x3CC7, 0x3CC7, 0x3CC7, 0x3CC7, 0x3CA0, 0x3CC7, 
    0x5EAB, 0x3CC7, 0x3CA0, 0x3CC7, 0x3CA0, 0x3CC7, 0x3CA0, 0x3CC7, 0x3CA0, 
    0x3CC7, 0x3CA0, 0x3CC7, 0x3CA0, 0x3CC7, 0x3CA0, 0x3CC7, 0x3CA0, 0x3CC7, 
    0x3CA0, 0x3CC7, 0x3CA0, 0x3CC7, 0x3CA0, 0x3CC7, 0x3CA0, 0x3CC7, 0x3CA0, 
    0x3CC7, 0x3CA0, 0x3CC7, 0x3CA0, 0x3CC7, 0x3CA0, 0x3CC7, 0x3CA0, 0x3CC7, 
    0x3CA0, 0x3CC7, 0x3CA0, 0x3CC7, 0x3CA0, 0x3CC7, 0x3CA0, 0x3CC7, 0x3CA0, 
    0x3CC7, 0x3CA0, 0x3CC7, 0x3CA0, 0x3CC7, 0x3CA0, 0x3CC7, 0x3CA0, 0x3CC7, 
    0x3CA0, 0x3CC7, 0x3CA0, 0x3CC7, 0x3CA0, 0x3CC7, 0x3CA0, 0x3CC7, 0x3CA0, 
    0x3CC7, 0x5EAB, 0x3CC7, 0x3CA0, 0x3CC7, 0x3CA0, 0x3CC7, 0x3CA0, 0x3CC7, 
    0x3CA0, 0x3CC7, 0x3CA0, 0x3CC7, 0x3CA0, 0x3CC7, 0x3CA0, 0x3CC7, 0x3CA0, 
    0x3CC7, 0x3CA0, 0x3CC7, 0x3CA0, 0x3CC7, 0x3CA0, 0x3CC7, 0x3CA0, 0x3CC7, 
    0x3CA0, 0x3CC7, 0x3CA0, 0x3CC7, 0x3CA0, 0x3CC7, 0x3CA0, 0x3CC7, 0x3CA0, 
    0x3CC7, 0x3CA0, 0x3CC7, 0x3CA0, 0x3CC7, 0x3CA0, 0x3CC7, 0x3CA0, 0x3CC7, 
    0x3CA0, 0x3CC7, 0x3CA0, 0x3CC7, 0x3CC7, 0x3CC7, 0x3CA0, 0x3CC7, 0x3CA0, 
    0x3CC7, 0x3CA0, 0x3CC7, 0x3CC7, 0x3CC7, 0x3CA0, 0x3CC7, 0x3CC7, 0x3CC7, 
    0x3CA0, 0x3CC7, 0x5ECC, 0x3CC7, 0x3CA0, 0x3CC7, 0x3CC7, 0x3CC7, 0x3CA0, 
    0x3CC7, 0x3CC7, 0x3CC7, 0x3CA0, 0x3CC7, 0x3CC7, 0x3CC7, 0x3CA0, 0x3CC7, 
    0x3CC7, 0x3CC7, 0x3CA0, 0x3CC7, 0x3CC7, 0x3CC7, 0x3CC7, 0x3CC7, 0x3CC7, 
    0x3CC7, 0x3CA0, 0x3CC7, 0x3CC7, 0x3CC7, 0x3CC7, 0x3CC7, 0x3CC7, 0x3CC7, 
    0x3CC7, 0x3CC7, 0x3CC7, 0x3CC7, 0x3CC7, 0x3CC7, 0x3CC7, 0x3CC7, 0x3CC7, 
    0x3CC7, 0x3CC7, 0x3CC7, 0x3CC7, 0x3CC7, 0x3CC7, 0x3CC7, 0x3CC7, 0x3CC7, 
    0x3CC7, 0x3CC7, 0x3CC7, 0x3CC7, 0x3CC7, 0x3CC7, 0x3CC7, 0x3CC7, 0x3CC7, 
    0x3CC7, 0x3CC7, 0x3CC7, 0x5ECC, 0x3CC7, 0x3CC7, 0x3CC7, 0x3CC7, 0x3CC7, 
    0x3CC7, 0x3CC7, 0x3CC7, 0x3CC7, 0x3CC7, 0x3CC7, 0x3CC7, 0x3CC7, 0x3CC7, 
    0x3CC7, 0x3CC7, 0x3CC7, 0x3CC7, 0x3CC7, 0x3CC7, 0x3CC7, 0x3CC7, 0x3CC7, 
    0x3CC7, 0x3CC7, 0x3CC7, 0x3CC7, 0x3CC7, 0x3CC7, 0x3CC7, 0x3CC7, 0x3CC7, 
    0x3CC7, 0x3CC7, 0x3CC7, 0x3CC7, 0x3CC7, 0x3CC7, 0x3CC7, 0x3CC7, 0x3CC7, 
    0x3CC7, 0x3CC7, 0x3CC7, 0x3CA0, 0x3CA0, 0x3CA0, 0x3CA0, 0x3CA0, 0x3CA0, 
    0x3CA0, 0x3CA0, 0x3CA0, 0x3CA0, 0x3CA0, 0x3CA0, 0x3CA0, 0x3CA0, 0x3CA0, 
    0x3CA0, 0x3CA0, 0x3CA0, 0x3CA0, 0x3CA0, 0x3CA0, 0x3CA0, 0x3CA0, 0x3CA0, 
    0x3CA0, 0x3CA0, 0x3CA0, 0x3CC7, 0x3CA0, 0x3CA0, 0x3CA0, 0x3CA0, 0x3CA0, 
    0x3CA0, 0x3CA0, 0x3CC7, 0x3CA0, 0x3CA0, 0x3CA0, 0x3CC7, 0x3CA0, 0x3CA0, 
    0x3CA0, 0x3CC7, 0x3CA0, 0x3CA0, 0x3CA0, 0x3CC7, 0x3CA0, 0x3CA0, 0x3CA0, 
    0x3CC7, 0x3CA0, 0x3CA0, 0x3CA0, 0x3CC7, 0x3CA0, 0x3CA0, 0x4257, 0x3CC7, 
    0x3CA0, 0x3CA0, 0x3CA0, 0x3CC7, 0x3CA0, 0x3CA0, 0x3CA0, 0x3CC7, 0x3CA0, 
    0x3CA0, 0x3CA0, 0x3CC7, 0x3CA0, 0x3CC7, 0x3CA0, 0x3CC7, 0x3CA0, 0x3CA0, 
    0x3CA0, 0x3CC7, 0x3CA0, 0x3CC7, 0x3CA0, 0x3CC7, 0x3CA0, 0x3CC7, 0x3CA0, 
    0x3CC7, 0x3CA0, 0x3CC7, 0x3CA0, 0x3CC7, 0x3CA0, 0x3CC7, 0x3CA0, 0x3CC7, 
    0x3CA0, 0x3CC7, 0x3CA0, 0x3CC7, 0x3CA0, 0x3CC7, 0x3CA0, 0x3CC7, 0x3CA0, 
    0x3CC7, 0x3CA0, 0x3CC7, 0x3CA0, 0x3CC7, 0x3CA0, 0x3CC7, 0x3CA0, 0x3CC7, 
    0x3CA0, 0x3CC7, 0x3CA0, 0x3CC7, 0x3CA0, 0x3CC7, 0x3CA0, 0x3CC7, 0x4257, 
    0x3CC7, 0x3CA0, 0x3CC7, 0x3CA0, 0x3CC7, 0x3CA0, 0x3CC7, 0x3CA0, 0x3CC7, 
    0x3CA0, 0x3CC7, 0x3CA0, 0x3CC7, 0x3CA0, 0x3CC7, 0x3CA0, 0x3CC7, 0x3CA0, 
    0x3CC7, 0x3CA0, 0x3CC7, 0x3CA0, 0x3CC7, 0x3CA0, 0x3CC7, 0x3CA0, 0x3CC7, 
    0x3CA0, 0x3CC7, 0x3CA0, 0x3CC7, 0x3CA0, 0x3CC7, 0x3CA0, 0x3CC7, 0x3CA0, 
    0x3CC7, 0x3CA0, 0x3CC7, 0x3CA0, 0x3CC7, 0x3CA0, 0x3CC7, 0x3CA0, 0x3CC7, 
    0x3CA0, 0x3CC7, 0x3CA0, 0x3CC7, 0x3CA0, 0x3CC7, 0x3CA0, 0x3CC7, 0x3CA0, 
    0x3CC7, 0x3CA0, 0x3CC7, 0x3CA0, 0x3CC7, 0x3CA0, 0x3CC7, 0x3CA0, 0x3CC7, 
    0x4257, 0x3CC7, 0x3CA0, 0x3CC7, 0x3CA0, 0x3CC7, 0x3CA0, 0x3CC7, 0x3CC7, 
    0x3CC7, 0x3CA0, 0x3CC7, 0x3CA0, 0x3CC7, 0x3CA0, 0x3CC7, 0x3CC7, 0x3CC7, 
    0x3CA0, 0x3CC7, 0x3CC7, 0x3CC7, 0x3CA0, 0x3CC7, 0x3CC7, 0x3CC7, 0x3CA0, 
    0x3CC7, 0x3CC7, 0x3CC7, 0x3CA0, 0x3CC7, 0x3CC7, 0x3CC7, 0x3CA0, 0x3CC7, 
    0x3CC7, 0x3CC7, 0x3CA0, 0x3CC7, 0x3CC7, 0x3CC7, 0x3CA0, 0x3CC7, 0x3CC7, 
    0x3CC7, 0x3CA0, 0x3CC7, 0x3CC7, 0x3CC7, 0x3CA0, 0x3CC7, 0x3CC7, 0x3CC7, 
    0x3CC7, 0x3CA0, 0x3CC7, 0x3CA0, 0x3CC7, 0x3CA0, 0x3CC7, 0x3CA0, 0x3CC7, 
    0x3CA0, 0x3CC7, 0x3CA0, 0x3CC7, 0x3CA0, 0x3CC7, 0x3CA0, 0x3CC7, 0x3CA0, 
    0x3CC7, 0x3CA0, 0x3CC7, 0x3CA0, 0x3CC7, 0x3CA0, 0x3CC7, 0x3CA0, 0x3CC7, 
    0x3CA0, 0x3CC7, 0x3CA0, 0x3CC7, 0x3CA0, 0x3CC7, 0x3CA0, 0x3CC7, 0x5EAB, 
    0x3CC7, 0x3CA0, 0x3CC7, 0x3CA0, 0x3CC7, 0x3CA0, 0x3CC7, 0x3CA0, 0x3CC7, 
    0x3CA0, 0x3CC7, 0x5EAB, 0x5ECC, 0x3CA0, 0x3CC7, 0x3CA0, 0x3CC7, 0x3CA0, 
    0x3CC7, 0x3CA0, 0x3CC7, 0x3CA0, 0x3CC7, 0x3CA0, 0x3CC7, 0x3CA0, 0x3CC7, 
    0x3CA0, 0x3CC7, 0x3CA0, 0x3CC7, 0x3CA0, 0x3CC7, 0x3CA0, 0x3CC7, 0x3CA0, 
    0x3CC7, 0x3CA0, 0x3CC7, 0x3CA0, 0x3CC7, 0x3CA0, 0x3CC7, 0x3CA0, 0x3CC7, 
    0x3CA0, 0x3CC7, 0x3CA0, 0x3CC7, 0x3CA0, 0x3CC7, 0x3CA0, 0x3CC7, 0x3CA0, 
    0x3CC7, 0x3CA0, 0x3CC7, 0x3CC7, 0x3CC7, 0x3CA0, 0x3CC7, 0x3CA0, 0x3CC7, 
    0x5EAB, 0x3CC7, 0x3CC7, 0x3CC7, 0x3CA0, 0x3CC7, 0x3CC7, 0x3CC7, 0x3CA0, 
    0x3CC7, 0x3CC7, 0x3CC7, 0x5EAB, 0x5ECC, 0x3CC7, 0x3CC7, 0x3CA0, 0x3CC7, 
    0x3CC7, 0x3CC7, 0x3CA0, 0x3CC7, 0x3CC7, 0x3CC7, 0x3CA0, 0x3CC7, 0x3CC7, 
    0x3CC7, 0x3CA0, 0x3CC7, 0x3CC7, 0x3CC7, 0x3CA0, 0x3CC7, 0x3CC7, 0x3CC7, 
    0x3CC7, 0x3CC7, 0x3CC7, 0x3CC7, 0x3CA0, 0x3CC7, 0x3CC7, 0x3CC7, 0x3CC7, 
    0x3CC7, 0x3CC7, 0x3CC7, 0x3CC7, 0x3CC7, 0x3CC7, 0x3CC7, 0x3CC7, 0x3CC7, 
    0x3CC7, 0x3CC7, 0x3CC7, 0x3CC7, 0x3CC7, 0x3CC7, 0x3CC7, 0x3CC7, 0x3CC7, 
    0x3CC7, 0x5ECC, 0x3CC7, 0x3CC7, 0x3CC7, 0x3CC7, 0x3CC7, 0x3CC7, 0x3CC7, 
    0x3CC7, 0x3CC7, 0x3CC7, 0x3CC7, 0x5ECC, 0x5ECC, 0x3CC7, 0x3CC7, 0x3CC7, 
    0x3CC7, 0x3CC7, 0x3CC7, 0x3CC7, 0x3CC7, 0x3CC7, 0x3CC7, 0x3CC7, 0x3CC7, 
    0x3CC7, 0x3CC7, 0x3CC7, 0x3CC7, 0x3CC7, 0x3CC7, 0x3CC7, 0x3CC7, 0x3CC7, 
    0x3CC7, 0x3CC7, 0x3CC7, 0x3CC7, 0x3CC7, 0x3CC7, 0x3CC7, 0x3CC7, 0x3CC7, 
    0x3CC7, 0x3CC7, 0x3CC7, 0x3CC7, 0x3CC7, 0x3CC7, 0x3CC7, 0x3CC7, 0x3CC7, 
    0x3CC7, 0x3CC7, 0x3CC7, 0x3CC7, 0x3CC7, 0x3CC7, 0x3CC7, 0x3CC7, 0x3CC7, 
    0x3CC7, 0x3CC7, 0x5ECC, 0x3CC7, 0x3CC7, 0x3CC7, 0x3CC7, 0x3CC7, 0x3CC7, 
    0x3CC7, 0x3CC7, 0x3CC7, 0x3CC7, 0x3CC7, 0x5ECC, 0x3CA0, 0x3CA0, 0x3CA0, 
    0x3CA0, 0x3CA0, 0x3CA0, 0x3CA0, 0x3CA0, 0x3CA0, 0x3CA0, 0x3CA0, 0x3CA0, 
    0x3CA0, 0x3CC7, 0x3CA0, 0x3CA0, 0x3CA0, 0x3CA0, 0x3CA0, 0x3CA0, 0x3CA0, 
    0x3CC7, 0x3CA0, 0x3CA0, 0x3CA0, 0x3CC7, 0x3CA0, 0x3CA0, 0x3CA0, 0x3CC7, 
    0x3CA0, 0x3CA0, 0x3CA0, 0x3CC7, 0x3CA0, 0x3CA0, 0x3CA0, 0x3CC7, 0x3CA0, 
    0x3CA0, 0x3CA0, 0x3CC7, 0x3CA0, 0x69D7, 0x3CA0, 0x3CC7, 0x3CA0, 0x5EAB, 
    0x5EAB, 0x3CC7, 0x3CA0, 0x3CA0, 0x3CA0, 0x3CC7, 0x3CA0, 0x3CC7, 0x3CA0, 
    0x3CC7, 0x3CA0, 0x3CA0, 0x3CA0, 0x3CC7, 0x3CA0, 0x3CC7, 0x3CA0, 0x3CC7, 
    0x3CA0, 0x3CC7, 0x3CA0, 0x3CC7, 0x3CA0, 0x3CC7, 0x3CA0, 0x3CC7, 0x3CA0, 
    0x3CC7, 0x3CA0, 0x3CC7, 0x3CA0, 0x3CC7, 0x3CA0, 0x3CC7, 0x3CA0, 0x3CC7, 
    0x3CA0, 0x3CC7, 0x3CA0, 0x3CC7, 0x3CA0, 0x3CC7, 0x3CA0, 0x3CC7, 0x3CA0, 
    0x3CC7, 0x3CA0, 0x3CC7, 0x3CA0, 0x3CC7, 0x3CA0, 0x3CC7, 0x3CA0, 0x3CC7, 
    0x3CA0, 0x3CC7, 0x3CA0, 0x3CC7, 0x3CA0, 0x69D9, 0x3CA0, 0x3CC7, 0x3CA0, 
    0x5ECC, 0x5EAB, 0x3CC7, 0x3CA0, 0x3CC7, 0x3CA0, 0x3CC7, 0x3CA0, 0x3CC7, 
    0x3CA0, 0x3CC7, 0x3CA0, 0x3CC7, 0x3CA0, 0x3CC7, 0x3CA0, 0x3CC7, 0x3CA0, 
    0x3CC7, 0x3CA0, 0x3CC7, 0x3CA0, 0x3CC7, 0x3CA0, 0x3CC7, 0x3CA0, 0x3CC7, 
    0x3CA0, 0x3CC7, 0x3CA0, 0x3CC7, 0x3CA0, 0x3CC7, 0x3CA0, 0x3CC7, 0x3CA0, 
    0x3CC7, 0x3CA0, 0x3CC7, 0x3CA0, 0x3CC7, 0x3CA0, 0x3CC7, 0x3CA0, 0x3CC7, 
    0x3CA0, 0x3CC7, 0x3CA0, 0x3CC7, 0x3CA0, 0x3CC7, 0x3CA0, 0x3CC7, 0x3CA0, 
    0x3CC7, 0x3CA0, 0x3CC7, 0x3CA0, 0x3CC7, 0x3CA0, 0x69D9, 0x3CA0, 0x3CC7, 
    0x3CA0, 0x5ECC, 0x5EAB, 0x3CC7, 0x3CA0, 0x3CC7, 0x3CC7, 0x3CC7, 0x3CA0, 
    0x3CC7, 0x3CA0, 0x3CC7, 0x3CA0, 0x3CC7, 0x3CC7, 0x3CC7, 0x3CA0, 0x3CC7, 
    0x3CC7, 0x3CC7, 0x3CA0, 0x3CC7, 0x3CC7, 0x3CC7, 0x3CA0, 0x3CC7, 0x3CC7, 
    0x3CC7, 0x3CA0, 0x3CC7, 0x3CC7, 0x3CC7, 0x3CA0, 0x3CC7, 0x3CC7, 0x3CC7, 
    0x3CA0, 0x3CC7, 0x3CC7, 0x3CC7, 0x3CA0, 0x3CC7, 0x3CC7, 0x3CC7, 0x3CA0, 
    0x3CC7, 0x3CC7, 0x3CC7, 0x3CC7, 0x3CC7, 0x3CC7, 0x3CC7, 0x3CA0, 0x3CC7, 
    0x3CC7, 0x3CC7, 0x3CC7, 0x3CC7, 0x3CC7, 0x3CC7, 0x3CC7, 0x69D9, 0x3CC7, 
    0x3CC7, 0x3CC7, 0x5ECC, 0x3CC7, 0x3CA0, 0x3CC7, 0x3CA0, 0x3CC7, 0x3CA0, 
    0x3CC7, 0x3CA0, 0x3CC7, 0x3CA0, 0x3CC7, 0x3CA0, 0x3CC7, 0x3CA0, 0x3CC7, 
    0x3CA0, 0x3CC7, 0x3CA0, 0x3CC7, 0x3CA0, 0x3CC7, 0x3CA0, 0x3CC7, 0x3CA0, 
    0x3CC7, 0x3CA0, 0x3CC7, 0x3CA0, 0x3CC7, 0x3CA0, 0x3CC7, 0x3CA0, 0x3CC7, 
    0x3CA0, 0x3CC7, 0x3CA0, 0x3CC7, 0x3CA0, 0x3CC7, 0x3CA0, 0x3CC7, 0x3CA0, 
    0x3CC7, 0x3CA0, 0x3CC7, 0x3CA0, 0x3CC7, 0x3CA0, 0x3CC7, 0x3CA0, 0x3CC7, 
    0x3CA0, 0x3CC7, 0x3CA0, 0x3CC7, 0x3CA0, 0x3CC7, 0x3CA0, 0x3CC7, 0x3CA0, 
    0x3CC7, 0x3CA0, 0x3CC7, 0x3CA0, 0x3CC7, 0x3CA0, 0x3CC7, 0x3CA0, 0x3CC7, 
    0x3CA0, 0x3CC7, 0x3CA0, 0x3CC7, 0x3CA0, 0x3CC7, 0x3CA0, 0x3CC7, 0x3CA0, 
    0x3CC7, 0x3CA0, 0x3CC7, 0x3CA0, 0x3CC7, 0x3CA0, 0x3CC7, 0x3CA0, 0x3CC7, 
    0x3CA0, 0x3CC7, 0x3CA0, 0x3CC7, 0x3CA0, 0x3CC7, 0x3CA0, 0x3CC7, 0x3CA0, 
    0x3CC7, 0x3CA0, 0x3CC7, 0x3CA0, 0x3CC7, 0x3CA0, 0x3CC7, 0x3CA0, 0x3CC7, 
    0x3CA0, 0x3CC7, 0x3CA0, 0x3CC7, 0x3CA0, 0x3CC7, 0x3CA0, 0x3CC7, 0x3CA0, 
    0x3CC7, 0x3CA0, 0x3CC7, 0x3CA0, 0x3CC7, 0x3CC7, 0x3CC7, 0x3CA0, 0x3CC7, 
    0x3CA0, 0x3CC7, 0x3CA0, 0x3CC7, 0x3CC7, 0x3CC7, 0x3CA0, 0x3CC7, 0x3CC7, 
    0x3CC7, 0x3CA0, 0x3CC7, 0x3CC7, 0x3CC7, 0x3CA0, 0x3CC7, 0x3CC7, 0x3CC7, 
    0x3CA0, 0x3CC7, 0x3CC7, 0x3CC7, 0x3CA0, 0x3CC7, 0x3CC7, 0x3CC7, 0x3CA0, 
    0x3CC7, 0x3CC7, 0x3CC7, 0x3CA0, 0x3CC7, 0x3CC7, 0x3CC7, 0x3CC7, 0x3CC7, 
    0x3CC7, 0x3CC7, 0x3CA0, 0x3CC7, 0x3CC7, 0x3CC7, 0x3CC7, 0x3CC7, 0x3CC7, 
    0x3CC7, 0x3CC7, 0x3CC7, 0x3CC7, 0x3CC7, 0x3CC7, 0x3CC7, 0x3CC7, 0x3CC7, 
    0x3CC7, 0x3CC7, 0x3CC7, 0x3CC7, 0x3CC7, 0x3CC7, 0x3CC7, 0x3CC7, 0x3CC7, 
    0x3CC7, 0x3CC7, 0x3CC7, 0x3CC7, 0x3CC7, 0x3CC7, 0x3CC7, 0x3CC7, 0x3CC7, 
    0x3CC7, 0x3CC7, 0x3CC7, 0x3CC7, 0x3CC7, 0x3CC7, 0x3CC7, 0x3CC7, 0x3CC7, 
    0x3CC7, 0x3CC7, 0x3CC7, 0x3CC7, 0x3CC7, 0x3CC7, 0x3CC7, 0x3CC7, 0x3CC7, 
    0x3CC7, 0x3CC7, 0x3CC7, 0x3CC7, 0x3CC7, 0x3CC7, 0x3CC7, 0x3CC7, 0x3CC7, 
    0x3CC7, 0x3CC7, 0x3CC7, 0x3CC7, 0x3CC7, 0x3CC7, 0x3CC7, 0x3CC7, 0x3CC7, 
    0x3CC7, 0x3CC7, 0x3CC7, 0x3CC7, 0x3CC7, 0x3CC7, 0x3CC7, 0x3CC7, 0x3CC7, 
    0x3CA0, 0x3CA0, 0x3CA0, 0x3CA0, 0x3CA0, 0x3CA0, 0x3CA0, 0x3CA0, 0x3CA0, 
    0x3CA0, 0x3CA0, 0x3CA0, 0x3CA0, 0x3CA0, 0x3CA0, 0x3CA0, 0x3CA0, 0x3CA0, 
    0x3CA0, 0x3CA0, 0x3CA0, 0x3CA0, 0x3CA0, 0x3CA0, 0x3CA0, 0x3CA0, 0x3CA0, 
    0x3CA0, 0x3CA0, 0x3CA0, 0x3CA0, 0x3CC7, 0x3CA0, 0x3CA0, 0x3CA0, 0x3CA0, 
    0x3CA0, 0x3CA0, 0x3CA0, 0x3CC7, 0x3CA0, 0x3CA0, 0x3CA0, 0x3CC7, 0x3CA0, 
    0x3CA0, 0x3CA0, 0x3CC7, 0x3CA0, 0x3CA0, 0x3CA0, 0x3CC7, 0x3CA0, 0x3CA0, 
    0x3CA0, 0x3CC7, 0x3CA0, 0x3CA0, 0x3CA0, 0x3CC7, 0x3CA0, 0x3CA0, 0x3CA0, 
    0x3CC7, 0x3CA0, 0x3CA0, 0x3CA0, 0x3CC7, 0x3CA0, 0x3CA0, 0x3CA0, 0x3CC7, 
    0x3CA0, 0x3CA0, 0x3CA0, 0x3CC7, 0x3CA0, 0x3CC7, 0x3CA0, 0x3CC7, 0x3CA0, 
    0x3CC7, 0x3CA0, 0x3CC7, 0x3CA0, 0x3CC7, 0x3CA0, 0x3CC7, 0x3CA0, 0x3CC7, 
    0x3CA0, 0x3CC7, 0x3CA0, 0x3CC7, 0x3CA0, 0x3CC7, 0x3CA0, 0x3CC7, 0x3CA0, 
    0x3CC7, 0x3CA0, 0x3CC7, 0x3CA0, 0x3CC7, 0x3CA0, 0x3CC7, 0x3CA0, 0x3CC7, 
    0x3CA0, 0x3CC7, 0x3CA0, 0x3CC7, 0x3CA0, 0x3CC7, 0x3CA0, 0x3CC7, 0x3CA0, 
    0x3CC7, 0x3CA0, 0x3CC7, 0x3CA0, 0x3CC7, 0x3CA0, 0x3CC7, 0x3CA0, 0x3CC7, 
    0x3CA0, 0x3CC7, 0x3CA0, 0x3CC7, 0x3CA0, 0x3CC7, 0x3CA0, 0x3CC7, 0x3CA0, 
    0x3CC7, 0x3CA0, 0x3CC7, 0x3CA0, 0x3CC7, 0x3CA0, 0x3CC7, 0x3CA0, 0x3CC7, 
    0x3CA0, 0x3CC7, 0x3CA0, 0x3CC7, 0x3CA0, 0x3CC7, 0x3CA0, 0x3CC7, 0x3CA0, 
    0x3CC7, 0x3CA0, 0x3CC7, 0x3CA0, 0x3CC7, 0x3CA0, 0x3CC7, 0x3CA0, 0x3CC7, 
    0x3CA0, 0x3CC7, 0x3CA0, 0x3CC7, 0x3CA0, 0x3CC7, 0x3CA0, 0x3CC7, 0x3CA0, 
    0x3CC7, 0x3CA0, 0x3CC7, 0x3CA0, 0x3CC7, 0x3CA0, 0x3CC7, 0x3CA0, 0x3CC7, 
    0x3CA0, 0x3CC7, 0x3CA0, 0x3CC7, 0x3CA0, 0x3CC7, 0x3CA0, 0x3CC7, 0x3CA0, 
    0x3CC7, 0x3CA0, 0x3CC7, 0x3CA0, 0x3CC7, 0x3CA0, 0x3CC7, 0x3CA0, 0x3CC7, 
    0x3CC7, 0x3CC7, 0x3CA0, 0x3CC7, 0x3CA0, 0x3CC7, 0x3CA0, 0x3CC7, 0x3CC7, 
    0x3CC7, 0x3CA0, 0x3CC7, 0x3CC7, 0x3CC7, 0x3CA0, 0x3CC7, 0x3CC7, 0x3CC7, 
    0x3CA0, 0x3CC7, 0x3CC7, 0x3CC7, 0x3CA0, 0x3CC7, 0x3CC7, 0x3CC7, 0x3CA0, 
    0x3CC7, 0x3CC7, 0x3CC7, 0x3CA0, 0x3CC7, 0x3CC7, 0x3CC7, 0x3CA0, 0x3CC7, 
    0x3CC7, 0x3CC7, 0x3CA0, 0x3CC7, 0x3CC7, 0x3CC7, 0x3CC7, 0x3CA0, 0x3CC7, 
    0x3CA0, 0x3CC7, 0x3CA0, 0x3CC7, 0x3CA0, 0x3CC7, 0x3CA0, 0x3CC7, 0x3CA0, 
    0x3CC7, 0x3CA0, 0x3CC7, 0x3CA0, 0x3CC7, 0x3CA0, 0x3CC7, 0x3CA0, 0x3CC7, 
    0x3CA0, 0x3CC7, 0x3CA0, 0x3CC7, 0x3CA0, 0x3CC7, 0x3CA0, 0x3CC7, 0x3CA0, 
    0x3CC7, 0x3CA0, 0x3CC7, 0x3CA0, 0x3CC7, 0x3CA0, 0x3CC7, 0x3CA0, 0x3CC7, 
    0x3CA0, 0x3CC7, 0x3CA0, 0x3CC7, 0x3CA0, 0x3CC7, 0x3CA0, 0x3CC7, 0x3CA0, 
    0x3CC7, 0x3CA0, 0x3CC7, 0x3CA0, 0x3CC7, 0x3CA0, 0x3CC7, 0x3CA0, 0x3CC7, 
    0x3CA0, 0x3CC7, 0x3CA0, 0x3CC7, 0x3CA0, 0x3CC7, 0x3CA0, 0x3CC7, 0x3CA0, 
    0x3CC7, 0x3CA0, 0x3CC7, 0x3CA0, 0x3CC7, 0x3CA0, 0x3CC7, 0x3CA0, 0x3CC7, 
    0x3CA0, 0x3CC7, 0x3CA0, 0x3CC7, 0x3CA0, 0x3CC7, 0x3CA0, 0x3CC7, 0x3CA0, 
    0x3CC7, 0x3CA0, 0x3CC7, 0x3CA0, 0x3CC7, 0x3CC7, 0x3CC7, 0x3CA0, 0x3CC7, 
    0x3CA0, 0x3CC7, 0x3CA0, 0x3CC7, 0x3CC7, 0x3CC7, 0x3CA0, 0x3CC7, 0x3CC7, 
    0x3CC7, 0x3CA0, 0x3CC7, 0x3CC7, 0x3CC7, 0x3CA0, 0x3CC7, 0x3CC7, 0x3CC7, 
    0x3CA0, 0x3CC7, 0x3CC7, 0x3CC7, 0x3CA0, 0x3CC7, 0x3CC7, 0x3CC7, 0x3CA0, 
    0x3CC7, 0x3CC7, 0x3CC7, 0x3CA0, 0x3CC7, 0x3CC7, 0x3CC7, 0x3CA0, 0x3CC7, 
    0x3CC7, 0x3CC7, 0x3CC7, 0x3CC7, 0x3CC7, 0x3CC7, 0x3CA0, 0x3CC7, 0x3CC7, 
    0x3CC7, 0x3CC7, 0x3CC7, 0x3CC7, 0x3CC7, 0x3CC7, 0x3CC7, 0x3CC7, 0x3CC7, 
    0x3CC7, 0x3CC7, 0x3CC7, 0x3CC7, 0x3CC7, 0x3CC7, 0x3CC7, 0x3CC7, 0x3CC7, 
    0x3CC7, 0x3CC7, 0x3CC7, 0x3CC7, 0x3CC7, 0x3CC7, 0x3CC7, 0x3CC7, 0x3CC7, 
    0x3CC7, 0x3CC7, 0x3CC7, 0x3CC7, 0x3CC7, 0x3CC7, 0x3CC7, 0x3CC7, 0x3CC7, 
    0x3CC7, 0x3CC7, 0x3CC7, 0x3CC7, 0x3CC7, 0x3CC7, 0x3CC7, 0x3CC7, 0x3CC7, 
    0x3CC7, 0x3CC7, 0x3CC7, 0x3CC7, 0x3CC7, 0x3CC7, 0x3CC7, 0x3CC7, 0x3CC7, 
    0x3CC7, 0x3CC7, 0x3CC7, 0x3CC7, 0x3CC7, 0x3CC7, 0x3CC7, 0x3CC7, 0x3CC7, 
    0x3CC7, 0x3CC7, 0x3CC7, 0x3CC7, 0x3CC7, 0x3CC7, 0x3CC7, 0x3CC7, 0x3CC7, 
    0x3CC7, 0x3CC7, 0x3CC7, 0x3CC7, 0x3CC7, 0x3CC7, 0x3CC7, 0x3CC7, 0x3CC7, 
    0x3CC7, 0x3CC7, 0x3CC7, 0x3CC7, 0x3CC7, 0x3CC7, 0x3CC7, 0x3CC7, 0x3CC7, 
    0x3CC7, 0x3CC7, 0x3CC7, 0x3CC7, 0x3CC7, 0x3CC7, 0x3CC7, 0x3CC7, 0x3CC7, 
    0x3CC7, 0x3CC7, 0x3CC7, 0x3CA0, 0x3CC7, 0x3CA0, 0x3CA0, 0x3CA0, 0x3CA0, 
    0x3CA0, 0x3CA0, 0x3CA0, 0x3CC7, 0x3CA0, 0x3CA0, 0x3CA0, 0x3CC7, 0x3CA0, 
    0x3CA0, 0x3CA0, 0x3CC7, 0x3CA0, 0x3CA0, 0x3CA0, 0x3CC7, 0x3CA0, 0x3CA0, 
    0x3CA0, 0x3CC7, 0x3CA0, 0x514E, 0x514E, 0x3CC7, 0x3CA0, 0x3CA0, 0x3CA0, 
    0x3CC7, 0x3CA0, 0x3CA0, 0x3CA0, 0x3CC7, 0x3CA0, 0x3CA0, 0x3CA0, 0x3CC7, 
    0x3CA0, 0x3CC7, 0x3CA0, 0x3CC7, 0x3CA0, 0x3CA0, 0x3CA0, 0x3CC7, 0x3CA0, 
    0x3CC7, 0x3CA0, 0x3CC7, 0x3CA0, 0x3CC7, 0x3CA0, 0x3CC7, 0x3CA0, 0x3CC7, 
    0x3CA0, 0x3CC7, 0x3CA0, 0x3CC7, 0x3CA0, 0x3CC7, 0x3CA0, 0x3CC7, 0x3CA0, 
    0x3CC7, 0x3CA0, 0x3CC7, 0x3CA0, 0x3CC7, 0x3CA0, 0x3CC7, 0x3CA0, 0x3CC7, 
    0x3CA0, 0x3CC7, 0x3CA0, 0x3CC7, 0x3CA0, 0x3CC7, 0x3CA0, 0x3CC7, 0x3CA0, 
    0x3CC7, 0x3CA0, 0x3CC7, 0x3CA0, 0x5150, 0x514E, 0x3CC7, 0x3CA0, 0x3CC7, 
    0x3CA0, 0x3CC7, 0x3CA0, 0x3CC7, 0x3CA0, 0x3CC7, 0x3CA0, 0x3CC7, 0x3CA0, 
    0x3CC7, 0x3CA0, 0x3CC7, 0x3CA0, 0x3CC7, 0x3CA0, 0x3CC7, 0x3CA0, 0x3CC7, 
    0x3CA0, 0x3CC7, 0x3CA0, 0x3CC7, 0x3CA0, 0x3CC7, 0x3CA0, 0x3CC7, 0x3CA0, 
    0x3CC7, 0x3CA0, 0x3CC7, 0x3CA0, 0x3CC7, 0x3CA0, 0x3CC7, 0x3CA0, 0x3CC7, 
    0x3CA0, 0x3CC7, 0x3CA0, 0x3CC7, 0x3CA0, 0x3CC7, 0x3CA0, 0x3CC7, 0x3CA0, 
    0x3CC7, 0x3CA0, 0x3CC7, 0x3CA0, 0x3CC7, 0x3CA0, 0x3CC7, 0x3CA0, 0x3CC7, 
    0x3CA0, 0x3CC7, 0x3CA0, 0x3CC7, 0x3CA0, 0x5150, 0x514E, 0x3CC7, 0x3CA0, 
    0x3CC7, 0x3CA0, 0x3CC7, 0x3CA0, 0x3CC7, 0x3CA0, 0x3CC7, 0x3CA0, 0x3CC7, 
    0x3CA0, 0x3CC7, 0x3CA0, 0x3CC7, 0x3CA0, 0x3CC7, 0x3CA0, 0x3CC7, 0x3CC7, 
    0x3CC7, 0x3CA0, 0x3CC7, 0x3CC7, 0x3CC7, 0x3CA0, 0x3CC7, 0x3CC7, 0x3CC7, 
    0x3CA0, 0x3CC7, 0x3CC7, 0x3CC7, 0x3CA0, 0x3CC7, 0x3CC7, 0x3CC7, 0x3CA0, 
    0x3CC7, 0x3CC7, 0x3CC7, 0x3CA0, 0x3CC7, 0x3CC7, 0x3CC7, 0x3CA0, 0x3CC7, 
    0x3CC7, 0x3CC7, 0x3CA0, 0x3CC7, 0x3CC7, 0x3CC7, 0x3CA0, 0x3CC7, 0x3CC7, 
    0x3CC7, 0x3CA0, 0x3CC7, 0x3CC7, 0x3CC7, 0x3CC7, 0x5150, 0x5150, 0x3CC7, 
    0x3CC7, 0x3CC7, 0x3CC7, 0x3CC7, 0x3CC7, 0x3CC7, 0x3CC7, 0x3CC7, 0x3CC7, 
    0x3CC7, 0x3CC7, 0x3CC7, 0x3CC7, 0x3CC7, 0x3CC7, 0x3CC7, 0x3CC7, 0x3CC7, 
    0x3CC7, 0x3CA0, 0x3CC7, 0x3CA0, 0x3CC7, 0x3CA0, 0x3CC7, 0x3CA0, 0x3CC7, 
    0x3CA0, 0x3CC7, 0x3CA0, 0x3CC7, 0x3CA0, 0x3CC7, 0x3CA0, 0x3CC7, 0x3CA0, 
    0x3CC7, 0x3CA0, 0x3CC7, 0x3CA0, 0x3CC7, 0x3CA0, 0x3CC7, 0x3CA0, 0x3CC7, 
    0x514E, 0x5150, 0x3CA0, 0x3CC7, 0x3CA0, 0x3CC7, 0x3CA0, 0x3CC7, 0x3CA0, 
    0x3CC7, 0x3CA0, 0x3CC7, 0x3CA0, 0x3CC7, 0x3CA0, 0x3CC7, 0x3CA0, 0x3CC7, 
    0x3CA0, 0x3CC7, 0x3CA0, 0x3CC7, 0x3CA0, 0x3CC7, 0x3CA0, 0x3CC7, 0x3CA0, 
    0x3CC7, 0x3CA0, 0x3CC7, 0x3CA0, 0x3CC7, 0x3CA0, 0x3CC7, 0x3CA0, 0x3CC7, 
    0x3CA0, 0x3CC7, 0x3CA0, 0x3CC7, 0x3CA0, 0x3CC7, 0x3CA0, 0x3CC7, 0x3CA0, 
    0x3CC7, 0x3CA0, 0x3CC7, 0x3CA0, 0x3CC7, 0x3CA0, 0x3CC7, 0x3CA0, 0x3CC7, 
    0x3CA0, 0x3CC7, 0x3CA0, 0x3CC7, 0x3CA0, 0x3CC7, 0x3CA0, 0x3CC7, 0x3CA0, 
    0x3CC7, 0x514E, 0x5150, 0x3CA0, 0x3CC7, 0x3CA0, 0x3CC7, 0x3CA0, 0x3CC7, 
    0x3CA0, 0x3CC7, 0x3CA0, 0x3CC7, 0x3CA0, 0x3CC7, 0x3CA0, 0x3CC7, 0x3CC7, 
    0x3CC7, 0x3CA0, 0x3CC7, 0x3CA0, 0x3CC7, 0x3CA0, 0x3CC7, 0x3CC7, 0x3CC7, 
    0x3CA0, 0x3CC7, 0x3CC7, 0x3CC7, 0x3CA0, 0x3CC7, 0x3CC7, 0x3CC7, 0x3CA0, 
    0x3CC7, 0x3CC7, 0x3CC7, 0x3CA0, 0x3CC7, 0x3CC7, 0x3CC7, 0x3CA0, 0x3CC7, 
    0x3CC7, 0x3CC7, 0x3CA0, 0x3CC7, 0x3CC7, 0x3CC7, 0x3CA0, 0x3CC7, 0x3CC7, 
    0x3CC7, 0x3CA0, 0x3CC7, 0x3CC7, 0x3CC7, 0x3CA0, 0x3CC7, 0x3CC7, 0x3CC7, 
    0x3CC7, 0x3CC7, 0x5150, 0x5150, 0x3CA0, 0x3CC7, 0x3CC7, 0x3CC7, 0x3CC7, 
    0x3CC7, 0x3CC7, 0x3CC7, 0x3CC7, 0x3CC7, 0x3CC7, 0x3CC7, 0x3CC7, 0x3CC7, 
    0x3CC7, 0x3CC7, 0x3CC7, 0x3CC7, 0x3CC7, 0x3CC7, 0x3CC7, 0x3CC7, 0x3CC7, 
    0x3CC7, 0x3CC7, 0x3CC7, 0x3CC7, 0x3CC7, 0x3CC7, 0x3CC7, 0x3CC7, 0x3CC7, 
    0x3CC7, 0x3CC7, 0x3CC7, 0x3CC7, 0x3CC7, 0x3CC7, 0x3CC7, 0x3CC7, 0x3CC7, 
    0x3CC7, 0x3CC7, 0x3CC7, 0x3CC7, 0x3CC7, 0x3CC7, 0x3CC7, 0x3CC7, 0x3CC7, 
    0x3CC7, 0x3CC7, 0x3CC7, 0x3CC7, 0x3CC7, 0x3CC7, 0x3CC7, 0x3CC7, 0x3CC7, 
    0x3CC7, 0x3CC7, 0x3CC7, 0x5150, 0x5150, 0x3CC7, 0x3CC7, 0x3CC7, 0x3CC7, 
    0x3CC7, 0x3CC7, 0x3CC7, 0x3CC7, 0x3CC7, 0x3CC7, 0x3CC7, 0x3CC7, 0x3CC7, 
    0x3CC7, 0x3CC7, 0x3CC7, 0x3CC7, 0x3CC7, 0x3CC7, 0x3CA0, 0x3CA0, 0x3CA0, 
    0x3CA0, 0x3CA0, 0x3CA0, 0x3CA0, 0x3CA0, 0x3CA0, 0x3CA0, 0x3CA0, 0x3CA0, 
    0x3CA0, 0x3CA0, 0x3CA0, 0x3CA0, 0x3CA0, 0x3CA0, 0x3CA0, 0x3CC7, 0x3CA0, 
    0x3CA0, 0x3CA0, 0x3CA0, 0x3CA0, 0x3CA0, 0x3CA0, 0x3CC7, 0x3CA0, 0x3CA0, 
    0x3CA0, 0x3CC7, 0x3CA0, 0x3CA0, 0x3CA0, 0x3CC7, 0x3CA0, 0x3CA0, 0x3CA0, 
    0x3CC7, 0x3CA0, 0x3CA0, 0x4D23, 0x3CC7, 0x3CA0, 0x3CA0, 0x3CA0, 0x3CC7, 
    0x3CA0, 0x4D23, 0x3CA0, 0x3CC7, 0x3CA0, 0x3CA0, 0x3CA0, 0x3CC7, 0x3CA0, 
    0x3CA0, 0x3CA0, 0x3CC7, 0x3CA0, 0x514E, 0x3CA0, 0x3CC7, 0x3CA0, 0x3CC7, 
    0x3CA0, 0x3CC7, 0x3CA0, 0x3CA0, 0x3CA0, 0x3CC7, 0x3CA0, 0x3CC7, 0x3CA0, 
    0x3CC7, 0x3CA0, 0x3CC7, 0x3CA0, 0x3CC7, 0x3CA0, 0x3CC7, 0x3CA0, 0x3CC7, 
    0x3CA0, 0x3CC7, 0x3CA0, 0x3CC7, 0x3CA0, 0x3CC7, 0x3CA0, 0x3CC7, 0x3CA0, 
    0x3CC7, 0x3CA0, 0x3CC7, 0x3CA0, 0x3CC7, 0x3CA0, 0x3CC7, 0x3CA0, 0x3CC7, 
    0x3CA0, 0x3CC7, 0x3CA0, 0x3CC7, 0x4D23, 0x3CC7, 0x3CA0, 0x3CC7, 0x3CA0, 
    0x3CC7, 0x3CA0, 0x4D25, 0x3CA0, 0x3CC7, 0x3CA0, 0x3CC7, 0x3CA0, 0x3CC7, 
    0x3CA0, 0x3CC7, 0x3CA0, 0x3CC7, 0x3CA0, 0x5150, 0x3CA0, 0x3CC7, 0x3CA0, 
    0x3CC7, 0x3CA0, 0x3CC7, 0x3CA0, 0x3CC7, 0x3CA0, 0x3CC7, 0x3CA0, 0x3CC7, 
    0x3CA0, 0x3CC7, 0x3CA0, 0x3CC7, 0x3CA0, 0x3CC7, 0x3CA0, 0x3CC7, 0x3CA0, 
    0x3CC7, 0x3CA0, 0x3CC7, 0x3CA0, 0x3CC7, 0x3CA0, 0x3CC7, 0x3CA0, 0x3CC7, 
    0x3CA0, 0x3CC7, 0x3CA0, 0x3CC7, 0x3CA0, 0x3CC7, 0x3CA0, 0x3CC7, 0x3CA0, 
    0x3CC7, 0x3CA0, 0x3CC7, 0x3CA0, 0x3CC7, 0x4D23, 0x3CC7, 0x3CA0, 0x3CC7, 
    0x3CA0, 0x3CC7, 0x3CA0, 0x4D25, 0x3CA0, 0x3CC7, 0x3CA0, 0x3CC7, 0x3CA0, 
    0x3CC7, 0x3CA0, 0x3CC7, 0x3CA0, 0x3CC7, 0x3CA0, 0x5150, 0x3CA0, 0x3CC7, 
    0x3CA0, 0x3CC7, 0x3CC7, 0x3CC7, 0x3CA0, 0x3CC7, 0x3CA0, 0x3CC7, 0x3CA0, 
    0x3CC7, 0x3CC7, 0x3CC7, 0x3CA0, 0x3CC7, 0x3CC7, 0x3CC7, 0x3CA0, 0x3CC7, 
    0x3CC7, 0x3CC7, 0x3CA0, 0x3CC7, 0x3CC7, 0x3CC7, 0x3CA0, 0x3CC7, 0x3CC7, 
    0x3CC7, 0x3CA0, 0x3CC7, 0x3CC7, 0x3CC7, 0x3CA0, 0x3CC7, 0x3CC7, 0x3CC7, 
    0x3CA0, 0x3CC7, 0x3CC7, 0x3CC7, 0x3CC7, 0x3CC7, 0x4D25, 0x3CC7, 0x3CA0, 
    0x3CC7, 0x3CC7, 0x3CC7, 0x3CC7, 0x3CA0, 0x3CC7, 0x3CA0, 0x3CC7, 0x3CA0, 
    0x3CC7, 0x3CA0, 0x3CC7, 0x3CA0, 0x3CC7, 0x3CA0, 0x3CC7, 0x3CA0, 0x3CC7, 
    0x3CA0, 0x3CC7, 0x3CA0, 0x3CC7, 0x3CA0, 0x3CC7, 0x3CA0, 0x3CC7, 0x3CA0, 
    0x3CC7, 0x3CA0, 0x3CC7, 0x3CA0, 0x3CC7, 0x3CA0, 0x3CC7, 0x3CA0, 0x3CC7, 
    0x3CA0, 0x3CC7, 0x3CA0, 0x3CC7, 0x3CA0, 0x3CC7, 0x3CA0, 0x3CC7, 0x3CA0, 
    0x3CC7, 0x5987, 0x3CC7, 0x61C8, 0x61CA, 0x3CA0, 0x59A8, 0x3CA0, 0x3CC7, 
    0x3CA0, 0x3CC7, 0x3CA0, 0x3CC7, 0x3CA0, 0x3CC7, 0x3CA0, 0x3CC7, 0x3CA0, 
    0x5150, 0x3CA0, 0x3CC7, 0x3CA0, 0x3CC7, 0x3CA0, 0x3CC7, 0x3CA0, 0x3CC7, 
    0x3CA0, 0x3CC7, 0x3CA0, 0x3CC7, 0x3CA0, 0x3CC7, 0x3CA0, 0x3CC7, 0x3CA0, 
    0x3CC7, 0x3CA0, 0x3CC7, 0x3CA0, 0x3CC7, 0x3CA0, 0x3CC7, 0x3CA0, 0x3CC7, 
    0x3CA0, 0x3CC7, 0x3CA0, 0x3CC7, 0x3CA0, 0x3CC7, 0x3CC7, 0x3CC7, 0x3CA0, 
    0x3CC7, 0x3CA0, 0x3CC7, 0x3CA0, 0x3CC7, 0x3CC7, 0x3CC7, 0x3CA0, 0x3CC7, 
    0x3CC7, 0x3CC7, 0x5987, 0x3CC7, 0x61CA, 0x61CA, 0x3CA0, 0x59A8, 0x3CC7, 
    0x3CC7, 0x3CA0, 0x3CC7, 0x3CC7, 0x3CC7, 0x3CA0, 0x3CC7, 0x3CC7, 0x3CC7, 
    0x3CA0, 0x5150, 0x3CC7, 0x3CC7, 0x3CA0, 0x3CC7, 0x3CC7, 0x3CC7, 0x3CA0, 
    0x3CC7, 0x3CC7, 0x3CC7, 0x3CC7, 0x3CC7, 0x3CC7, 0x3CC7, 0x3CA0, 0x3CC7, 
    0x3CC7, 0x3CC7, 0x3CC7, 0x3CC7, 0x3CC7, 0x3CC7, 0x3CC7, 0x3CC7, 0x3CC7, 
    0x3CC7, 0x3CC7, 0x3CC7, 0x3CC7, 0x3CC7, 0x3CC7, 0x3CC7, 0x3CC7, 0x3CC7, 
    0x3CC7, 0x3CC7, 0x3CC7, 0x3CC7, 0x3CC7, 0x3CC7, 0x3CC7, 0x3CC7, 0x3CC7, 
    0x3CC7, 0x3CC7, 0x3CC7, 0x59A8, 0x3CC7, 0x61CA, 0x61CA, 0x3CC7, 0x59A8, 
    0x3CC7, 0x3CC7, 0x3CC7, 0x3CC7, 0x3CC7, 0x3CC7, 0x3CC7, 0x3CC7, 0x3CC7, 
    0x3CC7, 0x3CC7, 0x5150, 0x3CC7, 0x3CC7, 0x3CC7, 0x3CC7, 0x3CC7, 0x3CC7, 
    0x3CC7, 0x3CC7, 0x3CC7, 0x3CC7, 0x3CC7, 0x3CC7, 0x3CC7, 0x3CC7, 0x3CC7, 
    0x3CC7, 0x3CC7, 0x3CC7, 0x3CC7, 0x3CC7, 0x3CC7, 0x3CC7, 0x3CC7, 0x3CC7, 
    0x3CC7, 0x3CC7, 0x3CC7, 0x3CC7, 0x3CC7, 0x3CC7, 0x3CC7, 0x3CC7, 0x3CC7, 
    0x3CC7, 0x3CC7, 0x3CC7, 0x3CC7, 0x3CC7, 0x3CC7, 0x3CC7, 0x3CC7, 0x3CC7, 
    0x3CC7, 0x3CC7, 0x3CC7, 0x3CC7, 0x59A8, 0x3CC7, 0x61CA, 0x61CA, 0x3CC7, 
    0x3CA0, 0x3CA0, 0x3CA0, 0x3CA0, 0x3CA0, 0x3CC7, 0x3CA0, 0x3CA0, 0x3CA0, 
    0x3CA0, 0x3CA0, 0x3CA0, 0x3CA0, 0x3CC7, 0x3CA0, 0x3CA0, 0x3CA0, 0x3CC7, 
    0x3CA0, 0x3CA0, 0x3CA0, 0x3CC7, 0x3CA0, 0x3CA0, 0x3CA0, 0x3CC7, 0x3CA0, 
    0x3CA0, 0x3CA0, 0x3CC7, 0x3CA0, 0x3CA0, 0x3CA0, 0x3CC7, 0x3CA0, 0x3CA0, 
    0x3CA0, 0x3CC7, 0x3CA0, 0x3CA0, 0x3CA0, 0x3CC7, 0x3CA0, 0x3CA0, 0x6A0A, 
    0x6E4D, 0x724C, 0x6A0C, 0x3CA0, 0x3CC7, 0x3CA0, 0x3CA0, 0x3CA0, 0x3CC7, 
    0x3CA0, 0x3CC7, 0x3CA0, 0x3CC7, 0x3CA0, 0x5D94, 0x3CA0, 0x3CC7, 0x3CA0, 
    0x3CC7, 0x3CA0, 0x3CC7, 0x3CA0, 0x3CC7, 0x3CA0, 0x3CC7, 0x3CA0, 0x3CC7, 
    0x3CA0, 0x3CC7, 0x3CA0, 0x3CC7, 0x3CA0, 0x3CC7, 0x3CA0, 0x3CC7, 0x3CA0, 
    0x3CC7, 0x3CA0, 0x3CC7, 0x3CA0, 0x3CC7, 0x3CA0, 0x3CC7, 0x3CA0, 0x3CC7, 
    0x3CA0, 0x3CC7, 0x3CA0, 0x3CC7, 0x3CA0, 0x3CC7, 0x3CA0, 0x3CC7, 0x3CA0, 
    0x3CC7, 0x3CA0, 0x3CC7, 0x3CA0, 0x3CC7, 0x3CA0, 0x3CC7, 0x3CA0, 0x3CC7, 
    0x6A0A, 0x6E4D, 0x724C, 0x6A0C, 0x3CA0, 0x3CC7, 0x3CA0, 0x3CC7, 0x3CA0, 
    0x3CC7, 0x3CA0, 0x3CC7, 0x3CA0, 0x3CC7, 0x3CA0, 0x5D94, 0x3CA0, 0x3CC7, 
    0x3CA0, 0x3CC7, 0x3CA0, 0x3CC7, 0x3CA0, 0x3CC7, 0x3CA0, 0x3CC7, 0x3CA0, 
    0x3CC7, 0x3CA0, 0x3CC7, 0x3CA0, 0x3CC7, 0x3CA0, 0x3CC7, 0x3CA0, 0x3CC7, 
    0x3CA0, 0x3CC7, 0x3CA0, 0x3CC7, 0x3CA0, 0x3CC7, 0x3CA0, 0x3CC7, 0x3CA0, 
    0x3CC7, 0x3CA0, 0x3CC7, 0x3CA0, 0x3CC7, 0x3CA0, 0x3CC7, 0x3CA0, 0x3CC7, 
    0x3CA0, 0x3CC7, 0x3CA0, 0x3CC7, 0x3CA0, 0x3CC7, 0x3CA0, 0x3CC7, 0x3CA0, 
    0x3CC7, 0x6A0C, 0x6E4D, 0x724C, 0x6A0C, 0x3CA0, 0x3CC7, 0x3CA0, 0x3CC7, 
    0x3CC7, 0x3CC7, 0x3CA0, 0x3CC7, 0x3CC7, 0x3CC7, 0x3CA0, 0x5D94, 0x3CC7, 
    0x3CC7, 0x3CA0, 0x3CC7, 0x3CC7, 0x3CC7, 0x3CA0, 0x3CC7, 0x3CC7, 0x3CC7, 
    0x3CA0, 0x3CC7, 0x3CC7, 0x3CC7, 0x3CA0, 0x3CC7, 0x3CC7, 0x3CC7, 0x3CA0, 
    0x3CC7, 0x3CC7, 0x3CC7, 0x3CA0, 0x3CC7, 0x3CC7, 0x3CC7, 0x3CC7, 0x3CC7, 
    0x3CC7, 0x3CC7, 0x3CA0, 0x3CC7, 0x3CC7, 0x3CC7, 0x3CC7, 0x3CC7, 0x3CC7, 
    0x3CC7, 0x3CC7, 0x3CC7, 0x3CC7, 0x3CC7, 0x3CC7, 0x3CC7, 0x3CC7, 0x3CC7, 
    0x3CC7, 0x3CC7, 0x6A0C, 0x6E4D, 0x6E4D, 0x6A0C, 0x4278, 0x3CA0, 0x3CC7, 
    0x3CA0, 0x3CC7, 0x3CA0, 0x3CC7, 0x3CA0, 0x3CC7, 0x3CA0, 0x3CC7, 0x3CA0, 
    0x3CC7, 0x3CA0, 0x3CC7, 0x3CA0, 0x3CC7, 0x3CA0, 0x3CC7, 0x3CA0, 0x3CC7, 
    0x3CA0, 0x3CC7, 0x3CA0, 0x3CC7, 0x3CA0, 0x3CC7, 0x3CA0, 0x3CC7, 0x3CA0, 
    0x3CC7, 0x3CA0, 0x3CC7, 0x3CA0, 0x3CC7, 0x3CA0, 0x3CC7, 0x3CA0, 0x3CC7, 
    0x3CA0, 0x3CC7, 0x3CA0, 0x3CC7, 0x61C8, 0x6E4D, 0x7310, 0x7312, 0x724C, 
    0x61CA, 0x3CA0, 0x3CC7, 0x3CA0, 0x3CC7, 0x3CA0, 0x3CC7, 0x3CA0, 0x3CC7, 
    0x3CA0, 0x3CC7, 0x3CA0, 0x3CC7, 0x3CA0, 0x3CC7, 0x3CA0, 0x4278, 0x3CA0, 
    0x3CC7, 0x3CA0, 0x3CC7, 0x3CA0, 0x3CC7, 0x3CA0, 0x3CC7, 0x3CA0, 0x3CC7, 
    0x3CA0, 0x3CC7, 0x3CA0, 0x3CC7, 0x3CA0, 0x3CC7, 0x3CA0, 0x3CC7, 0x3CA0, 
    0x3CC7, 0x3CA0, 0x3CC7, 0x3CA0, 0x3CC7, 0x3CA0, 0x3CC7, 0x3CA0, 0x3CC7, 
    0x3CA0, 0x3CC7, 0x3CA0, 0x3CC7, 0x3CA0, 0x3CC7, 0x3CA0, 0x3CC7, 0x3CA0, 
    0x3CC7, 0x3CA0, 0x3CC7, 0x3CA0, 0x3CC7, 0x61C8, 0x6E4D, 0x7310, 0x7312, 
    0x6E4D, 0x61CA, 0x3CA0, 0x3CC7, 0x3CA0, 0x3CC7, 0x3CA0, 0x3CC7, 0x3CC7, 
    0x3CC7, 0x3CA0, 0x3CC7, 0x3CC7, 0x3CC7, 0x3CA0, 0x3CC7, 0x3CC7, 0x4278, 
    0x3CA0, 0x3CC7, 0x3CC7, 0x3CC7, 0x3CA0, 0x3CC7, 0x3CC7, 0x3CC7, 0x3CA0, 
    0x3CC7, 0x3CC7, 0x3CC7, 0x3CA0, 0x3CC7, 0x3CC7, 0x3CC7, 0x3CA0, 0x3CC7, 
    0x3CC7, 0x3CC7, 0x3CA0, 0x3CC7, 0x3CC7, 0x3CC7, 0x3CA0, 0x3CC7, 0x3CC7, 
    0x3CC7, 0x3CC7, 0x3CC7, 0x3CC7, 0x3CC7, 0x3CC7, 0x3CC7, 0x3CC7, 0x3CC7, 
    0x3CC7, 0x3CC7, 0x3CC7, 0x3CC7, 0x3CC7, 0x3CC7, 0x61CA, 0x6E4D, 0x7312, 
    0x7312, 0x6E4D, 0x61CA, 0x3CC7, 0x3CC7, 0x3CC7, 0x3CC7, 0x3CC7, 0x3CC7, 
    0x3CC7, 0x3CC7, 0x3CC7, 0x3CC7, 0x3CC7, 0x3CC7, 0x3CC7, 0x3CC7, 0x3CC7, 
    0x4278, 0x3CC7, 0x3CC7, 0x3CC7, 0x3CC7, 0x3CC7, 0x3CC7, 0x3CC7, 0x3CC7, 
    0x3CC7, 0x3CC7, 0x3CC7, 0x3CC7, 0x3CC7, 0x3CC7, 0x3CC7, 0x3CC7, 0x3CC7, 
    0x3CC7, 0x3CC7, 0x3CC7, 0x3CC7, 0x3CC7, 0x3CC7, 0x3CC7, 0x3CC7, 0x3CC7, 
    0x3CC7, 0x3CC7, 0x3CC7, 0x3CC7, 0x3CC7, 0x3CC7, 0x3CC7, 0x3CC7, 0x3CC7, 
    0x3CC7, 0x3CC7, 0x3CC7, 0x3CC7, 0x3CC7, 0x3CC7, 0x3CC7, 0x61CA, 0x6E4D, 
    0x7312, 0x7312, 0x6E4D, 0x3CA0, 0x3CA0, 0x3CA0, 0x3CA0, 0x3CA0, 0x3CA0, 
    0x3CA0, 0x3CA0, 0x3CA0, 0x3CA0, 0x3CA0, 0x3CA0, 0x3CA0, 0x3CA0, 0x3CA0, 
    0x3CA0, 0x3CA0, 0x3CA0, 0x3CA0, 0x3CA0, 0x3CA0, 0x3CA0, 0x3CA0, 0x3CC7, 
    0x3CA0, 0x3CA0, 0x3CA0, 0x3CA0, 0x3CA0, 0x3CA0, 0x3CA0, 0x3CC7, 0x3CA0, 
    0x3CA0, 0x3CA0, 0x3CC7, 0x3CA0, 0x3CA0, 0x3CA0, 0x3CC7, 0x3CA0, 0x3CA0, 
    0x3CA0, 0x61CA, 0x724C, 0x7310, 0x7310, 0x6E4D, 0x61C8, 0x3CA0, 0x3CA0, 
    0x3CC7, 0x3CA0, 0x3CA0, 0x3CA0, 0x3CC7, 0x3CA0, 0x5D93, 0x3CA0, 0x3CC7, 
    0x3CA0, 0x3CA0, 0x3CA0, 0x3CC7, 0x3CA0, 0x3CA0, 0x3CA0, 0x3CC7, 0x3CA0, 
    0x3CC7, 0x3CA0, 0x3CC7, 0x3CA0, 0x3CA0, 0x3CA0, 0x3CC7, 0x3CA0, 0x3CC7, 
    0x3CA0, 0x3CC7, 0x3CA0, 0x3CC7, 0x3CA0, 0x3CC7, 0x3CA0, 0x3CC7, 0x3CA0, 
    0x3CC7, 0x3CA0, 0x3CC7, 0x3CA0, 0x3CC7, 0x3CA0, 0x3CC7, 0x3CA0, 0x3CC7, 
    0x3CA0, 0x3CC7, 0x3CA0, 0x3CC7, 0x3CA0, 0x3CC7, 0x3CA0, 0x3CC7, 0x3CA0, 
    0x3CC7, 0x3CA0, 0x61CA, 0x724C, 0x7312, 0x7310, 0x6E4D, 0x61C8, 0x3CC7, 
    0x3CA0, 0x3CC7, 0x3CA0, 0x3CC7, 0x3CA0, 0x3CC7, 0x3CA0, 0x5D94, 0x3CA0, 
    0x3CC7, 0x3CA0, 0x3CC7, 0x3CA0, 0x3CC7, 0x3CA0, 0x3CC7, 0x3CA0, 0x3CC7, 
    0x3CA0, 0x3CC7, 0x3CA0, 0x3CC7, 0x3CA0, 0x3CC7, 0x3CA0, 0x3CC7, 0x3CA0, 
    0x3CC7, 0x3CA0, 0x3CC7, 0x3CA0, 0x3CC7, 0x3CA0, 0x3CC7, 0x3CA0, 0x3CC7, 
    0x3CA0, 0x3CC7, 0x3CA0, 0x3CC7, 0x3CA0, 0x3CC7, 0x3CA0, 0x3CC7, 0x3CA0, 
    0x3CC7, 0x3CA0, 0x3CC7, 0x3CA0, 0x3CC7, 0x3CA0, 0x3CC7, 0x3CA0, 0x3CC7, 
    0x3CA0, 0x3CC7, 0x3CA0, 0x61CA, 0x724C, 0x7312, 0x7310, 0x6E4D, 0x61C8, 
    0x3CC7, 0x3CA0, 0x3CC7, 0x3CA0, 0x3CC7, 0x3CA0, 0x3CC7, 0x3CA0, 0x5D94, 
    0x3CA0, 0x3CC7, 0x3CA0, 0x3CC7, 0x3CA0, 0x3CC7, 0x3CA0, 0x3CC7, 0x3CA0, 
    0x3CC7, 0x3CA0, 0x3CC7, 0x3CC7, 0x3CC7, 0x3CA0, 0x3CC7, 0x3CC7, 0x3CC7, 
    0x3CA0, 0x3CC7, 0x3CC7, 0x3CC7, 0x3CA0, 0x3CC7, 0x3CC7, 0x3CC7, 0x3CA0, 
    0x3CC7, 0x3CC7, 0x3CC7, 0x3CA0, 0x3CC7, 0x3CC7, 0x3CC7, 0x3CA0, 0x3CC7, 
    0x3CC7, 0x3CC7, 0x3CA0, 0x3CC7, 0x3CC7, 0x3CC7, 0x3CA0, 0x3CC7, 0x3CC7, 
    0x3CC7, 0x3CA0, 0x3CC7, 0x3CC7, 0x61CA, 0x6E4D, 0x7312, 0x7312, 0x6E4D, 
    0x3CC7, 0x3CA0, 0x3CC7, 0x3CA0, 0x3CC7, 0x3CA0, 0x3CC7, 0x3CA0, 0x3CC7, 
    0x3CA0, 0x3CC7, 0x3CA0, 0x3CC7, 0x3CA0, 0x3CC7, 0x3CA0, 0x3CC7, 0x3CA0, 
    0x3CC7, 0x3CA0, 0x3CC7, 0x3CA0, 0x3CC7, 0x3CA0, 0x3CC7, 0x3CA0, 0x3CC7, 
    0x3CA0, 0x3CC7, 0x3CA0, 0x3CC7, 0x3CA0, 0x3CC7, 0x3CA0, 0x3CC7, 0x3CA0, 
    0x3CC7, 0x3CA0, 0x3CC7, 0x3CA0, 0x3CC7, 0x3CA0, 0x3CC7, 0x3CA0, 0x6A0C, 
    0x724C, 0x6E4D, 0x6A0A, 0x3CC7, 0x3CA0, 0x3CC7, 0x3CA0, 0x3CC7, 0x3CA0, 
    0x3CC7, 0x3CA0, 0x69D9, 0x3CA0, 0x3CC7, 0x3CA0, 0x3CC7, 0x3CA0, 0x3CC7, 
    0x3CA0, 0x3CC7, 0x3CA0, 0x3CC7, 0x3CA0, 0x3CC7, 0x3CA0, 0x3CC7, 0x3CA0, 
    0x3CC7, 0x3CA0, 0x3CC7, 0x3CA0, 0x3CC7, 0x3CA0, 0x3CC7, 0x3CA0, 0x3CC7, 
    0x3CC7, 0x3CC7, 0x3CA0, 0x3CC7, 0x3CA0, 0x3CC7, 0x3CA0, 0x3CC7, 0x3CC7, 
    0x3CC7, 0x3CA0, 0x3CC7, 0x3CC7, 0x3CC7, 0x3CA0, 0x3CC7, 0x3CC7, 0x3CC7, 
    0x3CA0, 0x3CC7, 0x3CC7, 0x3CC7, 0x3CA0, 0x3CC7, 0x3CC7, 0x3CC7, 0x3CA0, 
    0x6A0C, 0x6E4D, 0x6E4D, 0x6A0A, 0x3CC7, 0x3CC7, 0x3CC7, 0x3CA0, 0x3CC7, 
    0x3CC7, 0x3CC7, 0x3CA0, 0x69D9, 0x3CC7, 0x3CC7, 0x3CC7, 0x3CC7, 0x3CC7, 
    0x3CC7, 0x3CA0, 0x3CC7, 0x3CC7, 0x3CC7, 0x3CC7, 0x3CC7, 0x3CC7, 0x3CC7, 
    0x3CC7, 0x3CC7, 0x3CC7, 0x3CC7, 0x3CC7, 0x3CC7, 0x3CC7, 0x3CC7, 0x3CC7, 
    0x3CC7, 0x3CC7, 0x3CC7, 0x3CC7, 0x3CC7, 0x3CC7, 0x3CC7, 0x3CC7, 0x3CC7, 
    0x3CC7, 0x3CC7, 0x3CC7, 0x3CC7, 0x3CC7, 0x3CC7, 0x3CC7, 0x3CC7, 0x3CC7, 
    0x3CC7, 0x3CC7, 0x3CC7, 0x3CC7, 0x3CC7, 0x3CC7, 0x3CC7, 0x3CC7, 0x3CC7, 
    0x3CC7, 0x6A0C, 0x6E4D, 0x6E4D, 0x6A0C, 0x3CC7, 0x3CC7, 0x3CC7, 0x3CC7, 
    0x3CC7, 0x3CC7, 0x3CC7, 0x3CC7, 0x69D9, 0x3CC7, 0x3CC7, 0x3CC7, 0x3CC7, 
    0x3CC7, 0x3CC7, 0x3CC7, 0x3CC7, 0x3CC7, 0x3CC7, 0x3CC7, 0x3CC7, 0x3CC7, 
    0x3CC7, 0x3CC7, 0x3CC7, 0x3CC7, 0x3CC7, 0x3CC7, 0x3CC7, 0x3CC7, 0x3CC7, 
    0x3CC7, 0x3CC7, 0x3CC7, 0x3CC7, 0x3CC7, 0x3CC7, 0x3CC7, 0x3CC7, 0x3CC7, 
    0x3CC7, 0x3CC7, 0x3CC7, 0x3CC7, 0x3CC7, 0x3CC7, 0x3CC7, 0x3CC7, 0x3CC7, 
    0x3CC7, 0x3CC7, 0x3CC7, 0x3CC7, 0x3CC7, 0x3CC7, 0x3CC7, 0x3CC7, 0x3CC7, 
    0x3CC7, 0x3CC7, 0x6A0C, 0x6E4D, 0x6E4D, 0x6A0C, 0x3CA0, 0x3CC7, 0x3CA0, 
    0x3CA0, 0x3CA0, 0x3CC7, 0x3CA0, 0x3CA0, 0x3CA0, 0x3CC7, 0x3CA0, 0x3CA0, 
    0x3CA0, 0x3CC7, 0x3CA0, 0x3CA0, 0x3CA0, 0x3CC7, 0x3CA0, 0x3CA0, 0x3CA0, 
    0x3CC7, 0x3CA0, 0x3CA0, 0x3CA0, 0x3CC7, 0x3CA0, 0x3CA0, 0x3CA0, 0x3CC7, 
    0x3CA0, 0x3CA0, 0x3CA0, 0x3CC7, 0x3CA0, 0x3CA0, 0x3CA0, 0x3CC7, 0x3CA0, 
    0x3CA0, 0x3CA0, 0x3CC7, 0x3CA0, 0x59A8, 0x3CA0, 0x61CA, 0x61C8, 0x3CC7, 
    0x5987, 0x3CC7, 0x3CA0, 0x3CC7, 0x3CA0, 0x3CC7, 0x3CA0, 0x5D94, 0x3CA0, 
    0x3CC7, 0x3CA0, 0x3CC7, 0x3CA0, 0x3CC7, 0x3CA0, 0x3CC7, 0x3CA0, 0x3CC7, 
    0x3CA0, 0x3CC7, 0x3CA0, 0x3CC7, 0x3CA0, 0x3CC7, 0x3CA0, 0x3CC7, 0x3CA0, 
    0x3CC7, 0x3CA0, 0x3CC7, 0x3CA0, 0x3CC7, 0x3CA0, 0x3CC7, 0x3CA0, 0x3CC7, 
    0x3CA0, 0x3CC7, 0x3CA0, 0x3CC7, 0x3CA0, 0x3CC7, 0x3CA0, 0x3CC7, 0x3CA0, 
    0x3CC7, 0x3CA0, 0x3CC7, 0x3CA0, 0x3CC7, 0x3CA0, 0x3CC7, 0x3CA0, 0x3CC7, 
    0x3CA0, 0x3CC7, 0x3CA0, 0x3CC7, 0x3CA0, 0x59A8, 0x3CA0, 0x61CA, 0x61C8, 
    0x3CC7, 0x5987, 0x3CC7, 0x3CA0, 0x3CC7, 0x3CA0, 0x3CC7, 0x3CA0, 0x5D94, 
    0x3CA0, 0x3CC7, 0x3CA0, 0x3CC7, 0x3CA0, 0x3CC7, 0x3CA0, 0x3CC7, 0x3CA0, 
    0x3CC7, 0x3CA0, 0x3CC7, 0x3CA0, 0x3CC7, 0x3CA0, 0x3CC7, 0x3CA0, 0x3CC7, 
    0x3CA0, 0x3CC7, 0x3CA0, 0x3CC7, 0x3CA0, 0x3CC7, 0x3CA0, 0x3CC7, 0x3CA0, 
    0x3CC7, 0x3CA0, 0x3CC7, 0x3CA0, 0x3CC7, 0x3CA0, 0x3CC7, 0x3CA0, 0x3CC7, 
    0x3CA0, 0x3CC7, 0x3CA0, 0x3CC7, 0x3CA0, 0x3CC7, 0x3CA0, 0x3CC7, 0x3CA0, 
    0x3CC7, 0x3CA0, 0x3CC7, 0x3CC7, 0x3CC7, 0x3CA0, 0x59A8, 0x3CA0, 0x61CA, 
    0x61C8, 0x3CC7, 0x59A8, 0x3CC7, 0x3CA0, 0x3CC7, 0x3CC7, 0x3CC7, 0x3CA0, 
    0x5D94, 0x3CC7, 0x3CC7, 0x3CA0, 0x3CC7, 0x3CC7, 0x3CC7, 0x3CA0, 0x3CC7, 
    0x3CC7, 0x3CC7, 0x3CA0, 0x3CC7, 0x3CC7, 0x3CC7, 0x3CA0, 0x3CC7, 0x3CC7, 
    0x3CC7, 0x3CA0, 0x3CC7, 0x3CC7, 0x3CC7, 0x3CA0, 0x3CC7, 0x3CC7, 0x3CC7, 
    0x3CC7, 0x3CC7, 0x3CC7, 0x3CC7, 0x3CA0, 0x3CC7, 0x3CC7, 0x3CC7, 0x3CC7, 
    0x3CC7, 0x3CC7, 0x3CC7, 0x3CC7, 0x3CC7, 0x3CC7, 0x3CC7, 0x3CC7, 0x3CC7, 
    0x3CC7, 0x3CC7, 0x3CC7, 0x3CC7, 0x3CC7, 0x3CC7, 0x3CC7, 0x59A8, 0x3CC7, 
    0x61CA, 0x61CA, 0x3CC7, 0x3CC7, 0x3CA0, 0x3CC7, 0x3CA0, 0x3CC7, 0x3CA0, 
    0x3CC7, 0x3CA0, 0x3CC7, 0x3CA0, 0x3CC7, 0x3CA0, 0x3CC7, 0x3CA0, 0x3CC7, 
    0x3CA0, 0x3CC7, 0x3CA0, 0x3CC7, 0x3CA0, 0x3CC7, 0x3CA0, 0x3CC7, 0x3CA0, 
    0x3CC7, 0x3CA0, 0x3CC7, 0x3CA0, 0x3CC7, 0x3CA0, 0x3CC7, 0x3CA0, 0x3CC7, 
    0x3CA0, 0x3CC7, 0x3CA0, 0x3CC7, 0x3CA0, 0x3CC7, 0x3CA0, 0x3CC7, 0x3CA0, 
    0x4D25, 0x3CA0, 0x3CC7, 0x3CA0, 0x3CC7, 0x3CA0, 0x3CC7, 0x4D23, 0x3CC7, 
    0x3CA0, 0x3CC7, 0x3CA0, 0x69D9, 0x3CA0, 0x3CC7, 0x3CA0, 0x3CC7, 0x3CA0, 
    0x3CC7, 0x3CA0, 0x3CC7, 0x3CA0, 0x3CC7, 0x3CA0, 0x3CC7, 0x3CA0, 0x3CC7, 
    0x3CA0, 0x3CC7, 0x3CA0, 0x3CC7, 0x3CA0, 0x3CC7, 0x3CA0, 0x3CC7, 0x3CA0, 
    0x3CC7, 0x3CA0, 0x3CC7, 0x3CA0, 0x3CC7, 0x3CA0, 0x3CC7, 0x3CA0, 0x3CC7, 
    0x3CA0, 0x3CC7, 0x3CA0, 0x3CC7, 0x3CA0, 0x3CC7, 0x3CA0, 0x3CC7, 0x3CA0, 
    0x3CC7, 0x3CA0, 0x3CC7, 0x3CA0, 0x3CC7, 0x3CA0, 0x3CC7, 0x3CA0, 0x3CC7, 
    0x3CA0, 0x4D25, 0x3CC7, 0x3CC7, 0x3CA0, 0x3CC7, 0x3CC7, 0x3CC7, 0x4D23, 
    0x3CC7, 0x3CC7, 0x3CC7, 0x3CA0, 0x69D9, 0x3CC7, 0x3CC7, 0x3CA0, 0x3CC7, 
    0x3CC7, 0x3CC7, 0x3CA0, 0x3CC7, 0x3CC7, 0x3CC7, 0x3CA0, 0x3CC7, 0x3CC7, 
    0x3CC7, 0x3CA0, 0x3CC7, 0x3CC7, 0x3CC7, 0x3CA0, 0x3CC7, 0x3CC7, 0x3CC7, 
    0x3CA0, 0x3CC7, 0x3CC7, 0x3CC7, 0x3CC7, 0x3CC7, 0x3CC7, 0x3CC7, 0x3CA0, 
    0x3CC7, 0x3CC7, 0x3CC7, 0x3CC7, 0x3CC7, 0x3CC7, 0x3CC7, 0x3CC7, 0x3CC7, 
    0x3CC7, 0x3CC7, 0x3CC7, 0x3CC7, 0x3CC7, 0x3CC7, 0x3CC7, 0x3CC7, 0x3CC7, 
    0x3CC7, 0x3CC7, 0x4D25, 0x3CC7, 0x3CC7, 0x3CC7, 0x3CC7, 0x3CC7, 0x3CC7, 
    0x4D25, 0x3CC7, 0x3CC7, 0x3CC7, 0x3CC7, 0x69D9, 0x3CC7, 0x3CC7, 0x3CC7, 
    0x3CC7, 0x3CC7, 0x3CC7, 0x3CC7, 0x3CC7, 0x3CC7, 0x3CC7, 0x3CC7, 0x3CC7, 
    0x3CC7, 0x3CC7, 0x3CC7, 0x3CC7, 0x3CC7, 0x3CC7, 0x3CC7, 0x3CC7, 0x3CC7, 
    0x3CC7, 0x3CC7, 0x3CC7, 0x3CC7, 0x3CC7, 0x3CC7, 0x3CC7, 0x3CC7, 0x3CC7, 
    0x3CC7, 0x3CC7, 0x3CC7, 0x3CC7, 0x3CC7, 0x3CC7, 0x3CC7, 0x3CC7, 0x3CC7, 
    0x3CC7, 0x3CC7, 0x3CC7, 0x3CC7, 0x3CC7, 0x3CC7, 0x3CC7, 0x3CC7, 0x3CC7, 
    0x3CC7, 0x3CC7, 0x3CC7, 0x4D25, 0x3CC7, 0x3CC7, 0x3CC7, 0x3CC7, 0x3CC7, 
    0x3CA0, 0x3CA0, 0x3CA0, 0x3CA0, 0x3CA0, 0x3CA0, 0x3CA0, 0x3CA0, 0x3CA0, 
    0x3CA0, 0x3CA0, 0x3CA0, 0x3CA0, 0x3CA0, 0x3CA0, 0x3CA0, 0x3CA0, 0x3CA0, 
    0x3CA0, 0x3CC7, 0x3CA0, 0x3CA0, 0x3CA0, 0x3CA0, 0x3CA0, 0x3CA0, 0x3CA0, 
    0x3CC7, 0x3CA0, 0x3CA0, 0x3CA0, 0x3CC7, 0x3CA0, 0x3CA0, 0x3CA0, 0x3CC7, 
    0x3CA0, 0x3CA0, 0x3CA0, 0x3CC7, 0x3CA0, 0x3CA0, 0x3CA0, 0x3CC7, 0x3CA0, 
    0x3CA0, 0x3CA0, 0x3CC7, 0x3CA0, 0x3CA0, 0x3CA0, 0x3CC7, 0x69D7, 0x69D7, 
    0x3CA0, 0x3CC7, 0x3CA0, 0x3CC7, 0x3CA0, 0x3CC7, 0x3CA0, 0x3CA0, 0x3CA0, 
    0x3CC7, 0x3CA0, 0x3CC7, 0x3CA0, 0x3CC7, 0x3CA0, 0x3CC7, 0x3CA0, 0x3CC7, 
    0x3CA0, 0x3CC7, 0x3CA0, 0x3CC7, 0x3CA0, 0x3CC7, 0x3CA0, 0x3CC7, 0x3CA0, 
    0x3CC7, 0x3CA0, 0x3CC7, 0x3CA0, 0x3CC7, 0x3CA0, 0x3CC7, 0x3CA0, 0x3CC7, 
    0x3CA0, 0x3CC7, 0x3CA0, 0x3CC7, 0x3CA0, 0x3CC7, 0x3CA0, 0x3CC7, 0x3CA0, 
    0x3CC7, 0x3CA0, 0x3CC7, 0x3CA0, 0x3CC7, 0x3CA0, 0x3CC7, 0x3CA0, 0x3CC7, 
    0x3CA0, 0x3CC7, 0x3CA0, 0x3CC7, 0x3CA0, 0x3CC7, 0x3CA0, 0x3CC7, 0x69D7, 
    0x69D9, 0x3CA0, 0x3CC7, 0x3CA0, 0x3CC7, 0x3CA0, 0x3CC7, 0x3CA0, 0x3CC7, 
    0x3CA0, 0x3CC7, 0x3CA0, 0x3CC7, 0x3CA0, 0x3CC7, 0x3CA0, 0x3CC7, 0x3CA0, 
    0x3CC7, 0x3CA0, 0x3CC7, 0x3CA0, 0x3CC7, 0x3CA0, 0x3CC7, 0x3CA0, 0x3CC7, 
    0x3CA0, 0x3CC7, 0x3CA0, 0x3CC7, 0x3CA0, 0x3CC7, 0x3CA0, 0x3CC7, 0x3CA0, 
    0x3CC7, 0x3CA0, 0x3CC7, 0x3CA0, 0x3CC7, 0x3CA0, 0x3CC7, 0x3CA0, 0x3CC7, 
    0x3CA0, 0x3CC7, 0x3CA0, 0x3CC7, 0x3CA0, 0x3CC7, 0x3CA0, 0x3CC7, 0x3CA0, 
    0x3CC7, 0x3CA0, 0x3CC7, 0x3CA0, 0x3CC7, 0x3CA0, 0x3CC7, 0x3CA0, 0x3CC7, 
    0x69D7, 0x69D9, 0x3CA0, 0x3CC7, 0x3CA0, 0x3CC7, 0x3CC7, 0x3CC7, 0x3CA0, 
    0x3CC7, 0x3CA0, 0x3CC7, 0x3CA0, 0x3CC7, 0x3CC7, 0x3CC7, 0x3CA0, 0x3CC7, 
    0x3CC7, 0x3CC7, 0x3CA0, 0x3CC7, 0x3CC7, 0x3CC7, 0x3CA0, 0x3CC7, 0x3CC7, 
    0x3CC7, 0x3CA0, 0x3CC7, 0x3CC7, 0x3CC7, 0x3CA0, 0x3CC7, 0x3CC7, 0x3CC7, 
    0x3CA0, 0x3CC7, 0x3CC7, 0x3CC7, 0x3CA0, 0x3CC7, 0x3CC7, 0x3CC7, 0x3CA0, 
    0x3CC7, 0x3CC7, 0x3CC7, 0x3CA0, 0x3CC7, 0x3CC7, 0x3CC7, 0x3CC7, 0x3CC7, 
    0x3CC7, 0x3CC7, 0x3CA0, 0x3CC7, 0x3CC7, 0x3CC7, 0x3CC7, 0x3CA0, 0x3CC7, 
    0x3CA0, 0x3CC7, 0x3CA0, 0x3CC7, 0x3CA0, 0x3CC7, 0x3CA0, 0x3CC7, 0x3CA0, 
    0x3CC7, 0x3CA0, 0x3CC7, 0x3CA0, 0x3CC7, 0x3CA0, 0x3CC7, 0x3CA0, 0x3CC7, 
    0x3CA0, 0x3CC7, 0x3CA0, 0x3CC7, 0x3CA0, 0x3CC7, 0x3CA0, 0x3CC7, 0x3CA0, 
    0x3CC7, 0x3CA0, 0x3CC7, 0x3CA0, 0x3CC7, 0x3CA0, 0x3CC7, 0x3CA0, 0x3CC7, 
    0x3CA0, 0x3CC7, 0x3CA0, 0x3CC7, 0x3CA0, 0x3CC7, 0x3CA0, 0x3CC7, 0x3CA0, 
    0x3CC7, 0x3CA0, 0x3CC7, 0x6739, 0x673A, 0x69D7, 0x3CC7, 0x3CA0, 0x3CC7, 
    0x3CA0, 0x3CC7, 0x3CA0, 0x3CC7, 0x3CA0, 0x3CC7, 0x3CA0, 0x3CC7, 0x3CA0, 
    0x3CC7, 0x3CA0, 0x3CC7, 0x3CA0, 0x3CC7, 0x3CA0, 0x3CC7, 0x3CA0, 0x3CC7, 
    0x3CA0, 0x3CC7, 0x3CA0, 0x3CC7, 0x3CA0, 0x3CC7, 0x3CA0, 0x3CC7, 0x3CA0, 
    0x3CC7, 0x3CC7, 0x3CC7, 0x3CA0, 0x3CC7, 0x3CA0, 0x3CC7, 0x3CA0, 0x3CC7, 
    0x3CC7, 0x3CC7, 0x3CA0, 0x3CC7, 0x3CC7, 0x3CC7, 0x3CA0, 0x3CC7, 0x3CC7, 
    0x3CC7, 0x3CA0, 0x3CC7, 0x3CC7, 0x3CC7, 0x3CA0, 0x3CC7, 0x3CC7, 0x3CC7, 
    0x3CA0, 0x3CC7, 0x3CC7, 0x3CC7, 0x6739, 0x673A, 0x69D9, 0x3CC7, 0x3CA0, 
    0x3CC7, 0x3CC7, 0x3CC7, 0x3CA0, 0x3CC7, 0x3CC7, 0x3CC7, 0x3CC7, 0x3CC7, 
    0x3CC7, 0x3CC7, 0x3CA0, 0x3CC7, 0x3CC7, 0x3CC7, 0x3CC7, 0x3CC7, 0x3CC7, 
    0x3CC7, 0x3CC7, 0x3CC7, 0x3CC7, 0x3CC7, 0x3CC7, 0x3CC7, 0x3CC7, 0x3CC7, 
    0x3CC7, 0x3CC7, 0x3CC7, 0x3CC7, 0x3CC7, 0x3CC7, 0x3CC7, 0x3CC7, 0x3CC7, 
    0x3CC7, 0x3CC7, 0x3CC7, 0x3CC7, 0x3CC7, 0x3CC7, 0x3CC7, 0x3CC7, 0x3CC7, 
    0x3CC7, 0x3CC7, 0x3CC7, 0x3CC7, 0x3CC7, 0x3CC7, 0x3CC7, 0x3CC7, 0x3CC7, 
    0x3CC7, 0x3CC7, 0x3CC7, 0x3CC7, 0x3CC7, 0x673A, 0x673A, 0x69D9, 0x3CC7, 
    0x3CC7, 0x3CC7, 0x3CC7, 0x3CC7, 0x3CC7, 0x3CC7, 0x3CC7, 0x3CC7, 0x3CC7, 
    0x3CC7, 0x3CC7, 0x3CC7, 0x3CC7, 0x3CC7, 0x3CC7, 0x3CC7, 0x3CC7, 0x3CC7, 
    0x3CC7, 0x3CC7, 0x3CC7, 0x3CC7, 0x3CC7, 0x3CC7, 0x3CC7, 0x3CC7, 0x3CC7, 
    0x3CC7, 0x3CC7, 0x3CC7, 0x3CC7, 0x3CC7, 0x3CC7, 0x3CC7, 0x3CC7, 0x3CC7, 
    0x3CC7, 0x3CC7, 0x3CC7, 0x3CC7, 0x3CC7, 0x3CC7, 0x3CC7, 0x3CC7, 0x3CC7, 
    0x3CC7, 0x3CC7, 0x3CC7, 0x3CC7, 0x3CC7, 0x3CC7, 0x3CC7, 0x3CC7, 0x3CC7, 
    0x3CC7, 0x3CC7, 0x3CC7, 0x3CA0, 0x3CA0, 0x3CA0, 0x3CA0, 0x3CA0, 0x3CC7, 
    0x3CA0, 0x3CA0, 0x3CA0, 0x3CC7, 0x3CA0, 0x3CA0, 0x3CA0, 0x3CC7, 0x3CA0, 
    0x3CA0, 0x3CA0, 0x3CC7, 0x3CA0, 0x3CA0, 0x3CA0, 0x3CC7, 0x3CA0, 0x3CA0, 
    0x3CA0, 0x3CC7, 0x3CA0, 0x3CA0, 0x3CA0, 0x3CC7, 0x3CA0, 0x3CA0, 0x3CA0, 
    0x3CC7, 0x3CA0, 0x3CA0, 0x31B5, 0x3CC7, 0x3CA0, 0x3CC7, 0x3CA0, 0x3CC7, 
    0x3CA0, 0x3CA0, 0x3CA0, 0x3CC7, 0x3CA0, 0x3CC7, 0x3CA0, 0x3CC7, 0x3CA0, 
    0x5B1A, 0x5B19, 0x3CC7, 0x3CA0, 0x3CC7, 0x3CA0, 0x3CC7, 0x3CA0, 0x3CC7, 
    0x3CA0, 0x3CC7, 0x3CA0, 0x3CC7, 0x3CA0, 0x3CC7, 0x3CA0, 0x3CC7, 0x3CA0, 
    0x3CC7, 0x3CA0, 0x3CC7, 0x3CA0, 0x3CC7, 0x3CA0, 0x3CC7, 0x3CA0, 0x3CC7, 
    0x3CA0, 0x3CC7, 0x3CA0, 0x3CC7, 0x3CA0, 0x3CC7, 0x3CA0, 0x3CC7, 0x3CA0, 
    0x3CC7, 0x3CA0, 0x3CC7, 0x3CA0, 0x3CC7, 0x3CA0, 0x3CC7, 0x3CA0, 0x3CC7, 
    0x3CA0, 0x3CC7, 0x3CA0, 0x3CC7, 0x31B5, 0x3CC7, 0x3CA0, 0x3CC7, 0x3CA0, 
    0x3CC7, 0x3CA0, 0x3CC7, 0x3CA0, 0x3CC7, 0x3CA0, 0x3CC7, 0x3CA0, 0x3CC7, 
    0x3CA0, 0x5B1A, 0x5B19, 0x3CC7, 0x3CA0, 0x3CC7, 0x3CA0, 0x3CC7, 0x3CA0, 
    0x3CC7, 0x3CA0, 0x3CC7, 0x3CA0, 0x3CC7, 0x3CA0, 0x3CC7, 0x3CA0, 0x3CC7, 
    0x3CA0, 0x3CC7, 0x3CA0, 0x3CC7, 0x3CA0, 0x3CC7, 0x3CA0, 0x3CC7, 0x3CA0, 
    0x3CC7, 0x3CA0, 0x3CC7, 0x3CA0, 0x3CC7, 0x3CA0, 0x3CC7, 0x3CA0, 0x3CC7, 
    0x3CA0, 0x3CC7, 0x3CA0, 0x3CC7, 0x3CA0, 0x3CC7, 0x3CA0, 0x3CC7, 0x3CA0, 
    0x3CC7, 0x3CA0, 0x3CC7, 0x3CA0, 0x3CC7, 0x31B5, 0x3CC7, 0x3CA0, 0x3CC7, 
    0x3CA0, 0x3CC7, 0x3CA0, 0x3CC7, 0x3CC7, 0x3CC7, 0x3CA0, 0x3CC7, 0x3CA0, 
    0x3CC7, 0x3CA0, 0x5B1A, 0x5B1A, 0x3CC7, 0x3CA0, 0x3CC7, 0x3CC7, 0x3CC7, 
    0x3CA0, 0x3CC7, 0x3CC7, 0x3CC7, 0x3CA0, 0x3CC7, 0x3CC7, 0x3CC7, 0x3CA0, 
    0x3CC7, 0x3CC7, 0x3CC7, 0x3CA0, 0x3CC7, 0x3CC7, 0x3CC7, 0x3CA0, 0x3CC7, 
    0x3CC7, 0x3CC7, 0x3CA0, 0x3CC7, 0x3CC7, 0x3CC7, 0x3CA0, 0x3CC7, 0x3CC7, 
    0x3CC7, 0x3CC7, 0x3CC7, 0x3CC7, 0x3CC7, 0x3CA0, 0x3CC7, 0x3CC7, 0x3CC7, 
    0x3CC7, 0x3CC7, 0x3CC7, 0x3CC7, 0x3CC7, 0x3CC7, 0x31B6, 0x3CC7, 0x3CC7, 
    0x3CC7, 0x3CC7, 0x3CC7, 0x3CC7, 0x3CC7, 0x3CC7, 0x3CC7, 0x3CC7, 0x3CC7, 
    0x3CC7, 0x3CA0, 0x3CC7, 0x3CA0, 0x3CC7, 0x3CA0, 0x3CC7, 0x3CA0, 0x3CC7, 
    0x3CA0, 0x3CC7, 0x3CA0, 0x3CC7, 0x3CA0, 0x3CC7, 0x3CA0, 0x3CC7, 0x3CA0, 
    0x3CC7, 0x3CA0, 0x3CC7, 0x4257, 0x3CC7, 0x3CA0, 0x3CC7, 0x3CA0, 0x3CC7, 
    0x3CA0, 0x3CC7, 0x3CA0, 0x3CC7, 0x3CA0, 0x3CC7, 0x3CA0, 0x3CC7, 0x3CA0, 
    0x3CC7, 0x3CA0, 0x3CC7, 0x3CA0, 0x3CC7, 0x3CA0, 0x3CC7, 0x3CA0, 0x3CC7, 
    0x3CA0, 0x3CC7, 0x3CA0, 0x3CC7, 0x3CA0, 0x3CC7, 0x3CA0, 0x3CC7, 0x3CA0, 
    0x3CC7, 0x3CA0, 0x3CC7, 0x3CA0, 0x3CC7, 0x3CA0, 0x3CC7, 0x3CA0, 0x3CC7, 
    0x3CA0, 0x3CC7, 0x3CA0, 0x3CC7, 0x3CA0, 0x3CC7, 0x3CA0, 0x3CC7, 0x3CA0, 
    0x3CC7, 0x3CA0, 0x3CC7, 0x3CA0, 0x3CC7, 0x3CA0, 0x3CC7, 0x3CA0, 0x3CC7, 
    0x3CA0, 0x3CC7, 0x3CA0, 0x3CC7, 0x4257, 0x3CC7, 0x3CA0, 0x3CC7, 0x3CA0, 
    0x3CC7, 0x3CA0, 0x3CC7, 0x3CA0, 0x3CC7, 0x3CA0, 0x3CC7, 0x3CA0, 0x3CC7, 
    0x3CA0, 0x3CC7, 0x3CA0, 0x3CC7, 0x3CC7, 0x3CC7, 0x3CA0, 0x3CC7, 0x3CA0, 
    0x3CC7, 0x3CA0, 0x3CC7, 0x3CC7, 0x3CC7, 0x3CA0, 0x3CC7, 0x3CC7, 0x3CC7, 
    0x3CA0, 0x3CC7, 0x3CC7, 0x3CC7, 0x3CA0, 0x3CC7, 0x3CC7, 0x3CC7, 0x3CA0, 
    0x3CC7, 0x3CC7, 0x3CC7, 0x3CA0, 0x3CC7, 0x3CC7, 0x3CC7, 0x3CA0, 0x3CC7, 
    0x3CC7, 0x3CC7, 0x3CA0, 0x3CC7, 0x3CC7, 0x3CC7, 0x3CA0, 0x3CC7, 0x3CC7, 
    0x3CC7, 0x3CA0, 0x3CC7, 0x3CC7, 0x3CC7, 0x4278, 0x3CC7, 0x3CC7, 0x3CC7, 
    0x3CA0, 0x3CC7, 0x3CC7, 0x3CC7, 0x3CC7, 0x3CC7, 0x3CC7, 0x3CC7, 0x3CC7, 
    0x3CC7, 0x3CC7, 0x3CC7, 0x3CC7, 0x3CC7, 0x3CC7, 0x3CC7, 0x3CC7, 0x3CC7, 
    0x3CC7, 0x3CC7, 0x3CC7, 0x3CC7, 0x3CC7, 0x3CC7, 0x3CC7, 0x3CC7, 0x3CC7, 
    0x3CC7, 0x3CC7, 0x3CC7, 0x3CC7, 0x3CC7, 0x3CC7, 0x3CC7, 0x3CC7, 0x3CC7, 
    0x3CC7, 0x3CC7, 0x3CC7, 0x3CC7, 0x3CC7, 0x3CC7, 0x3CC7, 0x3CC7, 0x3CC7, 
    0x3CC7, 0x3CC7, 0x3CC7, 0x3CC7, 0x3CC7, 0x3CC7, 0x3CC7, 0x3CC7, 0x3CC7, 
    0x3CC7, 0x3CC7, 0x3CC7, 0x3CC7, 0x3CC7, 0x3CC7, 0x4278, 0x3CC7, 0x3CC7, 
    0x3CC7, 0x3CC7, 0x3CC7, 0x3CC7, 0x3CC7, 0x3CC7, 0x3CC7, 0x3CC7, 0x3CC7, 
    0x3CC7, 0x3CC7, 0x3CC7, 0x3CC7, 0x3CC7, 0x3CC7, 0x3CC7, 0x3CC7, 0x3CC7, 
    0x3CC7, 0x3CC7, 0x3CC7, 0x3CC7, 0x3CC7, 0x3CC7, 0x3CA0, 0x3CA0, 0x3CA0, 
    0x3CA0, 0x3CA0, 0x3CA0, 0x3CA0, 0x3CA0, 0x3CA0, 0x3CA0, 0x3CA0, 0x3CA0, 
    0x3CA0, 0x3CA0, 0x3CA0, 0x3CA0, 0x3CA0, 0x3CA0, 0x3CA0, 0x3CA0, 0x3CA0, 
    0x3CA0, 0x3CA0, 0x3CC7, 0x3CA0, 0x3CA0, 0x3CA0, 0x3CC7, 0x3CA0, 0x3CA0, 
    0x3CA0, 0x3CC7, 0x3CA0, 0x3CA0, 0x3CA0, 0x3CC7, 0x3A16, 0x3CA0, 0x3CA0, 
    0x3CC7, 0x3CA0, 0x3CA0, 0x3CA0, 0x3CC7, 0x3CA0, 0x3CA0, 0x3CA0, 0x3CC7, 
    0x3CA0, 0x3CA0, 0x3CA0, 0x3CC7, 0x3CA0, 0x3CA0, 0x3CA0, 0x3CC7, 0x3CA0, 
    0x3CA0, 0x3CA0, 0x3CC7, 0x3CA0, 0x3CC7, 0x3CA0, 0x3CC7, 0x3CA0, 0x3CA0, 
    0x3CA0, 0x3CC7, 0x3CA0, 0x3CC7, 0x3CA0, 0x3CC7, 0x3CA0, 0x3CC7, 0x3CA0, 
    0x3CC7, 0x3CA0, 0x3CC7, 0x3CA0, 0x3CC7, 0x3CA0, 0x3CC7, 0x3CA0, 0x3CC7, 
    0x3CA0, 0x3CC7, 0x3CA0, 0x3CC7, 0x3CA0, 0x3CC7, 0x3CA0, 0x3CC7, 0x3CA0, 
    0x3CC7, 0x3CA0, 0x3CC7, 0x3CA0, 0x3CC7, 0x3CA0, 0x3CC7, 0x3A16, 0x3CC7, 
    0x3CA0, 0x3CC7, 0x3CA0, 0x3CC7, 0x3CA0, 0x3CC7, 0x3CA0, 0x3CC7, 0x3CA0, 
    0x3CC7, 0x3CA0, 0x3CC7, 0x3CA0, 0x3CC7, 0x3CA0, 0x3CC7, 0x3CA0, 0x3CC7, 
    0x3CA0, 0x3CC7, 0x3CA0, 0x3CC7, 0x3CA0, 0x3CC7, 0x3CA0, 0x3CC7, 0x3CA0, 
    0x3CC7, 0x3CA0, 0x3CC7, 0x3CA0, 0x3CC7, 0x3CA0, 0x3CC7, 0x3CA0, 0x3CC7, 
    0x3CA0, 0x3CC7, 0x3CA0, 0x3CC7, 0x3CA0, 0x3CC7, 0x3CA0, 0x3CC7, 0x3CA0, 
    0x3CC7, 0x3CA0, 0x3CC7, 0x3CA0, 0x3CC7, 0x3CA0, 0x3CC7, 0x3CA0, 0x3CC7, 
    0x3CA0, 0x3CC7, 0x3CA0, 0x3CC7, 0x3CA0, 0x3CC7, 0x3CA0, 0x3CC7, 0x3A16, 
    0x3CC7, 0x3CA0, 0x3CC7, 0x3CA0, 0x3CC7, 0x3CA0, 0x3CC7, 0x3CA0, 0x3CC7, 
    0x3CA0, 0x3CC7, 0x3CA0, 0x3CC7, 0x3CA0, 0x3CC7, 0x3CA0, 0x3CC7, 0x3CA0, 
    0x3CC7, 0x3CA0, 0x3CC7, 0x3CA0, 0x3CC7, 0x3CA0, 0x3CC7, 0x3CC7, 0x3CC7, 
    0x3CA0, 0x3CC7, 0x3CA0, 0x3CC7, 0x3CA0, 0x3CC7, 0x3CC7, 0x3CC7, 0x3CA0, 
    0x3CC7, 0x3CC7, 0x3CC7, 0x3CA0, 0x3CC7, 0x3CC7, 0x3CC7, 0x3CA0, 0x3CC7, 
    0x3CC7, 0x3CC7, 0x3CA0, 0x3CC7, 0x3CC7, 0x3CC7, 0x3CA0, 0x3CC7, 0x3CC7, 
    0x3CC7, 0x3CA0, 0x3CC7, 0x3CC7, 0x3CC7, 0x3CA0, 0x3CC7, 0x3CC7, 0x3CC7, 
    0x3A16, 0x3CC7, 0x3CC7, 0x3CC7, 0x3CA0, 0x3CC7, 0x3CC7, 0x3CC7, 0x3CC7, 
    0x3CC7, 0x3CC7, 0x3CC7, 0x3CC7, 0x3CA0, 0x3CC7, 0x3CA0, 0x3CC7, 0x3CA0, 
    0x3CC7, 0x3CA0, 0x3CC7, 0x3CA0, 0x3CC7, 0x3CA0, 0x3CC7, 0x3CA0, 0x3CC7, 
    0x3CA0, 0x3CC7, 0x3CA0, 0x3CC7, 0x3CA0, 0x3CC7, 0x3CA0, 0x3CC7, 0x3CA0, 
    0x3CC7, 0x3CA0, 0x3CC7, 0x3CA0, 0x3CC7, 0x3CA0, 0x3CC7, 0x3CA0, 0x3CC7, 
    0x3CA0, 0x3CC7, 0x3CA0, 0x4278, 0x3CA0, 0x3CC7, 0x3CA0, 0x3CC7, 0x3CA0, 
    0x3CC7, 0x3CA0, 0x3CC7, 0x3CA0, 0x3CC7, 0x3CA0, 0x3CC7, 0x3CA0, 0x3CC7, 
    0x3CA0, 0x3CC7, 0x3CA0, 0x3CC7, 0x3CA0, 0x3CC7, 0x3CA0, 0x3CC7, 0x3CA0, 
    0x3CC7, 0x3CA0, 0x69D9, 0x3CA0, 0x3CC7, 0x3CA0, 0x3CC7, 0x3CA0, 0x3CC7, 
    0x3CA0, 0x3CC7, 0x3CA0, 0x3CC7, 0x3CA0, 0x3CC7, 0x3CA0, 0x3CC7, 0x3CA0, 
    0x3CC7, 0x3CA0, 0x3CC7, 0x3CC7, 0x3CC7, 0x3CA0, 0x3CC7, 0x3CC7, 0x3CC7, 
    0x3CA0, 0x3CC7, 0x3CC7, 0x3CC7, 0x3CA0, 0x3CC7, 0x3CC7, 0x3CC7, 0x3CA0, 
    0x3CC7, 0x3CC7, 0x3CC7, 0x3CA0, 0x4278, 0x3CC7, 0x3CC7, 0x3CA0, 0x3CC7, 
    0x3CC7, 0x3CC7, 0x3CA0, 0x3CC7, 0x3CC7, 0x3CC7, 0x3CA0, 0x3CC7, 0x3CC7, 
    0x3CC7, 0x3CA0, 0x3CC7, 0x3CC7, 0x3CC7, 0x3CA0, 0x3CC7, 0x3CC7, 0x3CC7, 
    0x3CC7, 0x3CC7, 0x3CC7, 0x69D9, 0x3CC7, 0x3CC7, 0x3CC7, 0x3CC7, 0x3CC7, 
    0x3CC7, 0x3CC7, 0x3CC7, 0x3CC7, 0x3CC7, 0x3CC7, 0x3CC7, 0x3CC7, 0x3CC7, 
    0x3CC7, 0x3CC7, 0x3CC7, 0x3CC7, 0x3CC7, 0x3CC7, 0x3CC7, 0x3CC7, 0x3CC7, 
    0x3CC7, 0x3CC7, 0x3CC7, 0x3CC7, 0x3CC7, 0x3CC7, 0x3CC7, 0x3CC7, 0x3CC7, 
    0x3CC7, 0x3CC7, 0x3CC7, 0x3CC7, 0x3CC7, 0x4278, 0x3CC7, 0x3CC7, 0x3CC7, 
    0x3CC7, 0x3CC7, 0x3CC7, 0x3CC7, 0x3CC7, 0x3CC7, 0x3CC7, 0x3CC7, 0x3CC7, 
    0x3CC7, 0x3CC7, 0x3CC7, 0x3CC7, 0x3CC7, 0x3CC7, 0x3CC7, 0x3CC7, 0x3CC7, 
    0x3CC7, 0x3CC7, 0x3CC7, 0x3CC7, 0x69D9, 0x3CC7, 0x3CC7, 0x3CC7, 0x3CC7, 
    0x3CC7, 0x3CC7, 0x3CC7, 0x3CC7, 0x3CC7, 0x3CC7, 0x3CC7, 0x3CC7, 0x3CC7, 
    0x3CC7, 0x3CC7, 0x3CC7, 0x3CC7, 0x3CC7, 0x3CC7, 0x3CC7, 0x3CC7, 0x3CC7, 
    0x3CC7, 0x3CC7, 0x3CC7, 0x3CC7, 0x3CC7, 0x3CC7, 0x3CC7, 0x3CC7, 0x3CC7, 
    0x3CC7, 0x3CC7, 0x3CC7, 0x3CC7, 0x3CC7, 0x3CC7, 0x4278, 0x3CC7, 0x3CC7, 
    0x3CC7, 0x3CC7, 0x3CC7, 0x3CC7, 0x3CC7, 0x3CC7, 0x3CC7, 0x3CC7, 0x3CC7, 
    0x3CA0, 0x5ECC, 0x5EAB, 0x3CA0, 0x3CA0, 0x3CC7, 0x3CA0, 0x3CA0, 0x3CA0, 
    0x3CC7, 0x3CA0, 0x3CA0, 0x3CA0, 0x3CC7, 0x3CA0, 0x3CA0, 0x3CA0, 0x3CC7, 
    0x3CA0, 0x3CA0, 0x3CA0, 0x3CC7, 0x3CA0, 0x3CA0, 0x3CA0, 0x3CC7, 0x3CA0, 
    0x3CA0, 0x3CA0, 0x3CC7, 0x3CA0, 0x3CA0, 0x3CA0, 0x3CC7, 0x3CA0, 0x3CC7, 
    0x4AB8, 0x3CC7, 0x3CA0, 0x3CA0, 0x3CA0, 0x3CC7, 0x3CA0, 0x3CC7, 0x3CA0, 
    0x3CC7, 0x3CA0, 0x3CC7, 0x3CA0, 0x3CC7, 0x3CA0, 0x3CC7, 0x3CA0, 0x3CC7, 
    0x3CA0, 0x3CC7, 0x3CA0, 0x3CC7, 0x3CA0, 0x3CC7, 0x3CA0, 0x3CC7, 0x3CA0, 
    0x3CC7, 0x3CA0, 0x5ECC, 0x5EAB, 0x3CC7, 0x3CA0, 0x3CC7, 0x3CA0, 0x3CC7, 
    0x3CA0, 0x3CC7, 0x3CA0, 0x3CC7, 0x3CA0, 0x3CC7, 0x3CA0, 0x3CC7, 0x3CA0, 
    0x3CC7, 0x3CA0, 0x3CC7, 0x3CA0, 0x3CC7, 0x3CA0, 0x3CC7, 0x3CA0, 0x3CC7, 
    0x3CA0, 0x3CC7, 0x3CA0, 0x3CC7, 0x3CA0, 0x3CC7, 0x3CA0, 0x3CC7, 0x3CA0, 
    0x3CC7, 0x4AB8, 0x3CC7, 0x3CA0, 0x3CC7, 0x3CA0, 0x3CC7, 0x3CA0, 0x3CC7, 
    0x3CA0, 0x3CC7, 0x3CA0, 0x3CC7, 0x3CA0, 0x3CC7, 0x3CA0, 0x3CC7, 0x3CA0, 
    0x3CC7, 0x3CA0, 0x3CC7, 0x3CA0, 0x3CC7, 0x3CA0, 0x3CC7, 0x3CA0, 0x3CC7, 
    0x3CA0, 0x3CC7, 0x3CA0, 0x5ECC, 0x5EAB, 0x3CC7, 0x3CA0, 0x3CC7, 0x3CA0, 
    0x3CC7, 0x3CA0, 0x3CC7, 0x3CA0, 0x3CC7, 0x3CA0, 0x3CC7, 0x3CA0, 0x3CC7, 
    0x3CA0, 0x3CC7, 0x3CA0, 0x3CC7, 0x3CA0, 0x3CC7, 0x3CA0, 0x3CC7, 0x3CA0, 
    0x3CC7, 0x3CA0, 0x3CC7, 0x3CA0, 0x3CC7, 0x3CA0, 0x3CC7, 0x3CC7, 0x3CC7, 
    0x3CA0, 0x3CC7, 0x4AB8, 0x3CC7, 0x3CA0, 0x3CC7, 0x3CC7, 0x3CC7, 0x3CA0, 
    0x3CC7, 0x3CC7, 0x3CC7, 0x3CA0, 0x3CC7, 0x3CC7, 0x3CC7, 0x3CA0, 0x3CC7, 
    0x3CC7, 0x3CC7, 0x3CA0, 0x3CC7, 0x3CC7, 0x3CC7, 0x3CA0, 0x3CC7, 0x3CC7, 
    0x3CC7, 0x3CA0, 0x3CC7, 0x3CC7, 0x5ECC, 0x5EAB, 0x3CC7, 0x3CC7, 0x3CC7, 
    0x3CA0, 0x3CC7, 0x3CC7, 0x3CC7, 0x3CC7, 0x3CC7, 0x3CC7, 0x3CC7, 0x3CA0, 
    0x3CC7, 0x3CC7, 0x3CC7, 0x3CC7, 0x3CC7, 0x3CC7, 0x3CC7, 0x3CC7, 0x3CC7, 
    0x3CC7, 0x3CC7, 0x3CC7, 0x3CC7, 0x3CC7, 0x3CC7, 0x3CC7, 0x3CC7, 0x3CC7, 
    0x3CC7, 0x3CC7, 0x3CC7, 0x4AB9, 0x3CC7, 0x3CC7, 0x3CC7, 0x3CC7, 0x3CC7, 
    0x3CC7, 0x3CC7, 0x3CC7, 0x3CC7, 0x3CC7, 0x3CC7, 0x3CC7, 0x5EAB, 0x5ECC, 
    0x3CA0, 0x3CC7, 0x3CA0, 0x3CC7, 0x3CA0, 0x3CC7, 0x3CA0, 0x3CC7, 0x3CA0, 
    0x3CC7, 0x3CA0, 0x3CC7, 0x3CA0, 0x3CC7, 0x3CA0, 0x3CC7, 0x3CA0, 0x3CC7, 
    0x3CA0, 0x3CC7, 0x3CA0, 0x3CC7, 0x3CA0, 0x3CC7, 0x3CA0, 0x3CC7, 0x3CA0, 
    0x3CC7, 0x3CA0, 0x3CC7, 0x3CA0, 0x3CC7, 0x3CA0, 0x531A, 0x3CA0, 0x3CC7, 
    0x3CA0, 0x3CC7, 0x3CA0, 0x3CC7, 0x3CA0, 0x3CC7, 0x3CA0, 0x3CC7, 0x3CA0, 
    0x3CC7, 0x3CA0, 0x3CC7, 0x3CA0, 0x3CC7, 0x3CA0, 0x3CC7, 0x3CA0, 0x3CC7, 
    0x3CA0, 0x3CC7, 0x3CA0, 0x3CC7, 0x3CA0, 0x3CC7, 0x3CA0, 0x3CC7, 0x5EAB, 
    0x5ECC, 0x3CA0, 0x3CC7, 0x3CA0, 0x3CC7, 0x3CA0, 0x3CC7, 0x3CA0, 0x3CC7, 
    0x3CA0, 0x3CC7, 0x3CA0, 0x3CC7, 0x3CA0, 0x3CC7, 0x3CA0, 0x3CC7, 0x3CA0, 
    0x3CC7, 0x3CA0, 0x3CC7, 0x3CA0, 0x3CC7, 0x3CA0, 0x3CC7, 0x3CA0, 0x3CC7, 
    0x3CA0, 0x3CC7, 0x3CA0, 0x3CC7, 0x3CA0, 0x3CC7, 0x3CC7, 0x531A, 0x3CA0, 
    0x3CC7, 0x3CA0, 0x3CC7, 0x3CA0, 0x3CC7, 0x3CC7, 0x3CC7, 0x3CA0, 0x3CC7, 
    0x3CC7, 0x3CC7, 0x3CA0, 0x3CC7, 0x3CC7, 0x3CC7, 0x3CA0, 0x3CC7, 0x3CC7, 
    0x3CC7, 0x3CA0, 0x3CC7, 0x3CC7, 0x3CC7, 0x3CA0, 0x3CC7, 0x3CC7, 0x3CC7, 
    0x5EAB, 0x5ECC, 0x3CC7, 0x3CC7, 0x3CA0, 0x3CC7, 0x3CC7, 0x3CC7, 0x3CC7, 
    0x3CC7, 0x3CC7, 0x3CC7, 0x3CA0, 0x3CC7, 0x3CC7, 0x3CC7, 0x3CC7, 0x3CC7, 
    0x3CC7, 0x3CC7, 0x3CC7, 0x3CC7, 0x3CC7, 0x3CC7, 0x3CC7, 0x3CC7, 0x3CC7, 
    0x3CC7, 0x3CC7, 0x3CC7, 0x3CC7, 0x3CC7, 0x3CC7, 0x3CC7, 0x3CC7, 0x531A, 
    0x3CC7, 0x3CC7, 0x3CC7, 0x3CC7, 0x3CC7, 0x3CC7, 0x3CC7, 0x3CC7, 0x3CC7, 
    0x3CC7, 0x3CC7, 0x3CC7, 0x3CC7, 0x3CC7, 0x3CC7, 0x3CC7, 0x3CC7, 0x3CC7, 
    0x3CC7, 0x3CC7, 0x3CC7, 0x3CC7, 0x3CC7, 0x3CC7, 0x3CC7, 0x3CC7, 0x3CC7, 
    0x3CC7, 0x5ECC, 0x5ECC, 0x3CC7, 0x3CC7, 0x3CC7, 0x3CC7, 0x3CC7, 0x3CC7, 
    0x3CC7, 0x3CC7, 0x3CC7, 0x3CC7, 0x3CC7, 0x3CC7, 0x3CC7, 0x3CC7, 0x3CC7, 
    0x3CC7, 0x3CC7, 0x3CC7, 0x3CC7, 0x3CC7, 0x3CC7, 0x3CC7, 0x3CC7, 0x3CC7, 
    0x3CC7, 0x3CC7, 0x3CC7, 0x3CC7, 0x3CC7, 0x3CC7, 0x3CC7, 0x3CC7, 0x3CC7, 
    0x531A, 0x3CC7, 0x3CC7, 0x3CC7, 0x3CC7, 0x3CC7, 0x3CC7, 0x3CC7, 0x3CC7, 
    0x3CC7, 0x3CC7, 0x3CC7, 0x3CA0, 0x3CA0, 0x3CA0, 0x3CA0, 0x3CA0, 0x3CA0, 
    0x3CA0, 0x3CA0, 0x3CA0, 0x3CA0, 0x3CA0, 0x3CC7, 0x3CA0, 0x3CA0, 0x3CA0, 
    0x69D7, 0x3CA0, 0x3CA0, 0x3CA0, 0x3CC7, 0x3CA0, 0x3CA0, 0x3CA0, 0x3CC7, 
    0x3CA0, 0x3CA0, 0x3CA0, 0x3CC7, 0x3CA0, 0x3CA0, 0x3CA0, 0x3CC7, 0x3CA0, 
    0x3A16, 0x4AB8, 0x531A, 0x5F18, 0x5318, 0x4AB8, 0x3CC7, 0x3A16, 0x3CA0, 
    0x3CA0, 0x3CC7, 0x3CA0, 0x3CA0, 0x3CA0, 0x3CC7, 0x3CA0, 0x3CA0, 0x3CA0, 
    0x3CC7, 0x3CA0, 0x3CA0, 0x3CA0, 0x3CC7, 0x3CA0, 0x3CC7, 0x3CA0, 0x3CC7, 
    0x3CA0, 0x3CA0, 0x3CA0, 0x3CC7, 0x3CA0, 0x3CC7, 0x3CA0, 0x3CC7, 0x3CA0, 
    0x3CC7, 0x3CA0, 0x3CC7, 0x3CA0, 0x3CC7, 0x3CA0, 0x3CC7, 0x3CA0, 0x3CC7, 
    0x3CA0, 0x69D9, 0x3CA0, 0x3CC7, 0x3CA0, 0x3CC7, 0x3CA0, 0x3CC7, 0x3CA0, 
    0x3CC7, 0x3CA0, 0x3CC7, 0x3CA0, 0x3CC7, 0x3CA0, 0x3CC7, 0x3CA0, 0x3CC7, 
    0x3CA0, 0x3A17, 0x4AB8, 0x531A, 0x5F18, 0x531A, 0x4AB8, 0x3CC7, 0x3A16, 
    0x3CC7, 0x3CA0, 0x3CC7, 0x3CA0, 0x3CC7, 0x3CA0, 0x3CC7, 0x3CA0, 0x3CC7, 
    0x3CA0, 0x3CC7, 0x3CA0, 0x3CC7, 0x3CA0, 0x3CC7, 0x3CA0, 0x3CC7, 0x3CA0, 
    0x3CC7, 0x3CA0, 0x3CC7, 0x3CA0, 0x3CC7, 0x3CA0, 0x3CC7, 0x3CA0, 0x3CC7, 
    0x3CA0, 0x3CC7, 0x3CA0, 0x3CC7, 0x3CA0, 0x3CC7, 0x3CA0, 0x3CC7, 0x3CA0, 
    0x3CC7, 0x3CA0, 0x69D9, 0x3CA0, 0x3CC7, 0x3CA0, 0x3CC7, 0x3CA0, 0x3CC7, 
    0x3CA0, 0x3CC7, 0x3CA0, 0x3CC7, 0x3CA0, 0x3CC7, 0x3CA0, 0x3CC7, 0x3CA0, 
    0x3CC7, 0x3CA0, 0x3A17, 0x4AB8, 0x531A, 0x5F18, 0x531A, 0x4AB8, 0x3CC7, 
    0x3A16, 0x3CC7, 0x3CA0, 0x3CC7, 0x3CA0, 0x3CC7, 0x3CA0, 0x3CC7, 0x3CA0, 
    0x3CC7, 0x3CA0, 0x3CC7, 0x3CA0, 0x3CC7, 0x3CA0, 0x3CC7, 0x3CA0, 0x3CC7, 
    0x3CC7, 0x3CC7, 0x3CA0, 0x3CC7, 0x3CC7, 0x3CC7, 0x3CA0, 0x3CC7, 0x3CC7, 
    0x3CC7, 0x3CA0, 0x3CC7, 0x3CC7, 0x3CC7, 0x3CA0, 0x3CC7, 0x3CC7, 0x3CC7, 
    0x3CA0, 0x3CC7, 0x3CC7, 0x69D9, 0x3CA0, 0x3CC7, 0x3CC7, 0x3CC7, 0x3CA0, 
    0x3CC7, 0x3CC7, 0x3CC7, 0x3CA0, 0x3CC7, 0x3CC7, 0x3CC7, 0x3CA0, 0x3CC7, 
    0x3CC7, 0x3CC7, 0x3CC7, 0x3A17, 0x4AB9, 0x531A, 0x5F18, 0x531A, 0x4AB9, 
    0x3CC7, 0x3A17, 0x3CC7, 0x3CC7, 0x3CC7, 0x3CC7, 0x3CC7, 0x3CC7, 0x3CC7, 
    0x3CC7, 0x3CA0, 0x3CC7, 0x3CA0, 0x3CC7, 0x3CA0, 0x3CC7, 0x3CA0, 0x3CC7, 
    0x3CA0, 0x3CC7, 0x3CA0, 0x3CC7, 0x3CA0, 0x3CC7, 0x3CA0, 0x3CC7, 0x3CA0, 
    0x3CC7, 0x3CA0, 0x3CC7, 0x3CA0, 0x3CC7, 0x3CA0, 0x3CC7, 0x3CA0, 0x3CC7, 
    0x3CA0, 0x3CC7, 0x3CA0, 0x3CC7, 0x3CA0, 0x3CC7, 0x3CA0, 0x3CC7, 0x3CA0, 
    0x531A, 0x3CA0, 0x3CC7, 0x3CA0, 0x3CC7, 0x3CA0, 0x3CC7, 0x3CA0, 0x3CC7, 
    0x3CA0, 0x3CC7, 0x3CA0, 0x3CC7, 0x3CA0, 0x3CC7, 0x3CA0, 0x3CC7, 0x3CA0, 
    0x3CC7, 0x3CA0, 0x3CC7, 0x3CA0, 0x3CC7, 0x3CA0, 0x3CC7, 0x3CA0, 0x3CC7, 
    0x3CA0, 0x3CC7, 0x3CA0, 0x3CC7, 0x3CA0, 0x3CC7, 0x3CA0, 0x3CC7, 0x3CA0, 
    0x3CC7, 0x3CA0, 0x3CC7, 0x3CA0, 0x3CC7, 0x3CC7, 0x3CC7, 0x3CA0, 0x3CC7, 
    0x3CA0, 0x3CC7, 0x3CA0, 0x3CC7, 0x3CC7, 0x3CC7, 0x3CA0, 0x3CC7, 0x3CC7, 
    0x3CC7, 0x3CA0, 0x3CC7, 0x3CC7, 0x3CC7, 0x3CA0, 0x3CC7, 0x3CC7, 0x3CC7, 
    0x3CA0, 0x531A, 0x3CC7, 0x3CC7, 0x3CA0, 0x3CC7, 0x3CC7, 0x3CC7, 0x3CA0, 
    0x3CC7, 0x3CC7, 0x3CC7, 0x3CA0, 0x3CC7, 0x3CC7, 0x3CC7, 0x3CA0, 0x3CC7, 
    0x3CC7, 0x3CC7, 0x3CC7, 0x3CC7, 0x3CC7, 0x3CC7, 0x3CA0, 0x3CC7, 0x3CC7, 
    0x3CC7, 0x3CC7, 0x3CC7, 0x3CC7, 0x3CC7, 0x3CC7, 0x3CC7, 0x3CC7, 0x3CC7, 
    0x3CC7, 0x3CC7, 0x3CC7, 0x3CC7, 0x3CC7, 0x3CC7, 0x3CC7, 0x3CC7, 0x3CC7, 
    0x3CC7, 0x3CC7, 0x3CC7, 0x3CC7, 0x3CC7, 0x3CC7, 0x3CC7, 0x3CC7, 0x3CC7, 
    0x3CC7, 0x3CC7, 0x3CC7, 0x3CC7, 0x3CC7, 0x3CC7, 0x3CC7, 0x3CC7, 0x3CC7, 
    0x3CC7, 0x3CC7, 0x531A, 0x3CC7, 0x3CC7, 0x3CC7, 0x3CC7, 0x3CC7, 0x3CC7, 
    0x3CC7, 0x3CC7, 0x3CC7, 0x3CC7, 0x3CC7, 0x3CC7, 0x3CC7, 0x3CC7, 0x3CC7, 
    0x3CC7, 0x3CC7, 0x3CC7, 0x3CC7, 0x3CC7, 0x3CC7, 0x3CC7, 0x3CC7, 0x3CC7, 
    0x3CC7, 0x3CC7, 0x3CC7, 0x3CC7, 0x3CC7, 0x3CC7, 0x3CC7, 0x3CC7, 0x3CC7, 
    0x3CC7, 0x3CC7, 0x3CC7, 0x3CC7, 0x3CC7, 0x3CC7, 0x3CC7, 0x3CC7, 0x3CC7, 
    0x3CC7, 0x3CC7, 0x3CC7, 0x3CC7, 0x3CC7, 0x3CC7, 0x3CC7, 0x3CC7, 0x3CC7, 
    0x3CC7, 0x3CC7, 0x3CC7, 0x3CC7, 0x3CC7, 0x3CC7, 0x3CC7, 0x3CC7, 0x3CC7, 
    0x3CC7, 0x3CC7, 0x3CC7, 0x531A, 0x3CC7, 0x3CC7, 0x3CC7, 0x3CC7, 0x3CC7, 
    0x3CC7, 0x3CC7, 0x3CC7, 0x3CC7, 0x3CC7, 0x3CC7, 0x3CA0, 0x3CA0, 0x3CA0, 
    0x3CA0, 0x3CA0, 0x3CC7, 0x3CA0, 0x3CA0, 0x3CA0, 0x3CC7, 0x3CA0, 0x3CA0, 
    0x3CA0, 0x3CC7, 0x3CA0, 0x3CA0, 0x3CA0, 0x3CC7, 0x3CA0, 0x3CA0, 0x3CA0, 
    0x3CC7, 0x3CA0, 0x3CA0, 0x3CA0, 0x3CC7, 0x3CA0, 0x3CA0, 0x3CA0, 0x3CC7, 
    0x3CA0, 0x3CA0, 0x3CA0, 0x3CC7, 0x3CA0, 0x3CA0, 0x4AB8, 0x3CC7, 0x3CA0, 
    0x3CC7, 0x3CA0, 0x3CC7, 0x3CA0, 0x3CA0, 0x3CA0, 0x3CC7, 0x3CA0, 0x3CC7, 
    0x3CA0, 0x3CC7, 0x3CA0, 0x3CC7, 0x3CA0, 0x4278, 0x3CA0, 0x3CC7, 0x3CA0, 
    0x3CC7, 0x3CA0, 0x3CC7, 0x3CA0, 0x3CC7, 0x3CA0, 0x3CC7, 0x3CA0, 0x3CC7, 
    0x3CA0, 0x3CC7, 0x3CA0, 0x3CC7, 0x3CA0, 0x3CC7, 0x3CA0, 0x3CC7, 0x3CA0, 
    0x3CC7, 0x3CA0, 0x3CC7, 0x3CA0, 0x3CC7, 0x3CA0, 0x3CC7, 0x3CA0, 0x3CC7, 
    0x3CA0, 0x3CC7, 0x3CA0, 0x3CC7, 0x3CA0, 0x3CC7, 0x3CA0, 0x3CC7, 0x3CA0, 
    0x3CC7, 0x3CA0, 0x3CC7, 0x3CA0, 0x3CC7, 0x3CA0, 0x3CC7, 0x4AB8, 0x3CC7, 
    0x3CA0, 0x3CC7, 0x3CA0, 0x3CC7, 0x3CA0, 0x3CC7, 0x3CA0, 0x3CC7, 0x3CA0, 
    0x3CC7, 0x3CA0, 0x3CC7, 0x3CA0, 0x3CC7, 0x3CA0, 0x4278, 0x3CA0, 0x3CC7, 
    0x3CA0, 0x3CC7, 0x3CA0, 0x3CC7, 0x3CA0, 0x3CC7, 0x3CA0, 0x3CC7, 0x3CA0, 
    0x3CC7, 0x3CA0, 0x3CC7, 0x3CA0, 0x3CC7, 0x3CA0, 0x3CC7, 0x3CA0, 0x3CC7, 
    0x3CA0, 0x3CC7, 0x3CA0, 0x3CC7, 0x3CA0, 0x3CC7, 0x3CA0, 0x3CC7, 0x3CA0, 
    0x3CC7, 0x3CA0, 0x3CC7, 0x3CA0, 0x3CC7, 0x3CA0, 0x3CC7, 0x3CA0, 0x3CC7, 
    0x3CA0, 0x3CC7, 0x3CA0, 0x3CC7, 0x3CA0, 0x3CC7, 0x3CA0, 0x3CC7, 0x4AB9, 
    0x3CC7, 0x3CA0, 0x3CC7, 0x3CA0, 0x3CC7, 0x3CA0, 0x3CC7, 0x3CC7, 0x3CC7, 
    0x3CA0, 0x3CC7, 0x3CC7, 0x3CC7, 0x3CA0, 0x3CC7, 0x3CC7, 0x4278, 0x3CA0, 
    0x3CC7, 0x3CC7, 0x3CC7, 0x3CA0, 0x3CC7, 0x3CC7, 0x3CC7, 0x3CA0, 0x3CC7, 
    0x3CC7, 0x3CC7, 0x3CA0, 0x3CC7, 0x3CC7, 0x3CC7, 0x3CA0, 0x3CC7, 0x3CC7, 
    0x3CC7, 0x3CA0, 0x3CC7, 0x3CC7, 0x3CC7, 0x3CC7, 0x3CC7, 0x3CC7, 0x3CC7, 
    0x3CA0, 0x3CC7, 0x3CC7, 0x3CC7, 0x3CC7, 0x3CC7, 0x3CC7, 0x3CC7, 0x3CC7, 
    0x3CC7, 0x3CC7, 0x3CC7, 0x3CC7, 0x3CC7, 0x3CC7, 0x3CC7, 0x3CC7, 0x3CC7, 
    0x4AB9, 0x3CC7, 0x3CC7, 0x3CC7, 0x3CC7, 0x3CC7, 0x3CC7, 0x3CC7, 0x3CC7, 
    0x3CC7, 0x3CC7, 0x3CC7, 0x3CC7, 0x3CA0, 0x3CC7, 0x3CA0, 0x3CC7, 0x3CA0, 
    0x3CC7, 0x3CA0, 0x3CC7, 0x3CA0, 0x3CC7, 0x3CA0, 0x3CC7, 0x3CA0, 0x3CC7, 
    0x3CA0, 0x3CC7, 0x3CA0, 0x3CC7, 0x31B5, 0x31B6, 0x3CA0, 0x3CC7, 0x3CA0, 
    0x3CC7, 0x3CA0, 0x3CC7, 0x3CA0, 0x3CC7, 0x3CA0, 0x3CC7, 0x3CA0, 0x3CC7, 
    0x3CA0, 0x3CC7, 0x3CA0, 0x4278, 0x3CA0, 0x3CC7, 0x3CA0, 0x3CC7, 0x3CA0, 
    0x3CC7, 0x3CA0, 0x3CC7, 0x3CA0, 0x3CC7, 0x3CA0, 0x3CC7, 0x3CA0, 0x3CC7, 
    0x3CA0, 0x3CC7, 0x3CA0, 0x3CC7, 0x3CA0, 0x3CC7, 0x3CA0, 0x3CC7, 0x3CA0, 
    0x3CC7, 0x3CA0, 0x3CC7, 0x3CA0, 0x3CC7, 0x3CA0, 0x3CC7, 0x3CA0, 0x3CC7, 
    0x3CA0, 0x3CC7, 0x3CA0, 0x3CC7, 0x3CA0, 0x3CC7, 0x3CA0, 0x3CC7, 0x3CA0, 
    0x3CC7, 0x3CA0, 0x3CC7, 0x3CA0, 0x3CC7, 0x31B5, 0x31B6, 0x3CA0, 0x3CC7, 
    0x3CA0, 0x3CC7, 0x3CA0, 0x3CC7, 0x3CA0, 0x3CC7, 0x3CA0, 0x3CC7, 0x3CA0, 
    0x3CC7, 0x3CA0, 0x3CC7, 0x3CA0, 0x4278, 0x3CA0, 0x3CC7, 0x3CC7, 0x3CC7, 
    0x3CA0, 0x3CC7, 0x3CA0, 0x3CC7, 0x3CA0, 0x3CC7, 0x3CC7, 0x3CC7, 0x3CA0, 
    0x3CC7, 0x3CC7, 0x3CC7, 0x3CA0, 0x3CC7, 0x3CC7, 0x3CC7, 0x3CA0, 0x3CC7, 
    0x3CC7, 0x3CC7, 0x3CA0, 0x3CC7, 0x3CC7, 0x3CC7, 0x3CA0, 0x3CC7, 0x3CC7, 
    0x3CC7, 0x3CA0, 0x3CC7, 0x3CC7, 0x3CC7, 0x3CA0, 0x3CC7, 0x3CC7, 0x3CC7, 
    0x3CC7, 0x3CC7, 0x3CC7, 0x3CC7, 0x3CA0, 0x3CC7, 0x31B6, 0x31B6, 0x3CC7, 
    0x3CC7, 0x3CC7, 0x3CC7, 0x3CC7, 0x3CC7, 0x3CC7, 0x3CC7, 0x3CC7, 0x3CC7, 
    0x3CC7, 0x3CC7, 0x3CC7, 0x3CC7, 0x3CC7, 0x4278, 0x3CC7, 0x3CC7, 0x3CC7, 
    0x3CC7, 0x3CC7, 0x3CC7, 0x3CC7, 0x3CC7, 0x3CC7, 0x3CC7, 0x3CC7, 0x3CC7, 
    0x3CC7, 0x3CC7, 0x3CC7, 0x3CC7, 0x3CC7, 0x3CC7, 0x3CC7, 0x3CC7, 0x3CC7, 
    0x3CC7, 0x3CC7, 0x3CC7, 0x3CC7, 0x3CC7, 0x3CC7, 0x3CC7, 0x3CC7, 0x3CC7, 
    0x3CC7, 0x3CC7, 0x3CC7, 0x3CC7, 0x3CC7, 0x3CC7, 0x3CC7, 0x3CC7, 0x3CC7, 
    0x3CC7, 0x3CC7, 0x3CC7, 0x3CC7, 0x3CC7, 0x3CC7, 0x3CC7, 0x31B6, 0x31B6, 
    0x3CC7, 0x3CC7, 0x3CC7, 0x3CC7, 0x3CC7, 0x3CC7, 0x3CC7, 0x3CC7, 0x3CC7, 
    0x3CC7, 0x3CC7, 0x3CC7, 0x3CC7, 0x3CC7, 0x3CC7, 0x4278, 0x3CC7, 0x3CC7, 
    0x3CC7, 0x3CC7, 0x3CC7, 0x3CC7, 0x3CC7, 0x3CC7, 0x3CC7, 0x3CC7, 0x3CC7, 
    0x3CA0, 0x3CA0, 0x3CA0, 0x3CA0, 0x3CA0, 0x3CA0, 0x3CA0, 0x3CA0, 0x3CA0, 
    0x3CA0, 0x3CA0, 0x3CA0, 0x3CA0, 0x3CA0, 0x3CA0, 0x3CC7, 0x3CA0, 0x3CA0, 
    0x3CA0, 0x31B5, 0x31B5, 0x3CA0, 0x3CA0, 0x3CC7, 0x3CA0, 0x3CA0, 0x3CA0, 
    0x3CC7, 0x3CA0, 0x3CA0, 0x3CA0, 0x3CC7, 0x3CA0, 0x3CA0, 0x3CA0, 0x3CC7, 
    0x3A16, 0x3CA0, 0x3CA0, 0x3CC7, 0x3CA0, 0x3CA0, 0x3CA0, 0x3CC7, 0x3CA0, 
    0x3CA0, 0x3CA0, 0x3CC7, 0x3CA0, 0x3CA0, 0x3CA0, 0x3CC7, 0x3CA0, 0x3CA0, 
    0x3CA0, 0x3CC7, 0x3CA0, 0x5EAB, 0x5EAB, 0x3CC7, 0x3CA0, 0x3CC7, 0x3CA0, 
    0x3CC7, 0x3CA0, 0x3CC7, 0x3CA0, 0x3CC7, 0x3CA0, 0x3CC7, 0x3CA0, 0x3CC7, 
    0x3CA0, 0x3CC7, 0x3CA0, 0x3CC7, 0x3CA0, 0x3CC7, 0x3CA0, 0x3CC7, 0x3CA0, 
    0x3CC7, 0x3CA0, 0x31B6, 0x31B5, 0x3CC7, 0x3CA0, 0x3CC7, 0x3CA0, 0x3CC7, 
    0x3CA0, 0x3CC7, 0x3CA0, 0x3CC7, 0x3CA0, 0x3CC7, 0x3CA0, 0x3CC7, 0x3CA0, 
    0x3CC7, 0x3A16, 0x3CC7, 0x3CA0, 0x3CC7, 0x3CA0, 0x3CC7, 0x3CA0, 0x3CC7, 
    0x3CA0, 0x3CC7, 0x3CA0, 0x3CC7, 0x3CA0, 0x3CC7, 0x3CA0, 0x3CC7, 0x3CA0, 
    0x3CC7, 0x3CA0, 0x3CC7, 0x3CA0, 0x5ECC, 0x5EAB, 0x3CC7, 0x3CA0, 0x3CC7, 
    0x3CA0, 0x3CC7, 0x3CA0, 0x3CC7, 0x3CA0, 0x3CC7, 0x3CA0, 0x3CC7, 0x3CA0, 
    0x3CC7, 0x3CA0, 0x3CC7, 0x3CA0, 0x3CC7, 0x3CA0, 0x3CC7, 0x3CA0, 0x3CC7, 
    0x3CA0, 0x3CC7, 0x3CA0, 0x31B6, 0x31B5, 0x3CC7, 0x3CA0, 0x3CC7, 0x3CA0, 
    0x3CC7, 0x3CA0, 0x3CC7, 0x3CA0, 0x3CC7, 0x3CA0, 0x3CC7, 0x3CA0, 0x3CC7, 
    0x3CA0, 0x3CC7, 0x3A16, 0x3CC7, 0x3CA0, 0x3CC7, 0x3CA0, 0x3CC7, 0x3CA0, 
    0x3CC7, 0x3CA0, 0x3CC7, 0x3CA0, 0x3CC7, 0x3CA0, 0x3CC7, 0x3CA0, 0x3CC7, 
    0x3CA0, 0x3CC7, 0x3CC7, 0x3CC7, 0x3CA0, 0x5ECC, 0x5EAB, 0x3CC7, 0x3CA0, 
    0x3CC7, 0x3CC7, 0x3CC7, 0x3CA0, 0x3CC7, 0x3CC7, 0x3CC7, 0x3CA0, 0x3CC7, 
    0x3CC7, 0x3CC7, 0x3CA0, 0x3CC7, 0x3CC7, 0x3CC7, 0x3CA0, 0x3CC7, 0x3CC7, 
    0x3CC7, 0x3CA0, 0x3CC7, 0x3CC7, 0x31B6, 0x31B5, 0x3CC7, 0x3CC7, 0x3CC7, 
    0x3CA0, 0x3CC7, 0x3CC7, 0x3CC7, 0x3CA0, 0x3CC7, 0x3CC7, 0x3CC7, 0x3CA0, 
    0x3CC7, 0x3CC7, 0x3CC7, 0x3A17, 0x3CC7, 0x3CC7, 0x3CC7, 0x3CA0, 0x3CC7, 
    0x3CC7, 0x3CC7, 0x3CC7, 0x3CC7, 0x3CC7, 0x3CC7, 
};

